family,sigma,relative,mmd_mean,wasserstein_mean_mean,frobenius_corr_mean,frac_valida_mean,std_ratio_mean_mean,mmd_std,seconds,shrinkage,n_iters,grid_size,noise_dist,df,shrinkage_alpha,shrinkage_target,marginal,rotation,latent_dim,epochs,batch_size,gen_hidden,disc_hidden,learning_rate,d_steps_per_g
noise,0.05,True,0.0,0.0325457540883223,0.3646728229449607,1.0,1.072505761157302,0.0,0.6,,,,,,,,,,,,,,,,
gaussian,,,0.0534418691789527,0.2565296444633675,0.3921546833579927,1.0,1.0600785881223906,0.0016802204266793,0.6,False,,,,,,,,,,,,,,,
rbig,,,0.0010820891123622,0.0719517485300534,0.6511211053147599,1.0,1.0457087843498971,0.000911139718715,1.3,,10.0,200.0,,,,,,,,,,,,,
noise,0.02,True,0.0,0.0321572081403905,0.365592426724397,1.0,1.0713331268976336,0.0,0.5,,,,,,,,,,,,,,,,
gaussian,,,0.051298689443024,0.2565296444633675,0.3921546833579927,1.0,1.0600785881223906,0.004008395733119,0.5,False,,,,,,,,,,,,,,,
rbig,,,0.0006128707716154,0.0464204663407979,0.5488452455331239,1.0,0.9556874577450772,0.0001687899653588,1.7,,15.0,200.0,,,,,,,,,,,,,
noise,0.01,False,0.1185446490031351,0.4484258533407843,0.6095750456775739,1.0,1.5172983389404626,0.0024098376057132,0.5,,,,,,,,,,,,,,,,
gaussian,,,0.0522246283342223,0.2565296444633675,0.3921546833579927,1.0,1.0600785881223906,0.0032399024696831,0.5,False,,,,,,,,,,,,,,,
rbig,,,0.0025898937664455,0.0884907303804837,0.7682837956656338,1.0,1.1345900316950468,0.0014114387157631,0.9,,5.0,600.0,,,,,,,,,,,,,
noise,0.3,False,0.3813234296233065,20.05748955931103,1.3921240331841729,1.0,26.686016520274627,0.0006094388052656,0.6,,,,,,,,,,,,,,,,
gaussian,,,0.0499154497089769,0.2565296444633675,0.3921546833579927,1.0,1.0600785881223906,0.0049476018724264,0.5,False,,,,,,,,,,,,,,,
rbig,,,0.0004313838302862,0.0402814754906693,0.4267452147970503,1.0,0.9803479417358514,0.0005972535606858,4.7,,60.0,100.0,,,,,,,,,,,,,
noise,0.5,True,0.0194089870139511,0.1655105031360488,0.443157532213995,1.0,1.1985912427353451,0.0018717510892276,0.5,,,,,,,,,,,,,,,,
gaussian,,,0.0540911781453207,0.2565296444633675,0.3921546833579927,1.0,1.0600785881223906,0.0004677731776087,0.5,False,,,,,,,,,,,,,,,
rbig,,,0.0001507388670644,0.0324621295747423,0.4297410109625244,1.0,0.973687948880708,0.0002131769501792,2.7,,30.0,600.0,,,,,,,,,,,,,
noise,0.3,False,0.3814810358796175,20.05748955931103,1.3921240331841729,1.0,26.686016520274627,0.0006781668004857,0.6,,,,,,,,,,,,,,,,
gaussian,,,0.0574509358304801,0.2609132249696647,0.3925257868248201,1.0,1.0674438737550966,0.0096654825649422,0.5,True,,,,,,,,,,,,,,,
rbig,,,0.0004321337097111,0.046659130886905,0.5568497511801149,1.0,0.9834153534321484,5.783911862264913e-05,1.6,,15.0,600.0,,,,,,,,,,,,,
noise,0.05,False,0.3722859093405761,3.110154056851544,1.284352345325244,1.0,4.769962407682058,0.0001609922508269,0.5,,,,,,,,,,,,,,,,
gaussian,,,0.0582615748621023,0.2609132249696647,0.3925257868248201,1.0,1.0674438737550966,0.0005502067363997,0.5,True,,,,,,,,,,,,,,,
rbig,,,0.0003203217035649,0.0372474886234923,0.4436543231449845,1.0,0.9508276418454288,0.0004530032975039,2.5,,30.0,100.0,,,,,,,,,,,,,
noise,0.15,True,0.0006253233233822,0.0407215255585134,0.362106111655096,1.0,1.0834808003297498,0.0008843407247954,0.5,,,,,,,,,,,,,,,,
gaussian,,,0.0548134362100541,0.2609132249696647,0.3925257868248201,1.0,1.0674438737550966,0.0040637077072846,0.5,True,,,,,,,,,,,,,,,
rbig,,,0.0018481384206435,0.0678337049209206,0.6228308558774804,1.0,1.0019830869225372,0.000828121477395,1.1,,10.0,100.0,,,,,,,,,,,,,
noise,0.01,False,0.1187814090100904,0.4484258533407843,0.6095750456775739,1.0,1.5172983389404626,0.0102957663414867,0.5,,,,,,,,,,,,,,,,
gaussian,,,0.0565630040505832,0.2609132249696647,0.3925257868248201,1.0,1.0674438737550966,0.0039591058415841,0.5,True,,,,,,,,,,,,,,,
rbig,,,0.001291117633172,0.0778311389749598,0.6664893427687671,1.0,1.1009395530611914,0.000464182725578,1.3,,10.0,600.0,,,,,,,,,,,,,
noise,0.5,True,0.0162877585269171,0.1655105031360488,0.443157532213995,1.0,1.1985912427353451,0.0027777375753032,0.5,,,,,,,,,,,,,,,,
gaussian,,,0.0532396357235694,0.2565296444633675,0.3921546833579927,1.0,1.0600785881223906,0.0083571536051467,0.5,False,,,,,,,,,,,,,,,
rbig,,,0.0021385215860225,0.0834488419596912,0.7687501239222692,1.0,1.0897095200488425,0.0009738735235402,0.8,,5.0,300.0,,,,,,,,,,,,,
noise,0.5,True,0.0176748526330898,0.1655105031360488,0.443157532213995,1.0,1.1985912427353451,0.0011100246570739,0.5,,,,,,,,,,,,,,,,
gaussian,,,0.0535920969014903,0.2565296444633675,0.3921546833579927,1.0,1.0600785881223906,0.0020406515977521,0.5,False,,,,,,,,,,,,,,,
rbig,,,5.224985898477641e-05,0.0414632818657971,0.4441795569275525,1.0,0.944160752703698,7.147092594312093e-05,1.8,,20.0,100.0,,,,,,,,,,,,,
noise,0.2,False,0.3820117749875765,13.27374402748999,1.388323780767402,1.0,17.890424771384172,0.0005690664173456,0.6,,,,,,,,,,,,,,,,
gaussian,,,0.056979436340989,0.2609132249696647,0.3925257868248201,1.0,1.0674438737550966,0.0093835666809765,0.5,True,,,,,,,,,,,,,,,
rbig,,,0.0002033077808416,0.0464204663407979,0.5488452455331239,1.0,0.9556874577450772,4.5669642892479296e-05,1.5,,15.0,200.0,,,,,,,,,,,,,
noise,0.02,True,5.942793161517468e-06,0.0321572081403905,0.365592426724397,1.0,1.0713331268976336,8.404378687396085e-06,0.5,,,,,,,,,,,,,,,,
gaussian,,,0.0564154271881511,0.2565296444633675,0.3921546833579927,1.0,1.0600785881223906,0.0034427935776055,0.5,False,,,,,,,,,,,,,,,
rbig,,,0.0002849873657645,0.0460898887812715,0.5450088960582814,1.0,0.9723276420531112,0.0004030329977692,1.5,,15.0,400.0,,,,,,,,,,,,,
noise,0.01,False,0.1196474207783007,0.4484258533407843,0.6095750456775739,1.0,1.5172983389404626,0.002959583999903,0.5,,,,,,,,,,,,,,,,
gaussian,,,0.0564831935801647,0.2565296444633675,0.3921546833579927,1.0,1.0600785881223906,0.0019028867461421,0.5,False,,,,,,,,,,,,,,,
rbig,,,0.000237023562827,0.0414632818657971,0.4441795569275525,1.0,0.944160752703698,0.0003352019371519,1.7,,20.0,100.0,,,,,,,,,,,,,
noise,0.1,True,0.0001202889145691,0.0349357013820545,0.3631120024491393,1.0,1.0766437825177635,0.0001701142143867,0.5,,,,,,,,,,,,,,,,
gaussian,,,0.0531470668232337,0.2565296444633675,0.3921546833579927,1.0,1.0600785881223906,0.0122218138401072,0.5,False,,,,,,,,,,,,,,,
rbig,,,0.0021884186354994,0.0931113574050988,0.7643451474132419,1.0,1.1787933416981384,0.0008852413262668,0.9,,5.0,1000.0,,,,,,,,,,,,,
noise,0.05,False,0.3707021589642981,3.110154056851544,1.284352345325244,1.0,4.769962407682058,0.0007829521611858,0.5,,,,,,,,,,,,,,,,
gaussian,,,0.0500760503407664,0.2609132249696647,0.3925257868248201,1.0,1.0674438737550966,0.0057254421932931,0.5,True,,,,,,,,,,,,,,,
rbig,,,7.407765871197958e-05,0.042009991706489,0.4467581063256508,1.0,1.003797378700326,7.106188113088645e-05,2.0,,20.0,1000.0,,,,,,,,,,,,,
noise,0.05,True,0.0001605828654686,0.0325457540883223,0.3646728229449607,1.0,1.072505761157302,0.0002270984662305,0.5,,,,,,,,,,,,,,,,
gaussian,,,0.0610689731621213,0.2609132249696647,0.3925257868248201,1.0,1.0674438737550966,0.0065344174066492,0.5,True,,,,,,,,,,,,,,,
rbig,,,0.001381958541073,0.0750742896030214,0.6566586164068196,1.0,1.0758504538373657,0.0011281999106622,1.1,,10.0,400.0,,,,,,,,,,,,,
noise,0.05,True,0.0,0.0325457540883223,0.3646728229449607,1.0,1.072505761157302,0.0,0.5,,,,,,,,,,,,,,,,
gaussian,,,0.0576638051099561,0.2565296444633675,0.3921546833579927,1.0,1.0600785881223906,0.0026336426023228,0.5,False,,,,,,,,,,,,,,,
rbig,,,0.0002770634901768,0.0414632818657971,0.4441795569275525,1.0,0.944160752703698,2.0818379022338423e-05,1.9,,20.0,100.0,,,,,,,,,,,,,
noise,0.05,False,0.3715453975604471,3.110154056851544,1.284352345325244,1.0,4.769962407682058,0.0001214256104493,0.5,,,,,,,,,,,,,,,,
gaussian,,,0.0513639770411913,0.2609132249696647,0.3925257868248201,1.0,1.0674438737550966,0.0020194421937931,0.5,True,,,,,,,,,,,,,,,
rbig,,,0.0022909242811958,0.0813768626105222,0.7663528899851924,1.0,1.0656752817272048,0.0011625656159009,0.8,,5.0,200.0,,,,,,,,,,,,,
noise,0.15,True,0.0001937941314815,0.0407215255585134,0.362106111655096,1.0,1.0834808003297498,0.0002740662890494,0.5,,,,,,,,,,,,,,,,
gaussian,,,0.0578976559237972,0.2609132249696647,0.3925257868248201,1.0,1.0674438737550966,0.0058438200017624,0.5,True,,,,,,,,,,,,,,,
rbig,,,0.0018230911812226,0.0847443792354674,0.7665643100000914,1.0,1.1020874416789757,0.0003032255316452,0.9,,5.0,400.0,,,,,,,,,,,,,
noise,0.2,False,0.381002581059934,13.27374402748999,1.388323780767402,1.0,17.890424771384172,0.0003219696871011,0.6,,,,,,,,,,,,,,,,
gaussian,,,0.0557460618582091,0.2609132249696647,0.3925257868248201,1.0,1.0674438737550966,0.0053315571740208,0.5,True,,,,,,,,,,,,,,,
rbig,,,0.0006013466924078,0.0414632818657971,0.4441795569275525,1.0,0.944160752703698,0.0003919352828392,1.8,,20.0,100.0,,,,,,,,,,,,,
noise,0.3,True,0.0031674002413354,0.079012259579527,0.3724492836175664,1.0,1.119485537281879,0.0007418085166226,0.5,,,,,,,,,,,,,,,,
gaussian,,,0.0537746995427588,0.2565296444633675,0.3921546833579927,1.0,1.0600785881223906,0.003646003503196,0.5,False,,,,,,,,,,,,,,,
rbig,,,3.056395564915437e-05,0.0278704027765178,0.4179866568227557,1.0,0.9701299699808345,4.3223960598803886e-05,3.6,,40.0,300.0,,,,,,,,,,,,,
noise,0.01,True,0.0,0.0321135294480094,0.3658764970635951,1.0,1.0711615315172418,0.0,0.5,,,,,,,,,,,,,,,,
gaussian,,,0.0553407283228216,0.2565296444633675,0.3921546833579927,1.0,1.0600785881223906,0.002007881206458,0.5,False,,,,,,,,,,,,,,,
rbig,,,0.0004023147354429,0.0329224257777385,0.4346094423740692,1.0,0.9704830924862772,0.0005689589552059,2.8,,30.0,300.0,,,,,,,,,,,,,
noise,0.3,True,0.0029910814297673,0.079012259579527,0.3724492836175664,1.0,1.119485537281879,0.0002831722849275,0.5,,,,,,,,,,,,,,,,
gaussian,,,0.051952019601705,0.2609132249696647,0.3925257868248201,1.0,1.0674438737550966,0.0047937174226624,0.5,True,,,,,,,,,,,,,,,
rbig,,,0.0009173831689056,0.0470221575952407,0.5616366474623322,1.0,0.9977889696570524,0.000316579869901,1.6,,15.0,1000.0,,,,,,,,,,,,,
noise,0.01,False,0.1157430396718965,0.4484258533407843,0.6095750456775739,1.0,1.5172983389404626,1.2629887786159188e-05,0.5,,,,,,,,,,,,,,,,
gaussian,,,0.0555699267997847,0.2609132249696647,0.3925257868248201,1.0,1.0674438737550966,0.000880159482696,0.5,True,,,,,,,,,,,,,,,
rbig,,,0.0027089447887906,0.0778311389749598,0.6664893427687671,1.0,1.1009395530611914,0.0010441803351023,1.2,,10.0,600.0,,,,,,,,,,,,,
noise,0.02,False,0.2795021595594151,1.0963564357975066,0.9577209176383332,1.0,2.264756446926662,0.0023391235159566,0.5,,,,,,,,,,,,,,,,
gaussian,,,0.0579290378008945,0.2565296444633675,0.3921546833579927,1.0,1.0600785881223906,0.0021909304540731,0.5,False,,,,,,,,,,,,,,,
rbig,,,0.0004988435588006,0.0460898887812715,0.5450088960582814,1.0,0.9723276420531112,3.278512417833662e-05,1.5,,15.0,400.0,,,,,,,,,,,,,
noise,0.2,False,0.3812494193951961,13.27374402748999,1.388323780767402,1.0,17.890424771384172,0.0006379291653783,0.5,,,,,,,,,,,,,,,,
gaussian,,,0.0522163766512094,0.2609132249696647,0.3925257868248201,1.0,1.0674438737550966,0.0046939649269907,0.5,True,,,,,,,,,,,,,,,
rbig,,,0.0034752622326904,0.0834488419596912,0.7687501239222692,1.0,1.0897095200488425,0.0011015741442272,0.8,,5.0,300.0,,,,,,,,,,,,,
noise,0.02,False,0.2749877646232046,1.0963564357975066,0.9577209176383332,1.0,2.264756446926662,0.003324619429637,0.5,,,,,,,,,,,,,,,,
gaussian,,,0.0551512850451033,0.2609132249696647,0.3925257868248201,1.0,1.0674438737550966,0.0050605182950641,0.5,True,,,,,,,,,,,,,,,
rbig,,,0.0012582381959221,0.0678337049209206,0.6228308558774804,1.0,1.0019830869225372,5.602915328578e-05,1.1,,10.0,100.0,,,,,,,,,,,,,
noise,0.05,True,0.0,0.0325457540883223,0.3646728229449607,1.0,1.072505761157302,0.0,0.5,,,,,,,,,,,,,,,,
gaussian,,,0.0559764022832932,0.2609132249696647,0.3925257868248201,1.0,1.0674438737550966,0.0033726539849552,0.5,True,,,,,,,,,,,,,,,
rbig,,,0.0,0.0293163019456506,0.3993780131702692,1.0,0.9843104824729954,0.0,5.2,,60.0,600.0,,,,,,,,,,,,,
noise,0.3,False,0.3824429486023393,20.05748955931103,1.3921240331841729,1.0,26.686016520274627,0.0006236632775136,0.6,,,,,,,,,,,,,,,,
gaussian,,,0.0587502616003421,0.2609132249696647,0.3925257868248201,1.0,1.0674438737550966,0.0005187330402592,0.5,True,,,,,,,,,,,,,,,
rbig,,,0.0,0.0278704027765178,0.4179866568227557,1.0,0.9701299699808345,0.0,3.2,,40.0,300.0,,,,,,,,,,,,,
noise,0.5,True,0.0165596575389737,0.1655105031360488,0.443157532213995,1.0,1.1985912427353451,0.0002399377598385,0.5,,,,,,,,,,,,,,,,
gaussian,,,0.0555041845557688,0.2609132249696647,0.3925257868248201,1.0,1.0674438737550966,0.0050169652570246,0.5,True,,,,,,,,,,,,,,,
rbig,,,0.0015569057677187,0.0816138255010448,0.6684929865372866,1.0,1.134063498987134,0.0004341206346133,1.2,,10.0,1000.0,,,,,,,,,,,,,
noise,0.3,True,0.0032223235547291,0.079012259579527,0.3724492836175664,1.0,1.119485537281879,0.0015527029978539,0.5,,,,,,,,,,,,,,,,
gaussian,,,0.0478201764969937,0.2565296444633675,0.3921546833579927,1.0,1.0600785881223906,0.0042872036668488,0.5,False,,,,,,,,,,,,,,,
rbig,,,5.941108120077754e-06,0.0406654656272526,0.4364318333695737,1.0,0.9811741604102572,8.401995678938881e-06,2.0,,20.0,400.0,,,,,,,,,,,,,
noise,0.5,True,0.0197461359907773,0.1655105031360488,0.443157532213995,1.0,1.1985912427353451,0.0020411854100593,0.5,,,,,,,,,,,,,,,,
gaussian,,,0.0566644355051348,0.2609132249696647,0.3925257868248201,1.0,1.0674438737550966,0.0018723050620346,0.5,True,,,,,,,,,,,,,,,
rbig,,,0.0009110220376003,0.0414632818657971,0.4441795569275525,1.0,0.944160752703698,0.0005225386570518,1.7,,20.0,100.0,,,,,,,,,,,,,
noise,0.05,False,0.3696686472765667,3.110154056851544,1.284352345325244,1.0,4.769962407682058,0.0005099554323644,0.5,,,,,,,,,,,,,,,,
gaussian,,,0.0542379073697798,0.2565296444633675,0.3921546833579927,1.0,1.0600785881223906,0.0071415446739553,0.5,False,,,,,,,,,,,,,,,
rbig,,,0.0029735393699896,0.0931113574050988,0.7643451474132419,1.0,1.1787933416981384,0.0001267263970996,0.9,,5.0,1000.0,,,,,,,,,,,,,
noise,0.05,True,9.765574774817098e-05,0.0325457540883223,0.3646728229449607,1.0,1.072505761157302,0.0001228984183475,0.5,,,,,,,,,,,,,,,,
gaussian,,,0.0532120072591541,0.2565296444633675,0.3921546833579927,1.0,1.0600785881223906,0.0065605938197405,0.5,False,,,,,,,,,,,,,,,
rbig,,,0.0015504156881339,0.0750742896030214,0.6566586164068196,1.0,1.0758504538373657,0.0005940967157974,1.2,,10.0,400.0,,,,,,,,,,,,,
noise,0.05,False,0.3693980868392704,3.110154056851544,1.284352345325244,1.0,4.769962407682058,0.0012735452728049,0.5,,,,,,,,,,,,,,,,
gaussian,,,0.0521260146913509,0.2565296444633675,0.3921546833579927,1.0,1.0600785881223906,2.0291042069022724e-05,0.5,False,,,,,,,,,,,,,,,
rbig,,,0.0007202700340517,0.0460694300375232,0.5523298672312899,1.0,0.9692255303590108,0.0004801052839495,1.4,,15.0,300.0,,,,,,,,,,,,,
noise,0.1,True,8.023754150304763e-05,0.0349357013820545,0.3631120024491393,1.0,1.0766437825177635,0.000113473019405,0.5,,,,,,,,,,,,,,,,
gaussian,,,0.0548236888949968,0.2609132249696647,0.3925257868248201,1.0,1.0674438737550966,0.0041162520960732,0.5,True,,,,,,,,,,,,,,,
rbig,,,0.0001889546454047,0.0470221575952407,0.5616366474623322,1.0,0.9977889696570524,0.0002672222222047,1.6,,15.0,1000.0,,,,,,,,,,,,,
noise,0.02,False,0.2708657470816666,1.0963564357975066,0.9577209176383332,1.0,2.264756446926662,0.0032376716411962,0.5,,,,,,,,,,,,,,,,
gaussian,,,0.0587420385739116,0.2609132249696647,0.3925257868248201,1.0,1.0674438737550966,0.0005207223587866,0.5,True,,,,,,,,,,,,,,,
rbig,,,0.0,0.0403364234172881,0.4474848767407611,1.0,0.9784612489029832,0.0,1.8,,20.0,300.0,,,,,,,,,,,,,
noise,0.3,False,0.3819545453838182,20.05748955931103,1.3921240331841729,1.0,26.686016520274627,0.0011429716733692,0.7,,,,,,,,,,,,,,,,
gaussian,,,0.0521080798377666,0.2565296444633675,0.3921546833579927,1.0,1.0600785881223906,0.0028730288161581,0.5,False,,,,,,,,,,,,,,,
rbig,,,0.0008643447485819,0.0460694300375232,0.5523298672312899,1.0,0.9692255303590108,0.0006719546430123,1.4,,15.0,300.0,,,,,,,,,,,,,
noise,0.02,True,0.0,0.0321572081403905,0.365592426724397,1.0,1.0713331268976336,0.0,0.4,,,,,,,,,,,,,,,,
gaussian,,,0.0588657561155647,0.2565296444633675,0.3921546833579927,1.0,1.0600785881223906,0.0033033462434088,0.5,False,,,,,,,,,,,,,,,
rbig,,,0.0019162111469862,0.0884907303804837,0.7682837956656338,1.0,1.1345900316950468,0.0006512896709229,0.8,,5.0,600.0,,,,,,,,,,,,,
noise,0.02,True,0.0,0.0321572081403905,0.365592426724397,1.0,1.0713331268976336,0.0,0.5,,,,,,,,,,,,,,,,
gaussian,,,0.0510602461705363,0.2609132249696647,0.3925257868248201,1.0,1.0674438737550966,0.0011412919974044,0.5,True,,,,,,,,,,,,,,,
rbig,,,5.415689273785551e-05,0.0372474886234923,0.4436543231449845,1.0,0.9508276418454288,4.1834582025432894e-05,2.3,,30.0,100.0,,,,,,,,,,,,,
noise,0.5,False,0.3815632242290416,33.627189289343654,1.3938906523648549,1.0,44.28903861426737,0.0005305099491979,0.5,,,,,,,,,,,,,,,,
gaussian,,,0.0543296969375064,0.2565296444633675,0.3921546833579927,1.0,1.0600785881223906,0.0009954513492213,0.4,False,,,,,,,,,,,,,,,
rbig,,,0.0,0.0285034867670559,0.4077853128586006,1.0,0.9621573001415138,0.0,3.1,,40.0,200.0,,,,,,,,,,,,,
noise,0.15,True,0.0003909900500441,0.0407215255585134,0.362106111655096,1.0,1.0834808003297498,0.0001085363502694,0.5,,,,,,,,,,,,,,,,
gaussian,,,0.0573115494822306,0.2565296444633675,0.3921546833579927,1.0,1.0600785881223906,0.0038790056907133,0.5,False,,,,,,,,,,,,,,,
rbig,,,4.638336942164312e-05,0.042009991706489,0.4467581063256508,1.0,1.003797378700326,4.650512955872104e-05,1.9,,20.0,1000.0,,,,,,,,,,,,,
noise,0.1,True,0.000270606735267,0.0349357013820545,0.3631120024491393,1.0,1.0766437825177635,0.0003369644907941,0.5,,,,,,,,,,,,,,,,
gaussian,,,0.0517867345194368,0.2609132249696647,0.3925257868248201,1.0,1.0674438737550966,0.0089738605923438,0.5,True,,,,,,,,,,,,,,,
rbig,,,0.0003891102845546,0.0414632818657971,0.4441795569275525,1.0,0.944160752703698,8.561699109590532e-05,1.8,,20.0,100.0,,,,,,,,,,,,,
noise,0.1,True,0.0,0.0349357013820545,0.3631120024491393,1.0,1.0766437825177635,0.0,0.5,,,,,,,,,,,,,,,,
gaussian,,,0.056736325574822,0.2565296444633675,0.3921546833579927,1.0,1.0600785881223906,0.002828584386466,0.5,False,,,,,,,,,,,,,,,
rbig,,,0.0014175655222886,0.0737238768337592,0.658254222878542,1.0,1.06557701278834,0.0009714171087023,1.1,,10.0,300.0,,,,,,,,,,,,,
noise,0.01,False,0.1178835545909579,0.4484258533407843,0.6095750456775739,1.0,1.5172983389404626,0.0064813740886504,0.5,,,,,,,,,,,,,,,,
gaussian,,,0.055549033817229,0.2565296444633675,0.3921546833579927,1.0,1.0600785881223906,0.0011847080420536,0.5,False,,,,,,,,,,,,,,,
rbig,,,0.0002197933019374,0.0404814840970488,0.444468010441248,1.0,0.9665647292080564,0.0002992739881885,1.9,,20.0,200.0,,,,,,,,,,,,,
noise,0.5,True,0.0194036993815214,0.1655105031360488,0.443157532213995,1.0,1.1985912427353451,0.0008656293556406,0.5,,,,,,,,,,,,,,,,
gaussian,,,0.0559761853887548,0.2565296444633675,0.3921546833579927,1.0,1.0600785881223906,0.0058974704355297,0.5,False,,,,,,,,,,,,,,,
rbig,,,0.0022372744485123,0.0847443792354674,0.7665643100000914,1.0,1.1020874416789757,0.0008830593180822,0.8,,5.0,400.0,,,,,,,,,,,,,
noise,0.15,False,0.381773487898389,9.882906175987614,1.3828271170881945,1.0,13.497666290995518,0.0007705303280305,0.5,,,,,,,,,,,,,,,,
gaussian,,,0.0575099003860609,0.2609132249696647,0.3925257868248201,1.0,1.0674438737550966,0.0027435235294844,0.5,True,,,,,,,,,,,,,,,
rbig,,,0.0006648402976308,0.0477688427531301,0.530828837472121,1.0,0.9311858158673172,0.0005772947989481,1.5,,15.0,100.0,,,,,,,,,,,,,
noise,0.5,True,0.0184679845745409,0.1655105031360488,0.443157532213995,1.0,1.1985912427353451,0.0037864555015181,0.5,,,,,,,,,,,,,,,,
gaussian,,,0.0522680710800232,0.2565296444633675,0.3921546833579927,1.0,1.0600785881223906,0.0051236755278352,0.5,False,,,,,,,,,,,,,,,
rbig,,,0.0001824691720218,0.0414632818657971,0.4441795569275525,1.0,0.944160752703698,0.0002580503777882,1.7,,20.0,100.0,,,,,,,,,,,,,
noise,0.02,False,0.2804310916122053,1.0963564357975066,0.9577209176383332,1.0,2.264756446926662,0.0050762989672525,0.5,,,,,,,,,,,,,,,,
gaussian,,,0.0559639995327418,0.2565296444633675,0.3921546833579927,1.0,1.0600785881223906,0.0022908254310507,0.5,False,,,,,,,,,,,,,,,
rbig,,,0.0001175275489964,0.0460694300375232,0.5523298672312899,1.0,0.9692255303590108,0.0001319450161772,1.5,,15.0,300.0,,,,,,,,,,,,,
noise,0.1,False,0.3800155633945745,6.493875718842222,1.3665055418234258,1.0,9.114941138008074,0.0004084384147814,0.5,,,,,,,,,,,,,,,,
gaussian,,,0.0537265885207081,0.2565296444633675,0.3921546833579927,1.0,1.0600785881223906,0.0007745939396714,0.5,False,,,,,,,,,,,,,,,
rbig,,,0.0,0.0293163019456506,0.3993780131702692,1.0,0.9843104824729954,0.0,4.6,,60.0,600.0,,,,,,,,,,,,,
noise,0.5,False,0.381743194988384,33.627189289343654,1.3938906523648549,1.0,44.28903861426737,0.000696850493469,0.6,,,,,,,,,,,,,,,,
gaussian,,,0.0583238550886392,0.2565296444633675,0.3921546833579927,1.0,1.0600785881223906,0.0024557375769038,0.5,False,,,,,,,,,,,,,,,
rbig,,,3.97883552497591e-05,0.031251145200739,0.4236145733875691,1.0,0.9870655343311798,5.6269231618728055e-05,4.6,,60.0,200.0,,,,,,,,,,,,,
noise,0.15,True,0.0004360521130433,0.0407215255585134,0.362106111655096,1.0,1.0834808003297498,0.0006166708121673,0.5,,,,,,,,,,,,,,,,
gaussian,,,0.0570015337736142,0.2565296444633675,0.3921546833579927,1.0,1.0600785881223906,0.0060987179740484,0.5,False,,,,,,,,,,,,,,,
rbig,,,0.0020839275779303,0.077194388681554,0.7567071099771858,1.0,1.0123780323071752,0.0009192945302784,0.8,,5.0,100.0,,,,,,,,,,,,,
noise,0.01,False,0.1174482943252825,0.4484258533407843,0.6095750456775739,1.0,1.5172983389404626,0.008195006353168,0.5,,,,,,,,,,,,,,,,
gaussian,,,0.0570532961260447,0.2565296444633675,0.3921546833579927,1.0,1.0600785881223906,0.0002061727204873,0.5,False,,,,,,,,,,,,,,,
rbig,,,0.0009459393814059,0.0719517485300534,0.6511211053147599,1.0,1.0457087843498971,0.0004171510033187,1.1,,10.0,200.0,,,,,,,,,,,,,
noise,0.2,True,0.000404163488606,0.0504026814725282,0.3626115278384734,1.0,1.0929581647777846,5.679927220696232e-05,0.5,,,,,,,,,,,,,,,,
gaussian,,,0.0558236326403196,0.2609132249696647,0.3925257868248201,1.0,1.0674438737550966,0.0006753977640877,0.5,True,,,,,,,,,,,,,,,
rbig,,,0.0003261187891696,0.0414632818657971,0.4441795569275525,1.0,0.944160752703698,0.0001355685204945,1.8,,20.0,100.0,,,,,,,,,,,,,
noise,0.5,False,0.3813501352264639,33.627189289343654,1.3938906523648549,1.0,44.28903861426737,0.0007235828587397,0.5,,,,,,,,,,,,,,,,
gaussian,,,0.0579230825289198,0.2565296444633675,0.3921546833579927,1.0,1.0600785881223906,0.0003177672965859,0.5,False,,,,,,,,,,,,,,,
rbig,,,8.260337343418689e-05,0.0281238435859907,0.4240868134690091,1.0,0.9722244110406276,0.0001168188110083,3.2,,40.0,600.0,,,,,,,,,,,,,
noise,0.3,False,0.3822145161822318,20.05748955931103,1.3921240331841729,1.0,26.686016520274627,0.0011361712967806,0.6,,,,,,,,,,,,,,,,
gaussian,,,0.0540393410528477,0.2565296444633675,0.3921546833579927,1.0,1.0600785881223906,0.0026629736213381,0.5,False,,,,,,,,,,,,,,,
rbig,,,0.0002044285111677,0.0406654656272526,0.4364318333695737,1.0,0.9811741604102572,0.0002891055730291,1.8,,20.0,400.0,,,,,,,,,,,,,
noise,0.01,False,0.1159020159425323,0.4484258533407843,0.6095750456775739,1.0,1.5172983389404626,0.0072224012369349,0.5,,,,,,,,,,,,,,,,
gaussian,,,0.0554834467235725,0.2609132249696647,0.3925257868248201,1.0,1.0674438737550966,0.0030309025643515,0.5,True,,,,,,,,,,,,,,,
rbig,,,0.0021412521035127,0.0931113574050988,0.7643451474132419,1.0,1.1787933416981384,0.0005237555937499,0.8,,5.0,1000.0,,,,,,,,,,,,,
noise,0.02,True,0.0,0.0321572081403905,0.365592426724397,1.0,1.0713331268976336,0.0,0.5,,,,,,,,,,,,,,,,
gaussian,,,0.0568094195909087,0.2609132249696647,0.3925257868248201,1.0,1.0674438737550966,0.0051140094666431,0.5,True,,,,,,,,,,,,,,,
rbig,,,2.615697989744037e-05,0.0404814840970488,0.444468010441248,1.0,0.9665647292080564,3.699155572168058e-05,1.8,,20.0,200.0,,,,,,,,,,,,,
noise,0.05,False,0.3722804033905909,3.110154056851544,1.284352345325244,1.0,4.769962407682058,0.0002024281976119,0.5,,,,,,,,,,,,,,,,
gaussian,,,0.0576917011270372,0.2565296444633675,0.3921546833579927,1.0,1.0600785881223906,0.0015803519525109,0.5,False,,,,,,,,,,,,,,,
rbig,,,0.0014566929040171,0.0719517485300534,0.6511211053147599,1.0,1.0457087843498971,0.001148671968345,1.2,,10.0,200.0,,,,,,,,,,,,,
noise,0.5,False,0.3819172630564811,33.627189289343654,1.3938906523648549,1.0,44.28903861426737,0.0005739299738715,0.6,,,,,,,,,,,,,,,,
gaussian,,,0.0551555088751557,0.2609132249696647,0.3925257868248201,1.0,1.0674438737550966,0.0012727811344806,0.5,True,,,,,,,,,,,,,,,
rbig,,,0.0002983174721583,0.0414632818657971,0.4441795569275525,1.0,0.944160752703698,0.000316898869864,1.7,,20.0,100.0,,,,,,,,,,,,,
noise,0.2,False,0.3828850790386433,13.27374402748999,1.388323780767402,1.0,17.890424771384172,1.6604647693109458e-05,0.5,,,,,,,,,,,,,,,,
gaussian,,,0.053481803586116,0.2565296444633675,0.3921546833579927,1.0,1.0600785881223906,3.870694405062584e-05,0.5,False,,,,,,,,,,,,,,,
rbig,,,2.570009218139102e-05,0.032592923276104,0.4225422617720487,1.0,0.9792166402055124,3.634541891716192e-05,2.7,,30.0,1000.0,,,,,,,,,,,,,
noise,0.5,False,0.3825089394952637,33.627189289343654,1.3938906523648549,1.0,44.28903861426737,0.0009858077822016,0.5,,,,,,,,,,,,,,,,
gaussian,,,0.0574362930048461,0.2609132249696647,0.3925257868248201,1.0,1.0674438737550966,0.0045933482611388,0.5,True,,,,,,,,,,,,,,,
rbig,,,0.0010929691708274,0.0816138255010448,0.6684929865372866,1.0,1.134063498987134,0.0001671741627508,1.1,,10.0,1000.0,,,,,,,,,,,,,
noise,0.3,True,0.0035609707045535,0.079012259579527,0.3724492836175664,1.0,1.119485537281879,0.0015399951685049,0.4,,,,,,,,,,,,,,,,
gaussian,,,0.0536397473438054,0.2609132249696647,0.3925257868248201,1.0,1.0674438737550966,0.0014495711080384,0.5,True,,,,,,,,,,,,,,,
rbig,,,0.0024535015333093,0.0834488419596912,0.7687501239222692,1.0,1.0897095200488425,0.0011333746395363,0.8,,5.0,300.0,,,,,,,,,,,,,
noise,0.5,False,0.3812453773095955,33.627189289343654,1.3938906523648549,1.0,44.28903861426737,0.0004437191101149,0.6,,,,,,,,,,,,,,,,
gaussian,,,0.0568840592708126,0.2609132249696647,0.3925257868248201,1.0,1.0674438737550966,0.0158808529898038,0.5,True,,,,,,,,,,,,,,,
rbig,,,0.0001680812165851,0.0406654656272526,0.4364318333695737,1.0,0.9811741604102572,0.0001022898911351,1.9,,20.0,400.0,,,,,,,,,,,,,
noise,0.5,False,0.3818633067244533,33.627189289343654,1.3938906523648549,1.0,44.28903861426737,0.0006312503546325,0.6,,,,,,,,,,,,,,,,
gaussian,,,0.0553240625068781,0.2609132249696647,0.3925257868248201,1.0,1.0674438737550966,0.008230294331697,0.5,True,,,,,,,,,,,,,,,
rbig,,,0.000254361480586,0.0477688427531301,0.530828837472121,1.0,0.9311858158673172,0.0001554530899635,1.5,,15.0,100.0,,,,,,,,,,,,,
noise,0.1,True,0.0003390091178351,0.0349357013820545,0.3631120024491393,1.0,1.0766437825177635,1.1306287674212398e-05,0.5,,,,,,,,,,,,,,,,
gaussian,,,0.0583163326201952,0.2609132249696647,0.3925257868248201,1.0,1.0674438737550966,0.0064959097226946,0.5,True,,,,,,,,,,,,,,,
rbig,,,0.001631688725727,0.0737238768337592,0.658254222878542,1.0,1.06557701278834,0.0005283791169809,1.1,,10.0,300.0,,,,,,,,,,,,,
noise,0.05,True,0.0003425248279175,0.0325457540883223,0.3646728229449607,1.0,1.072505761157302,0.0004844032570904,0.5,,,,,,,,,,,,,,,,
gaussian,,,0.0533832252510664,0.2565296444633675,0.3921546833579927,1.0,1.0600785881223906,0.0006496524033049,0.5,False,,,,,,,,,,,,,,,
rbig,,,4.22194038829371e-06,0.0404814840970488,0.444468010441248,1.0,0.9665647292080564,5.970725356655696e-06,1.9,,20.0,200.0,,,,,,,,,,,,,
noise,0.3,False,0.3823619068070945,20.05748955931103,1.3921240331841729,1.0,26.686016520274627,0.0006149567637891,0.6,,,,,,,,,,,,,,,,
gaussian,,,0.0577756446085982,0.2565296444633675,0.3921546833579927,1.0,1.0600785881223906,0.0014267983012032,0.6,False,,,,,,,,,,,,,,,
rbig,,,0.0022080247903327,0.0813768626105222,0.7663528899851924,1.0,1.0656752817272048,0.0014692520152614,0.8,,5.0,200.0,,,,,,,,,,,,,
noise,0.05,True,0.0,0.0325457540883223,0.3646728229449607,1.0,1.072505761157302,0.0,0.5,,,,,,,,,,,,,,,,
gaussian,,,0.0539896985975739,0.2609132249696647,0.3925257868248201,1.0,1.0674438737550966,0.0075322404590718,0.5,True,,,,,,,,,,,,,,,
rbig,,,8.278794884053475e-05,0.0403364234172881,0.4474848767407611,1.0,0.9784612489029832,0.0001170798400513,1.8,,20.0,300.0,,,,,,,,,,,,,
noise,0.01,True,0.0,0.0321135294480094,0.3658764970635951,1.0,1.0711615315172418,0.0,0.5,,,,,,,,,,,,,,,,
gaussian,,,0.0615429848869317,0.2565296444633675,0.3921546833579927,1.0,1.0600785881223906,0.0010900816422232,0.5,False,,,,,,,,,,,,,,,
rbig,,,0.0003842037503436,0.0477688427531301,0.530828837472121,1.0,0.9311858158673172,0.000133403457065,1.4,,15.0,100.0,,,,,,,,,,,,,
noise,0.5,False,0.3816158253182853,33.627189289343654,1.3938906523648549,1.0,44.28903861426737,0.0011418049429441,0.5,,,,,,,,,,,,,,,,
gaussian,,,0.0550184817090537,0.2609132249696647,0.3925257868248201,1.0,1.0674438737550966,0.0001209347081569,0.5,True,,,,,,,,,,,,,,,
rbig,,,0.000953726222852,0.0750742896030214,0.6566586164068196,1.0,1.0758504538373657,0.0002635501754299,1.2,,10.0,400.0,,,,,,,,,,,,,
noise,0.01,False,0.1217964709984762,0.4484258533407843,0.6095750456775739,1.0,1.5172983389404626,0.0032635366476438,0.5,,,,,,,,,,,,,,,,
gaussian,,,0.0539479292500372,0.2565296444633675,0.3921546833579927,1.0,1.0600785881223906,0.0017394976111413,0.5,False,,,,,,,,,,,,,,,
rbig,,,0.0004966971128355,0.0413443862337212,0.4460084443327075,1.0,0.9918545779590796,0.0004013492975752,1.9,,20.0,600.0,,,,,,,,,,,,,
noise,0.01,True,0.0,0.0321135294480094,0.3658764970635951,1.0,1.0711615315172418,0.0,0.5,,,,,,,,,,,,,,,,
gaussian,,,0.0537409053484488,0.2565296444633675,0.3921546833579927,1.0,1.0600785881223906,0.0082903397681041,0.5,False,,,,,,,,,,,,,,,
rbig,,,0.0,0.0275399170089544,0.4067301470328018,1.0,0.967361260661787,0.0,3.2,,40.0,400.0,,,,,,,,,,,,,
noise,0.5,True,0.0184756112866252,0.1655105031360488,0.443157532213995,1.0,1.1985912427353451,0.000733633675126,0.5,,,,,,,,,,,,,,,,
gaussian,,,0.0575056719968158,0.2609132249696647,0.3925257868248201,1.0,1.0674438737550966,0.0061403422693105,0.5,True,,,,,,,,,,,,,,,
rbig,,,0.0,0.0278704027765178,0.4179866568227557,1.0,0.9701299699808345,0.0,3.2,,40.0,300.0,,,,,,,,,,,,,
noise,0.15,False,0.3822232011273755,9.882906175987614,1.3828271170881945,1.0,13.497666290995518,0.0010210159558578,0.5,,,,,,,,,,,,,,,,
gaussian,,,0.0564066168940407,0.2609132249696647,0.3925257868248201,1.0,1.0674438737550966,0.0070935426402409,0.5,True,,,,,,,,,,,,,,,
rbig,,,0.0003013300784057,0.046659130886905,0.5568497511801149,1.0,0.9834153534321484,0.0002453052954218,1.5,,15.0,600.0,,,,,,,,,,,,,
noise,0.01,True,5.4223969836342256e-05,0.0321135294480094,0.3658764970635951,1.0,1.0711615315172418,7.668427354826484e-05,0.5,,,,,,,,,,,,,,,,
gaussian,,,0.0578999492411279,0.2609132249696647,0.3925257868248201,1.0,1.0674438737550966,0.0014995033198279,0.5,True,,,,,,,,,,,,,,,
rbig,,,0.0002697652976256,0.0281238435859907,0.4240868134690091,1.0,0.9722244110406276,0.0003815057425597,3.3,,40.0,600.0,,,,,,,,,,,,,
noise,0.05,False,0.3722588542614038,3.110154056851544,1.284352345325244,1.0,4.769962407682058,0.0008767364311063,0.4,,,,,,,,,,,,,,,,
gaussian,,,0.0542999172560548,0.2565296444633675,0.3921546833579927,1.0,1.0600785881223906,0.0025106419049324,0.5,False,,,,,,,,,,,,,,,
rbig,,,0.0015600810192605,0.0834488419596912,0.7687501239222692,1.0,1.0897095200488425,0.0006024611347509,0.8,,5.0,300.0,,,,,,,,,,,,,
noise,0.15,True,6.737993745997706e-05,0.0407215255585134,0.362106111655096,1.0,1.0834808003297498,9.528962138775051e-05,0.5,,,,,,,,,,,,,,,,
gaussian,,,0.0551277447033621,0.2609132249696647,0.3925257868248201,1.0,1.0674438737550966,0.0022685974382229,0.5,True,,,,,,,,,,,,,,,
rbig,,,0.0003603954850686,0.0281238435859907,0.4240868134690091,1.0,0.9722244110406276,0.0001932165118978,3.3,,40.0,600.0,,,,,,,,,,,,,
noise,0.3,True,0.0032749738696538,0.079012259579527,0.3724492836175664,1.0,1.119485537281879,0.0006444580169674,0.5,,,,,,,,,,,,,,,,
gaussian,,,0.0581559494274828,0.2565296444633675,0.3921546833579927,1.0,1.0600785881223906,0.0088973737763151,0.5,False,,,,,,,,,,,,,,,
rbig,,,0.0004642945408052,0.0292501602978943,0.3861770318752823,1.0,0.9840017460268224,0.0006566116365425,4.7,,60.0,400.0,,,,,,,,,,,,,
noise,0.2,True,0.0004982680658484,0.0504026814725282,0.3626115278384734,1.0,1.0929581647777846,0.0001345508482473,0.4,,,,,,,,,,,,,,,,
gaussian,,,0.0586492327569284,0.2565296444633675,0.3921546833579927,1.0,1.0600785881223906,0.0089698141984458,0.5,False,,,,,,,,,,,,,,,
rbig,,,0.0011838140197514,0.0464204663407979,0.5488452455331239,1.0,0.9556874577450772,9.934183956072146e-05,1.4,,15.0,200.0,,,,,,,,,,,,,
noise,0.5,True,0.0181065667097741,0.1655105031360488,0.443157532213995,1.0,1.1985912427353451,0.0019938378600006,0.5,,,,,,,,,,,,,,,,
gaussian,,,0.055617448777595,0.2565296444633675,0.3921546833579927,1.0,1.0600785881223906,0.0031506914477994,0.5,False,,,,,,,,,,,,,,,
rbig,,,0.0003450797311471,0.046659130886905,0.5568497511801149,1.0,0.9834153534321484,0.0004289821052477,1.6,,15.0,600.0,,,,,,,,,,,,,
noise,0.1,True,0.0001072099491649,0.0349357013820545,0.3631120024491393,1.0,1.0766437825177635,0.0001516177641303,0.5,,,,,,,,,,,,,,,,
gaussian,,,0.0529321819431016,0.2565296444633675,0.3921546833579927,1.0,1.0600785881223906,0.0082967773411388,0.5,False,,,,,,,,,,,,,,,
rbig,,,0.0001898544684571,0.0404814840970488,0.444468010441248,1.0,0.9665647292080564,7.40904498892791e-05,1.8,,20.0,200.0,,,,,,,,,,,,,
noise,0.02,True,0.0,0.0321572081403905,0.365592426724397,1.0,1.0713331268976336,0.0,0.5,,,,,,,,,,,,,,,,
gaussian,,,0.0568132131571337,0.2565296444633675,0.3921546833579927,1.0,1.0600785881223906,0.006434651351144,0.5,False,,,,,,,,,,,,,,,
rbig,,,0.002000213339787,0.0884907303804837,0.7682837956656338,1.0,1.1345900316950468,0.000864846601098,0.9,,5.0,600.0,,,,,,,,,,,,,
noise,0.3,False,0.3817299521188517,20.05748955931103,1.3921240331841729,1.0,26.686016520274627,0.001078422743985,0.6,,,,,,,,,,,,,,,,
gaussian,,,0.0491458545675425,0.2565296444633675,0.3921546833579927,1.0,1.0600785881223906,0.0055490533262018,0.5,False,,,,,,,,,,,,,,,
rbig,,,0.0002815446895038,0.0285335895893716,0.4247119569419115,1.0,0.9772592315812214,0.000338730927326,3.4,,40.0,1000.0,,,,,,,,,,,,,
noise,0.3,True,0.0032246890658404,0.079012259579527,0.3724492836175664,1.0,1.119485537281879,0.0013125661589005,0.5,,,,,,,,,,,,,,,,
gaussian,,,0.0596395022184044,0.2565296444633675,0.3921546833579927,1.0,1.0600785881223906,0.0009221475472986,0.5,False,,,,,,,,,,,,,,,
rbig,,,0.0,0.0293163019456506,0.3993780131702692,1.0,0.9843104824729954,0.0,4.7,,60.0,600.0,,,,,,,,,,,,,
noise,0.1,False,0.3808982515136544,6.493875718842222,1.3665055418234258,1.0,9.114941138008074,0.0008583151112049,0.5,,,,,,,,,,,,,,,,
gaussian,,,0.0527200856295207,0.2565296444633675,0.3921546833579927,1.0,1.0600785881223906,0.0049699172657072,0.5,False,,,,,,,,,,,,,,,
rbig,,,0.0025664378143414,0.0847443792354674,0.7665643100000914,1.0,1.1020874416789757,0.0019707385267769,0.8,,5.0,400.0,,,,,,,,,,,,,
noise,0.3,True,0.0025128485100436,0.079012259579527,0.3724492836175664,1.0,1.119485537281879,9.420393684654504e-05,0.5,,,,,,,,,,,,,,,,
gaussian,,,0.0569502064932178,0.2609132249696647,0.3925257868248201,1.0,1.0674438737550966,0.005521689372576,0.5,True,,,,,,,,,,,,,,,
rbig,,,0.0,0.0324326841317518,0.4164846354411324,1.0,0.969657727011261,0.0,2.6,,30.0,400.0,,,,,,,,,,,,,
noise,0.05,False,0.3708027278696386,3.110154056851544,1.284352345325244,1.0,4.769962407682058,0.0006995152100786,0.5,,,,,,,,,,,,,,,,
gaussian,,,0.0572729834004812,0.2609132249696647,0.3925257868248201,1.0,1.0674438737550966,0.0006012927605447,0.5,True,,,,,,,,,,,,,,,
rbig,,,0.0015959063225504,0.0750742896030214,0.6566586164068196,1.0,1.0758504538373657,0.0001284502259626,1.1,,10.0,400.0,,,,,,,,,,,,,
noise,0.3,False,0.3821914616799305,20.05748955931103,1.3921240331841729,1.0,26.686016520274627,5.551939893651712e-05,0.6,,,,,,,,,,,,,,,,
gaussian,,,0.0583756566878205,0.2609132249696647,0.3925257868248201,1.0,1.0674438737550966,0.0053279941858817,0.5,True,,,,,,,,,,,,,,,
rbig,,,0.0009151183006951,0.0778311389749598,0.6664893427687671,1.0,1.1009395530611914,4.182472037259517e-05,1.2,,10.0,600.0,,,,,,,,,,,,,
noise,0.2,False,0.381775163116111,13.27374402748999,1.388323780767402,1.0,17.890424771384172,0.0005607459127856,0.6,,,,,,,,,,,,,,,,
gaussian,,,0.0542738491286123,0.2565296444633675,0.3921546833579927,1.0,1.0600785881223906,0.0028946821531013,0.6,False,,,,,,,,,,,,,,,
rbig,,,0.0,0.0293163019456506,0.3993780131702692,1.0,0.9843104824729954,0.0,4.8,,60.0,600.0,,,,,,,,,,,,,
noise,0.1,False,0.3809023017056983,6.493875718842222,1.3665055418234258,1.0,9.114941138008074,0.0013048692170979,0.5,,,,,,,,,,,,,,,,
gaussian,,,0.0524270523887099,0.2609132249696647,0.3925257868248201,1.0,1.0674438737550966,0.0007628621265663,0.5,True,,,,,,,,,,,,,,,
rbig,,,0.0020431184663501,0.077194388681554,0.7567071099771858,1.0,1.0123780323071752,0.0010630992177855,0.8,,5.0,100.0,,,,,,,,,,,,,
noise,0.1,False,0.3804809762936788,6.493875718842222,1.3665055418234258,1.0,9.114941138008074,0.0019339259306177,0.5,,,,,,,,,,,,,,,,
gaussian,,,0.0511933494680307,0.2565296444633675,0.3921546833579927,1.0,1.0600785881223906,0.000371369352763,0.5,False,,,,,,,,,,,,,,,
rbig,,,0.0014874133505315,0.0737238768337592,0.658254222878542,1.0,1.06557701278834,0.0005154496226965,1.1,,10.0,300.0,,,,,,,,,,,,,
noise,0.02,False,0.2802980480587982,1.0963564357975066,0.9577209176383332,1.0,2.264756446926662,0.0003012289780776,0.5,,,,,,,,,,,,,,,,
gaussian,,,0.0608418321793474,0.2565296444633675,0.3921546833579927,1.0,1.0600785881223906,0.0024233073910033,0.5,False,,,,,,,,,,,,,,,
rbig,,,0.0003578476604129,0.0414632818657971,0.4441795569275525,1.0,0.944160752703698,0.0004748298540644,1.8,,20.0,100.0,,,,,,,,,,,,,
noise,0.2,False,0.3821859968651069,13.27374402748999,1.388323780767402,1.0,17.890424771384172,0.0007548633195352,0.5,,,,,,,,,,,,,,,,
gaussian,,,0.056282976855622,0.2609132249696647,0.3925257868248201,1.0,1.0674438737550966,0.0023441070488996,0.5,True,,,,,,,,,,,,,,,
rbig,,,2.396734350651464e-05,0.0275399170089544,0.4067301470328018,1.0,0.967361260661787,3.3894942240967736e-05,3.4,,40.0,400.0,,,,,,,,,,,,,
noise,0.01,False,0.1169396431010305,0.4484258533407843,0.6095750456775739,1.0,1.5172983389404626,0.0044578403313574,0.5,,,,,,,,,,,,,,,,
gaussian,,,0.0616589515934989,0.2609132249696647,0.3925257868248201,1.0,1.0674438737550966,0.0056415951807877,0.5,True,,,,,,,,,,,,,,,
rbig,,,0.002189808538271,0.0834488419596912,0.7687501239222692,1.0,1.0897095200488425,0.0011311881321426,0.8,,5.0,300.0,,,,,,,,,,,,,
noise,0.15,True,0.000510632357315,0.0407215255585134,0.362106111655096,1.0,1.0834808003297498,0.0005986709049963,0.5,,,,,,,,,,,,,,,,
gaussian,,,0.0504519123415854,0.2565296444633675,0.3921546833579927,1.0,1.0600785881223906,0.0035407039031255,0.5,False,,,,,,,,,,,,,,,
rbig,,,0.0020932522049498,0.0813768626105222,0.7663528899851924,1.0,1.0656752817272048,0.0003307077010995,0.8,,5.0,200.0,,,,,,,,,,,,,
noise,0.01,False,0.1175598235618796,0.4484258533407843,0.6095750456775739,1.0,1.5172983389404626,0.0017955453456478,0.5,,,,,,,,,,,,,,,,
gaussian,,,0.0538424295524938,0.2565296444633675,0.3921546833579927,1.0,1.0600785881223906,0.0037092725632806,0.5,False,,,,,,,,,,,,,,,
rbig,,,4.42890153290465e-06,0.030222330789693,0.4083544105863225,1.0,0.9891373163272812,6.263412614248747e-06,4.8,,60.0,300.0,,,,,,,,,,,,,
noise,0.3,True,0.0028400192832888,0.079012259579527,0.3724492836175664,1.0,1.119485537281879,0.0001852545851725,0.5,,,,,,,,,,,,,,,,
gaussian,,,0.0520299613716204,0.2565296444633675,0.3921546833579927,1.0,1.0600785881223906,0.0034320860907984,0.5,False,,,,,,,,,,,,,,,
rbig,,,0.0006394831107697,0.0464204663407979,0.5488452455331239,1.0,0.9556874577450772,0.0002365476154757,1.6,,15.0,200.0,,,,,,,,,,,,,
noise,0.02,True,8.769993977419954e-06,0.0321572081403905,0.365592426724397,1.0,1.0713331268976336,1.2402644424797664e-05,0.5,,,,,,,,,,,,,,,,
gaussian,,,0.0541234258570106,0.2565296444633675,0.3921546833579927,1.0,1.0600785881223906,0.0095885988252199,0.5,False,,,,,,,,,,,,,,,
rbig,,,0.0003277602204156,0.0324621295747423,0.4297410109625244,1.0,0.973687948880708,0.0004361473841595,2.5,,30.0,600.0,,,,,,,,,,,,,
noise,0.3,False,0.3820671155772407,20.05748955931103,1.3921240331841729,1.0,26.686016520274627,0.0002659870018155,0.6,,,,,,,,,,,,,,,,
gaussian,,,0.0543484436926235,0.2609132249696647,0.3925257868248201,1.0,1.0674438737550966,0.0076737166701646,0.5,True,,,,,,,,,,,,,,,
rbig,,,0.0007058074758893,0.0402814754906693,0.4267452147970503,1.0,0.9803479417358514,0.0003537627504864,4.3,,60.0,100.0,,,,,,,,,,,,,
noise,0.5,False,0.3815993160579262,33.627189289343654,1.3938906523648549,1.0,44.28903861426737,0.000705605779633,0.5,,,,,,,,,,,,,,,,
gaussian,,,0.0546861958020276,0.2609132249696647,0.3925257868248201,1.0,1.0674438737550966,0.0047177876280512,0.5,True,,,,,,,,,,,,,,,
rbig,,,0.0004065493653155,0.030222330789693,0.4083544105863225,1.0,0.9891373163272812,0.0002164005330305,4.5,,60.0,300.0,,,,,,,,,,,,,
noise,0.5,True,0.017781411816355,0.1655105031360488,0.443157532213995,1.0,1.1985912427353451,0.0014639032035669,0.4,,,,,,,,,,,,,,,,
gaussian,,,0.0605557807476133,0.2609132249696647,0.3925257868248201,1.0,1.0674438737550966,0.0034499450101074,0.5,True,,,,,,,,,,,,,,,
rbig,,,0.0018980721121495,0.077194388681554,0.7567071099771858,1.0,1.0123780323071752,0.0005610186632476,0.8,,5.0,100.0,,,,,,,,,,,,,
noise,0.02,True,0.0001499391018799,0.0321572081403905,0.365592426724397,1.0,1.0713331268976336,0.0002120459114086,0.5,,,,,,,,,,,,,,,,
gaussian,,,0.0599559632691583,0.2609132249696647,0.3925257868248201,1.0,1.0674438737550966,0.0012143245568742,0.4,True,,,,,,,,,,,,,,,
rbig,,,2.029874617842653e-05,0.0414632818657971,0.4441795569275525,1.0,0.944160752703698,2.870676214469983e-05,1.7,,20.0,100.0,,,,,,,,,,,,,
noise,0.1,True,0.0001223124541796,0.0349357013820545,0.3631120024491393,1.0,1.0766437825177635,6.324648566444331e-05,0.5,,,,,,,,,,,,,,,,
gaussian,,,0.0518135422589582,0.2609132249696647,0.3925257868248201,1.0,1.0674438737550966,0.0046839370344517,0.5,True,,,,,,,,,,,,,,,
rbig,,,0.0003380726654771,0.046659130886905,0.5568497511801149,1.0,0.9834153534321484,0.0001086459339124,1.6,,15.0,600.0,,,,,,,,,,,,,
noise,0.5,True,0.0171737849744113,0.1655105031360488,0.443157532213995,1.0,1.1985912427353451,0.0002325120643428,0.5,,,,,,,,,,,,,,,,
gaussian,,,0.0578471224589116,0.2565296444633675,0.3921546833579927,1.0,1.0600785881223906,0.0002051294572099,0.5,False,,,,,,,,,,,,,,,
rbig,,,9.989030676443857e-05,0.0464204663407979,0.5488452455331239,1.0,0.9556874577450772,0.0001412662265758,1.4,,15.0,200.0,,,,,,,,,,,,,
noise,0.01,True,0.0001407374376999,0.0321135294480094,0.3658764970635951,1.0,1.0711615315172418,0.0001990327931288,0.5,,,,,,,,,,,,,,,,
gaussian,,,0.0536101347982672,0.2565296444633675,0.3921546833579927,1.0,1.0600785881223906,0.004090434564374,0.5,False,,,,,,,,,,,,,,,
rbig,,,6.518208294392647e-05,0.0292501602978943,0.3861770318752823,1.0,0.9840017460268224,9.21813857230288e-05,4.6,,60.0,400.0,,,,,,,,,,,,,
noise,0.2,False,0.3808255578583013,13.27374402748999,1.388323780767402,1.0,17.890424771384172,0.0014097539600774,0.6,,,,,,,,,,,,,,,,
gaussian,,,0.0545488482086944,0.2565296444633675,0.3921546833579927,1.0,1.0600785881223906,0.0019056247774273,0.5,False,,,,,,,,,,,,,,,
rbig,,,0.0002803903545529,0.0402814754906693,0.4267452147970503,1.0,0.9803479417358514,0.0001905489983625,4.3,,60.0,100.0,,,,,,,,,,,,,
noise,0.02,False,0.2814069334613976,1.0963564357975066,0.9577209176383332,1.0,2.264756446926662,0.0020985312766435,0.5,,,,,,,,,,,,,,,,
gaussian,,,0.0549237113551698,0.2609132249696647,0.3925257868248201,1.0,1.0674438737550966,0.0059622775212404,0.5,True,,,,,,,,,,,,,,,
rbig,,,0.0,0.0324621295747423,0.4297410109625244,1.0,0.973687948880708,0.0,2.6,,30.0,600.0,,,,,,,,,,,,,
noise,0.5,False,0.3816019648745785,33.627189289343654,1.3938906523648549,1.0,44.28903861426737,0.0006290896746023,0.5,,,,,,,,,,,,,,,,
gaussian,,,0.0563009989757792,0.2565296444633675,0.3921546833579927,1.0,1.0600785881223906,5.349473144317959e-05,0.5,False,,,,,,,,,,,,,,,
rbig,,,0.0001823448294555,0.042009991706489,0.4467581063256508,1.0,1.003797378700326,0.0001776588177857,1.9,,20.0,1000.0,,,,,,,,,,,,,
noise,0.2,True,0.0006889494298992,0.0504026814725282,0.3626115278384734,1.0,1.0929581647777846,0.0001335934043582,0.5,,,,,,,,,,,,,,,,
gaussian,,,0.0524996171734301,0.2609132249696647,0.3925257868248201,1.0,1.0674438737550966,0.0091467207858096,0.5,True,,,,,,,,,,,,,,,
rbig,,,0.0003149351742511,0.0372474886234923,0.4436543231449845,1.0,0.9508276418454288,0.0004453855946942,2.4,,30.0,100.0,,,,,,,,,,,,,
noise,0.05,False,0.3704382628871193,3.110154056851544,1.284352345325244,1.0,4.769962407682058,0.0001519584055196,0.5,,,,,,,,,,,,,,,,
gaussian,,,0.0586810872907946,0.2609132249696647,0.3925257868248201,1.0,1.0674438737550966,0.0018426392708804,0.5,True,,,,,,,,,,,,,,,
rbig,,,0.0009066889738124,0.0477688427531301,0.530828837472121,1.0,0.9311858158673172,0.0003859082295056,1.4,,15.0,100.0,,,,,,,,,,,,,
noise,0.1,False,0.3799834382737892,6.493875718842222,1.3665055418234258,1.0,9.114941138008074,0.0007003263991151,0.5,,,,,,,,,,,,,,,,
gaussian,,,0.0588073553248751,0.2609132249696647,0.3925257868248201,1.0,1.0674438737550966,0.0002621194561023,0.6,True,,,,,,,,,,,,,,,
rbig,,,0.0015916130423403,0.0470221575952407,0.5616366474623322,1.0,0.9977889696570524,0.0012528729161467,1.6,,15.0,1000.0,,,,,,,,,,,,,
noise,0.3,False,0.3829625603740086,20.05748955931103,1.3921240331841729,1.0,26.686016520274627,0.0009580996505473,0.6,,,,,,,,,,,,,,,,
gaussian,,,0.0547483101518253,0.2609132249696647,0.3925257868248201,1.0,1.0674438737550966,0.0003850518864951,0.5,True,,,,,,,,,,,,,,,
rbig,,,0.0013864548750508,0.0778311389749598,0.6664893427687671,1.0,1.1009395530611914,0.0008456676976677,1.2,,10.0,600.0,,,,,,,,,,,,,
noise,0.2,False,0.3816126272463589,13.27374402748999,1.388323780767402,1.0,17.890424771384172,0.0010350434322568,0.6,,,,,,,,,,,,,,,,
gaussian,,,0.0536010032406821,0.2565296444633675,0.3921546833579927,1.0,1.0600785881223906,0.0019972611847577,0.5,False,,,,,,,,,,,,,,,
rbig,,,3.31984470799962e-05,0.0403364234172881,0.4474848767407611,1.0,0.9784612489029832,4.6949694110256096e-05,1.8,,20.0,300.0,,,,,,,,,,,,,
noise,0.2,True,0.0004111222458557,0.0504026814725282,0.3626115278384734,1.0,1.0929581647777846,0.0005814146558825,0.5,,,,,,,,,,,,,,,,
gaussian,,,0.0533313370568182,0.2609132249696647,0.3925257868248201,1.0,1.0674438737550966,0.0032086245957975,0.5,True,,,,,,,,,,,,,,,
rbig,,,0.0,0.0285335895893716,0.4247119569419115,1.0,0.9772592315812214,0.0,3.5,,40.0,1000.0,,,,,,,,,,,,,
noise,0.01,True,1.4666433061083506e-05,0.0321135294480094,0.3658764970635951,1.0,1.0711615315172418,2.074146854662144e-05,0.4,,,,,,,,,,,,,,,,
gaussian,,,0.0601104857585167,0.2609132249696647,0.3925257868248201,1.0,1.0674438737550966,0.0019822308914833,0.5,True,,,,,,,,,,,,,,,
rbig,,,0.0002224156496846,0.0404814840970488,0.444468010441248,1.0,0.9665647292080564,0.000314543228268,1.8,,20.0,200.0,,,,,,,,,,,,,
noise,0.1,False,0.380035137237724,6.493875718842222,1.3665055418234258,1.0,9.114941138008074,0.0003409069328748,0.6,,,,,,,,,,,,,,,,
gaussian,,,0.0581886320864692,0.2565296444633675,0.3921546833579927,1.0,1.0600785881223906,0.0005416825611632,0.5,False,,,,,,,,,,,,,,,
rbig,,,0.0022140319857843,0.0931113574050988,0.7643451474132419,1.0,1.1787933416981384,0.0011308763272944,0.8,,5.0,1000.0,,,,,,,,,,,,,
noise,0.05,False,0.371018845567749,3.110154056851544,1.284352345325244,1.0,4.769962407682058,0.0002935858682333,0.5,,,,,,,,,,,,,,,,
gaussian,,,0.0560196857376892,0.2565296444633675,0.3921546833579927,1.0,1.0600785881223906,0.0071408213982243,0.5,False,,,,,,,,,,,,,,,
rbig,,,0.0022402005712971,0.077194388681554,0.7567071099771858,1.0,1.0123780323071752,0.0014002527007805,0.8,,5.0,100.0,,,,,,,,,,,,,
noise,0.5,False,0.3822945293865518,33.627189289343654,1.3938906523648549,1.0,44.28903861426737,0.0003226111302041,0.6,,,,,,,,,,,,,,,,
gaussian,,,0.0560362934572393,0.2565296444633675,0.3921546833579927,1.0,1.0600785881223906,0.009276218804534,0.6,False,,,,,,,,,,,,,,,
rbig,,,0.0007010897694743,0.0414632818657971,0.4441795569275525,1.0,0.944160752703698,0.0006963008731254,1.9,,20.0,100.0,,,,,,,,,,,,,
noise,0.3,True,0.0035481497792811,0.079012259579527,0.3724492836175664,1.0,1.119485537281879,0.0016773772424896,0.5,,,,,,,,,,,,,,,,
gaussian,,,0.0601178354551456,0.2609132249696647,0.3925257868248201,1.0,1.0674438737550966,0.0015318969935375,0.5,True,,,,,,,,,,,,,,,
rbig,,,0.0001396651103457,0.0333095592687994,0.4340226689566104,1.0,0.962557772152942,0.0001975162932412,2.3,,30.0,200.0,,,,,,,,,,,,,
noise,0.15,True,8.688117825944586e-05,0.0407215255585134,0.362106111655096,1.0,1.0834808003297498,0.0001228685406094,0.5,,,,,,,,,,,,,,,,
gaussian,,,0.0581206671153679,0.2565296444633675,0.3921546833579927,1.0,1.0600785881223906,0.0014516038810854,0.5,False,,,,,,,,,,,,,,,
rbig,,,0.0002348911023376,0.0402814754906693,0.4267452147970503,1.0,0.9803479417358514,4.912716324908005e-05,4.2,,60.0,100.0,,,,,,,,,,,,,
noise,0.01,True,0.0001130624110982,0.0321135294480094,0.3658764970635951,1.0,1.0711615315172418,6.669186501474111e-05,0.5,,,,,,,,,,,,,,,,
gaussian,,,0.0558251693767255,0.2565296444633675,0.3921546833579927,1.0,1.0600785881223906,0.0013867546240417,0.5,False,,,,,,,,,,,,,,,
rbig,,,0.0014254697403044,0.0778311389749598,0.6664893427687671,1.0,1.1009395530611914,0.0015471130048276,1.3,,10.0,600.0,,,,,,,,,,,,,
noise,0.01,True,0.0001699858977241,0.0321135294480094,0.3658764970635951,1.0,1.0711615315172418,6.624830675775816e-05,0.6,,,,,,,,,,,,,,,,
gaussian,,,0.0506555986976449,0.2609132249696647,0.3925257868248201,1.0,1.0674438737550966,0.0014023277893168,0.5,True,,,,,,,,,,,,,,,
rbig,,,0.0012353347914955,0.0778311389749598,0.6664893427687671,1.0,1.1009395530611914,0.0006915486922518,1.2,,10.0,600.0,,,,,,,,,,,,,
noise,0.05,False,0.3710176373743153,3.110154056851544,1.284352345325244,1.0,4.769962407682058,0.0014896518904859,0.5,,,,,,,,,,,,,,,,
gaussian,,,0.0538605881813137,0.2609132249696647,0.3925257868248201,1.0,1.0674438737550966,0.0036464136603356,0.5,True,,,,,,,,,,,,,,,
rbig,,,0.0001500319682377,0.0333095592687994,0.4340226689566104,1.0,0.962557772152942,0.0001239611433704,2.5,,30.0,200.0,,,,,,,,,,,,,
noise,0.15,False,0.3812085274728033,9.882906175987614,1.3828271170881945,1.0,13.497666290995518,0.0006029073329192,0.5,,,,,,,,,,,,,,,,
gaussian,,,0.0525723221342177,0.2565296444633675,0.3921546833579927,1.0,1.0600785881223906,0.0055921969043795,0.5,False,,,,,,,,,,,,,,,
rbig,,,0.0002926224666123,0.0403364234172881,0.4474848767407611,1.0,0.9784612489029832,0.0004138306609382,1.9,,20.0,300.0,,,,,,,,,,,,,
noise,0.1,True,2.792250220762238e-05,0.0349357013820545,0.3631120024491393,1.0,1.0766437825177635,1.9000502834044216e-05,0.5,,,,,,,,,,,,,,,,
gaussian,,,0.0572121698084509,0.2565296444633675,0.3921546833579927,1.0,1.0600785881223906,0.0039616844477562,0.5,False,,,,,,,,,,,,,,,
rbig,,,0.0003786746816604,0.0460898887812715,0.5450088960582814,1.0,0.9723276420531112,6.501423715507223e-05,1.7,,15.0,400.0,,,,,,,,,,,,,
noise,0.1,False,0.3810352196752711,6.493875718842222,1.3665055418234258,1.0,9.114941138008074,0.0012057653607491,0.5,,,,,,,,,,,,,,,,
gaussian,,,0.0557121603598125,0.2565296444633675,0.3921546833579927,1.0,1.0600785881223906,0.0029777901655526,0.5,False,,,,,,,,,,,,,,,
rbig,,,0.0,0.0278704027765178,0.4179866568227557,1.0,0.9701299699808345,0.0,3.6,,40.0,300.0,,,,,,,,,,,,,
noise,0.05,True,0.0001372494904736,0.0325457540883223,0.3646728229449607,1.0,1.072505761157302,6.977833557217096e-05,0.5,,,,,,,,,,,,,,,,
gaussian,,,0.0519075766012592,0.2565296444633675,0.3921546833579927,1.0,1.0600785881223906,0.0074662604660611,0.5,False,,,,,,,,,,,,,,,
rbig,,,0.0013667895777116,0.0719517485300534,0.6511211053147599,1.0,1.0457087843498971,0.0004755283731366,1.1,,10.0,200.0,,,,,,,,,,,,,
noise,0.15,False,0.3816774200607639,9.882906175987614,1.3828271170881945,1.0,13.497666290995518,0.0016649222903164,0.5,,,,,,,,,,,,,,,,
gaussian,,,0.054072728873739,0.2609132249696647,0.3925257868248201,1.0,1.0674438737550966,0.0061679104499484,0.5,True,,,,,,,,,,,,,,,
rbig,,,0.000248968578306,0.0402814754906693,0.4267452147970503,1.0,0.9803479417358514,0.000129901362493,4.3,,60.0,100.0,,,,,,,,,,,,,
noise,0.02,True,0.0,0.0321572081403905,0.365592426724397,1.0,1.0713331268976336,0.0,0.5,,,,,,,,,,,,,,,,
gaussian,,,0.0537280399730533,0.2565296444633675,0.3921546833579927,1.0,1.0600785881223906,0.0002106164017371,0.5,False,,,,,,,,,,,,,,,
rbig,,,0.0002325064638555,0.0341860543414085,0.39887066931281,1.0,0.9549032470522262,9.89524022766436e-05,3.1,,40.0,100.0,,,,,,,,,,,,,
noise,0.3,True,0.0027743456662034,0.079012259579527,0.3724492836175664,1.0,1.119485537281879,0.0008449699739748,0.5,,,,,,,,,,,,,,,,
gaussian,,,0.056977929074428,0.2565296444633675,0.3921546833579927,1.0,1.0600785881223906,0.0018291237265037,0.5,False,,,,,,,,,,,,,,,
rbig,,,0.0019785544014565,0.0834488419596912,0.7687501239222692,1.0,1.0897095200488425,0.0002107576749167,0.8,,5.0,300.0,,,,,,,,,,,,,
noise,0.15,False,0.3822335482472295,9.882906175987614,1.3828271170881945,1.0,13.497666290995518,7.904610515243277e-05,0.5,,,,,,,,,,,,,,,,
gaussian,,,0.0593750076677313,0.2609132249696647,0.3925257868248201,1.0,1.0674438737550966,0.0038625640075159,0.5,True,,,,,,,,,,,,,,,
rbig,,,0.0032248798772149,0.077194388681554,0.7567071099771858,1.0,1.0123780323071752,0.0014646791775515,0.8,,5.0,100.0,,,,,,,,,,,,,
noise,0.02,False,0.2785525835152135,1.0963564357975066,0.9577209176383332,1.0,2.264756446926662,0.0094145170829187,0.5,,,,,,,,,,,,,,,,
gaussian,,,0.0573273032363205,0.2609132249696647,0.3925257868248201,1.0,1.0674438737550966,0.0026404941817721,0.5,True,,,,,,,,,,,,,,,
rbig,,,0.0003343959279331,0.0403364234172881,0.4474848767407611,1.0,0.9784612489029832,1.978182170235645e-05,1.9,,20.0,300.0,,,,,,,,,,,,,
noise,0.3,True,0.0037927000019374,0.079012259579527,0.3724492836175664,1.0,1.119485537281879,0.0008933618654075,0.5,,,,,,,,,,,,,,,,
gaussian,,,0.053530530581712,0.2565296444633675,0.3921546833579927,1.0,1.0600785881223906,0.0018046226014555,0.5,False,,,,,,,,,,,,,,,
rbig,,,0.0022320635127919,0.0931113574050988,0.7643451474132419,1.0,1.1787933416981384,0.0001264914124888,0.9,,5.0,1000.0,,,,,,,,,,,,,
noise,0.1,True,5.433227417012132e-05,0.0349357013820545,0.3631120024491393,1.0,1.0766437825177635,7.683743900595897e-05,0.5,,,,,,,,,,,,,,,,
gaussian,,,0.0581632057955777,0.2609132249696647,0.3925257868248201,1.0,1.0674438737550966,0.0031527606431687,0.5,True,,,,,,,,,,,,,,,
rbig,,,0.0,0.0329224257777385,0.4346094423740692,1.0,0.9704830924862772,0.0,2.5,,30.0,300.0,,,,,,,,,,,,,
noise,0.01,True,0.0003203199955495,0.0321135294480094,0.3658764970635951,1.0,1.0711615315172418,0.0002181458227453,0.5,,,,,,,,,,,,,,,,
gaussian,,,0.0551241164647584,0.2565296444633675,0.3921546833579927,1.0,1.0600785881223906,0.0003872711961096,0.5,False,,,,,,,,,,,,,,,
rbig,,,0.0014552218001017,0.0678337049209206,0.6228308558774804,1.0,1.0019830869225372,0.0001412478171606,1.2,,10.0,100.0,,,,,,,,,,,,,
noise,0.01,True,0.0,0.0321135294480094,0.3658764970635951,1.0,1.0711615315172418,0.0,0.5,,,,,,,,,,,,,,,,
gaussian,,,0.0548148400901328,0.2565296444633675,0.3921546833579927,1.0,1.0600785881223906,0.0097300658429873,0.5,False,,,,,,,,,,,,,,,
rbig,,,0.0004594328848908,0.0324621295747423,0.4297410109625244,1.0,0.973687948880708,0.0003693824694907,2.6,,30.0,600.0,,,,,,,,,,,,,
noise,0.02,True,0.0,0.0321572081403905,0.365592426724397,1.0,1.0713331268976336,0.0,0.5,,,,,,,,,,,,,,,,
gaussian,,,0.0589503953441669,0.2565296444633675,0.3921546833579927,1.0,1.0600785881223906,0.0069458704330761,0.5,False,,,,,,,,,,,,,,,
rbig,,,0.0013871939164639,0.0778311389749598,0.6664893427687671,1.0,1.1009395530611914,0.000559079062597,1.2,,10.0,600.0,,,,,,,,,,,,,
noise,0.3,False,0.3827442816761225,20.05748955931103,1.3921240331841729,1.0,26.686016520274627,0.0002585459036383,0.6,,,,,,,,,,,,,,,,
gaussian,,,0.056995579803673,0.2565296444633675,0.3921546833579927,1.0,1.0600785881223906,0.0013772152425874,0.5,False,,,,,,,,,,,,,,,
rbig,,,0.0001646125692479,0.0275399170089544,0.4067301470328018,1.0,0.967361260661787,0.0002327973279675,3.3,,40.0,400.0,,,,,,,,,,,,,
noise,0.2,False,0.3825773425025297,13.27374402748999,1.388323780767402,1.0,17.890424771384172,0.0003215261512849,0.5,,,,,,,,,,,,,,,,
gaussian,,,0.0529506580177835,0.2565296444633675,0.3921546833579927,1.0,1.0600785881223906,0.001084760751732,0.5,False,,,,,,,,,,,,,,,
rbig,,,0.0005211410525981,0.0402814754906693,0.4267452147970503,1.0,0.9803479417358514,0.0001639204936908,4.2,,60.0,100.0,,,,,,,,,,,,,
noise,0.3,True,0.0045175028241177,0.079012259579527,0.3724492836175664,1.0,1.119485537281879,0.0010307156156556,0.5,,,,,,,,,,,,,,,,
gaussian,,,0.060016337199892,0.2565296444633675,0.3921546833579927,1.0,1.0600785881223906,0.0009810394676414,0.5,False,,,,,,,,,,,,,,,
rbig,,,0.0009321957656673,0.0737238768337592,0.658254222878542,1.0,1.06557701278834,0.0001163688181886,1.1,,10.0,300.0,,,,,,,,,,,,,
noise,0.15,False,0.3814809151378665,9.882906175987614,1.3828271170881945,1.0,13.497666290995518,0.0007749707565799,0.6,,,,,,,,,,,,,,,,
gaussian,,,0.0614698130138817,0.2565296444633675,0.3921546833579927,1.0,1.0600785881223906,0.0009081166997612,0.5,False,,,,,,,,,,,,,,,
rbig,,,0.0003059231783419,0.0324326841317518,0.4164846354411324,1.0,0.969657727011261,0.0004326407078555,2.6,,30.0,400.0,,,,,,,,,,,,,
noise,0.2,True,0.0010369937972926,0.0504026814725282,0.3626115278384734,1.0,1.0929581647777846,0.0004434242172038,0.5,,,,,,,,,,,,,,,,
gaussian,,,0.0562316905697923,0.2565296444633675,0.3921546833579927,1.0,1.0600785881223906,0.0051753445633265,0.5,False,,,,,,,,,,,,,,,
rbig,,,0.0024652868162701,0.0678337049209206,0.6228308558774804,1.0,1.0019830869225372,0.0013867063063464,1.1,,10.0,100.0,,,,,,,,,,,,,
noise,0.5,True,0.0191872962439159,0.1655105031360488,0.443157532213995,1.0,1.1985912427353451,0.001888229408816,0.5,,,,,,,,,,,,,,,,
gaussian,,,0.0584630684483531,0.2609132249696647,0.3925257868248201,1.0,1.0674438737550966,0.0029609125929131,0.5,True,,,,,,,,,,,,,,,
rbig,,,0.0008591852875076,0.0816138255010448,0.6684929865372866,1.0,1.134063498987134,0.0004471127921625,1.2,,10.0,1000.0,,,,,,,,,,,,,
noise,0.3,True,0.0047375840885566,0.079012259579527,0.3724492836175664,1.0,1.119485537281879,0.0004213584811176,0.5,,,,,,,,,,,,,,,,
gaussian,,,0.0547967892385088,0.2609132249696647,0.3925257868248201,1.0,1.0674438737550966,0.0003585763994788,0.5,True,,,,,,,,,,,,,,,
rbig,,,0.0010790961941531,0.0778311389749598,0.6664893427687671,1.0,1.1009395530611914,0.0001691564101543,1.1,,10.0,600.0,,,,,,,,,,,,,
noise,0.3,False,0.3813052198040583,20.05748955931103,1.3921240331841729,1.0,26.686016520274627,0.0013445021133234,0.6,,,,,,,,,,,,,,,,
gaussian,,,0.0537543739590729,0.2565296444633675,0.3921546833579927,1.0,1.0600785881223906,0.0040569221229817,0.5,False,,,,,,,,,,,,,,,
rbig,,,0.0004971254379431,0.0460694300375232,0.5523298672312899,1.0,0.9692255303590108,0.0001776236429489,1.6,,15.0,300.0,,,,,,,,,,,,,
noise,0.2,True,0.0003358659565762,0.0504026814725282,0.3626115278384734,1.0,1.0929581647777846,0.0002078875277947,0.6,,,,,,,,,,,,,,,,
gaussian,,,0.0563046661257367,0.2565296444633675,0.3921546833579927,1.0,1.0600785881223906,0.0020617578403501,0.5,False,,,,,,,,,,,,,,,
rbig,,,0.0,0.0406654656272526,0.4364318333695737,1.0,0.9811741604102572,0.0,1.8,,20.0,400.0,,,,,,,,,,,,,
noise,0.2,True,0.001305788338537,0.0504026814725282,0.3626115278384734,1.0,1.0929581647777846,0.0002496790932311,0.5,,,,,,,,,,,,,,,,
gaussian,,,0.0533386323105169,0.2565296444633675,0.3921546833579927,1.0,1.0600785881223906,0.0035574968266562,0.5,False,,,,,,,,,,,,,,,
rbig,,,0.0020149994128474,0.0931113574050988,0.7643451474132419,1.0,1.1787933416981384,0.0007595170908921,0.8,,5.0,1000.0,,,,,,,,,,,,,
noise,0.5,True,0.0210195201802757,0.1655105031360488,0.443157532213995,1.0,1.1985912427353451,0.0008816462700857,0.5,,,,,,,,,,,,,,,,
gaussian,,,0.0574259960388014,0.2609132249696647,0.3925257868248201,1.0,1.0674438737550966,0.0107538339070217,0.5,True,,,,,,,,,,,,,,,
rbig,,,0.0025368172779795,0.077194388681554,0.7567071099771858,1.0,1.0123780323071752,0.0012465697679208,0.9,,5.0,100.0,,,,,,,,,,,,,
noise,0.1,True,4.405839995480498e-05,0.0349357013820545,0.3631120024491393,1.0,1.0766437825177635,6.230798675254336e-05,0.5,,,,,,,,,,,,,,,,
gaussian,,,0.0572284206091882,0.2565296444633675,0.3921546833579927,1.0,1.0600785881223906,0.0040941032332109,0.5,False,,,,,,,,,,,,,,,
rbig,,,0.0003007379120466,0.0402814754906693,0.4267452147970503,1.0,0.9803479417358514,2.7672721281377987e-05,4.2,,60.0,100.0,,,,,,,,,,,,,
noise,0.02,True,7.169883478386208e-05,0.0321572081403905,0.365592426724397,1.0,1.0713331268976336,0.0001013974645576,0.5,,,,,,,,,,,,,,,,
gaussian,,,0.0515877105245464,0.2609132249696647,0.3925257868248201,1.0,1.0674438737550966,0.0048533079823343,0.5,True,,,,,,,,,,,,,,,
rbig,,,0.0001738515383885,0.0372474886234923,0.4436543231449845,1.0,0.9508276418454288,1.1797969361614713e-05,2.6,,30.0,100.0,,,,,,,,,,,,,
noise,0.15,False,0.3809677416444254,9.882906175987614,1.3828271170881945,1.0,13.497666290995518,0.0004146297471707,0.6,,,,,,,,,,,,,,,,
gaussian,,,0.0526269690652596,0.2565296444633675,0.3921546833579927,1.0,1.0600785881223906,0.002378175777488,0.5,False,,,,,,,,,,,,,,,
rbig,,,0.0019497813625911,0.077194388681554,0.7567071099771858,1.0,1.0123780323071752,0.0007758535508432,0.9,,5.0,100.0,,,,,,,,,,,,,
noise,0.1,True,0.0,0.0349357013820545,0.3631120024491393,1.0,1.0766437825177635,0.0,0.5,,,,,,,,,,,,,,,,
gaussian,,,0.0531322574204853,0.2565296444633675,0.3921546833579927,1.0,1.0600785881223906,0.004293246936804,0.5,False,,,,,,,,,,,,,,,
rbig,,,0.0014540889484229,0.0737238768337592,0.658254222878542,1.0,1.06557701278834,0.0007835271883821,1.2,,10.0,300.0,,,,,,,,,,,,,
noise,0.02,False,0.2821725098613783,1.0963564357975066,0.9577209176383332,1.0,2.264756446926662,0.00789822488392,0.5,,,,,,,,,,,,,,,,
gaussian,,,0.0597650745334009,0.2609132249696647,0.3925257868248201,1.0,1.0674438737550966,0.005445421360937,0.5,True,,,,,,,,,,,,,,,
rbig,,,0.0,0.0293163019456506,0.3993780131702692,1.0,0.9843104824729954,0.0,4.7,,60.0,600.0,,,,,,,,,,,,,
noise,0.05,True,0.0001611992082291,0.0325457540883223,0.3646728229449607,1.0,1.072505761157302,0.0002279701065214,0.5,,,,,,,,,,,,,,,,
gaussian,,,0.0527658312952867,0.2609132249696647,0.3925257868248201,1.0,1.0674438737550966,0.0009339018164392,0.5,True,,,,,,,,,,,,,,,
rbig,,,0.0002485861211002,0.0402814754906693,0.4267452147970503,1.0,0.9803479417358514,0.0003109123914608,4.5,,60.0,100.0,,,,,,,,,,,,,
noise,0.15,False,0.3815066310534947,9.882906175987614,1.3828271170881945,1.0,13.497666290995518,0.0008006730995328,0.5,,,,,,,,,,,,,,,,
gaussian,,,0.0586521453035465,0.2609132249696647,0.3925257868248201,1.0,1.0674438737550966,0.0009346479837258,0.5,True,,,,,,,,,,,,,,,
rbig,,,0.0008721538076497,0.0719517485300534,0.6511211053147599,1.0,1.0457087843498971,0.0001784226717737,1.2,,10.0,200.0,,,,,,,,,,,,,
noise,0.5,False,0.3824241490389227,33.627189289343654,1.3938906523648549,1.0,44.28903861426737,0.0012971812552462,0.6,,,,,,,,,,,,,,,,
gaussian,,,0.0563222963269915,0.2609132249696647,0.3925257868248201,1.0,1.0674438737550966,0.0095969177236591,0.5,True,,,,,,,,,,,,,,,
rbig,,,0.0005371245068631,0.0464204663407979,0.5488452455331239,1.0,0.9556874577450772,0.0002580752062558,1.6,,15.0,200.0,,,,,,,,,,,,,
noise,0.01,True,0.0,0.0321135294480094,0.3658764970635951,1.0,1.0711615315172418,0.0,0.5,,,,,,,,,,,,,,,,
gaussian,,,0.0582195538020905,0.2609132249696647,0.3925257868248201,1.0,1.0674438737550966,0.0022044622064161,0.5,True,,,,,,,,,,,,,,,
rbig,,,0.0009307345835629,0.0404814840970488,0.444468010441248,1.0,0.9665647292080564,0.0007991540368544,1.9,,20.0,200.0,,,,,,,,,,,,,
noise,0.02,True,0.000149328249371,0.0321572081403905,0.365592426724397,1.0,1.0713331268976336,0.0002111820355059,0.5,,,,,,,,,,,,,,,,
gaussian,,,0.0541868227642999,0.2609132249696647,0.3925257868248201,1.0,1.0674438737550966,0.0004203648461531,0.5,True,,,,,,,,,,,,,,,
rbig,,,0.0004811043686377,0.0372474886234923,0.4436543231449845,1.0,0.9508276418454288,0.000473462426141,2.5,,30.0,100.0,,,,,,,,,,,,,
noise,0.05,False,0.3733360755741295,3.110154056851544,1.284352345325244,1.0,4.769962407682058,0.0006222197287438,0.5,,,,,,,,,,,,,,,,
gaussian,,,0.0538167851033433,0.2565296444633675,0.3921546833579927,1.0,1.0600785881223906,0.0125193583084503,0.5,False,,,,,,,,,,,,,,,
rbig,,,0.0008358720715959,0.0750742896030214,0.6566586164068196,1.0,1.0758504538373657,0.0003604750436613,1.2,,10.0,400.0,,,,,,,,,,,,,
noise,0.5,False,0.3819487201152636,33.627189289343654,1.3938906523648549,1.0,44.28903861426737,0.0002952484160057,0.6,,,,,,,,,,,,,,,,
gaussian,,,0.0513706468873921,0.2565296444633675,0.3921546833579927,1.0,1.0600785881223906,0.0001691166753904,0.5,False,,,,,,,,,,,,,,,
rbig,,,0.0,0.0278704027765178,0.4179866568227557,1.0,0.9701299699808345,0.0,3.3,,40.0,300.0,,,,,,,,,,,,,
noise,0.1,True,0.0002432305868633,0.0349357013820545,0.3631120024491393,1.0,1.0766437825177635,0.000343979994726,0.5,,,,,,,,,,,,,,,,
gaussian,,,0.0600693346669526,0.2609132249696647,0.3925257868248201,1.0,1.0674438737550966,0.0065188075846213,0.5,True,,,,,,,,,,,,,,,
rbig,,,0.0003417572452257,0.0414632818657971,0.4441795569275525,1.0,0.944160752703698,0.0002584673364958,1.9,,20.0,100.0,,,,,,,,,,,,,
noise,0.02,False,0.2757715230016986,1.0963564357975066,0.9577209176383332,1.0,2.264756446926662,0.0097185051357891,0.5,,,,,,,,,,,,,,,,
gaussian,,,0.0512096791108769,0.2609132249696647,0.3925257868248201,1.0,1.0674438737550966,0.0006580450663042,0.5,True,,,,,,,,,,,,,,,
rbig,,,0.0011398799215767,0.0778311389749598,0.6664893427687671,1.0,1.1009395530611914,0.0013323099348995,1.2,,10.0,600.0,,,,,,,,,,,,,
noise,0.3,True,0.0043436583247119,0.079012259579527,0.3724492836175664,1.0,1.119485537281879,0.0021774884704973,0.5,,,,,,,,,,,,,,,,
gaussian,,,0.0562316663417534,0.2565296444633675,0.3921546833579927,1.0,1.0600785881223906,0.0008057100115445,0.5,False,,,,,,,,,,,,,,,
rbig,,,0.000360047803964,0.0470221575952407,0.5616366474623322,1.0,0.9977889696570524,0.0002663466899232,1.8,,15.0,1000.0,,,,,,,,,,,,,
noise,0.05,True,0.0,0.0325457540883223,0.3646728229449607,1.0,1.072505761157302,0.0,0.5,,,,,,,,,,,,,,,,
gaussian,,,0.0573901117397412,0.2565296444633675,0.3921546833579927,1.0,1.0600785881223906,0.0014137450165875,0.5,False,,,,,,,,,,,,,,,
rbig,,,0.0,0.0285335895893716,0.4247119569419115,1.0,0.9772592315812214,0.0,3.8,,40.0,1000.0,,,,,,,,,,,,,
noise,0.5,True,0.0207484264913583,0.1655105031360488,0.443157532213995,1.0,1.1985912427353451,0.0069858318975995,0.6,,,,,,,,,,,,,,,,
gaussian,,,0.0537824285456217,0.2565296444633675,0.3921546833579927,1.0,1.0600785881223906,0.0024605287850283,0.5,False,,,,,,,,,,,,,,,
rbig,,,0.0002895499841567,0.0470221575952407,0.5616366474623322,1.0,0.9977889696570524,0.0002094111974616,1.8,,15.0,1000.0,,,,,,,,,,,,,
noise,0.01,True,0.0,0.0321135294480094,0.3658764970635951,1.0,1.0711615315172418,0.0,0.5,,,,,,,,,,,,,,,,
gaussian,,,0.0505728014600486,0.2609132249696647,0.3925257868248201,1.0,1.0674438737550966,0.0015013599752257,0.5,True,,,,,,,,,,,,,,,
rbig,,,0.0021119828693304,0.077194388681554,0.7567071099771858,1.0,1.0123780323071752,0.0016333154058834,0.8,,5.0,100.0,,,,,,,,,,,,,
noise,0.5,True,0.0177521878999682,0.1655105031360488,0.443157532213995,1.0,1.1985912427353451,0.0002692145209975,0.5,,,,,,,,,,,,,,,,
gaussian,,,0.0527861251625001,0.2609132249696647,0.3925257868248201,1.0,1.0674438737550966,0.0046911472171771,0.5,True,,,,,,,,,,,,,,,
rbig,,,0.0005637904642573,0.0750742896030214,0.6566586164068196,1.0,1.0758504538373657,0.0006700930570374,1.2,,10.0,400.0,,,,,,,,,,,,,
noise,0.15,True,0.0001619064348616,0.0407215255585134,0.362106111655096,1.0,1.0834808003297498,0.0002289702760168,0.5,,,,,,,,,,,,,,,,
gaussian,,,0.0546119359830867,0.2565296444633675,0.3921546833579927,1.0,1.0600785881223906,0.0052122491299437,0.5,False,,,,,,,,,,,,,,,
rbig,,,0.0003496216884076,0.042009991706489,0.4467581063256508,1.0,1.003797378700326,0.0004944397334458,2.1,,20.0,1000.0,,,,,,,,,,,,,
noise,0.15,False,0.3813386501363206,9.882906175987614,1.3828271170881945,1.0,13.497666290995518,0.002251307834266,0.6,,,,,,,,,,,,,,,,
gaussian,,,0.0566718846699343,0.2565296444633675,0.3921546833579927,1.0,1.0600785881223906,0.0033979080668413,0.5,False,,,,,,,,,,,,,,,
rbig,,,0.0,0.0324326841317518,0.4164846354411324,1.0,0.969657727011261,0.0,2.8,,30.0,400.0,,,,,,,,,,,,,
noise,0.3,False,0.3819087253879176,20.05748955931103,1.3921240331841729,1.0,26.686016520274627,0.000225054580463,0.6,,,,,,,,,,,,,,,,
gaussian,,,0.0585630793252168,0.2565296444633675,0.3921546833579927,1.0,1.0600785881223906,0.0033224527484832,0.5,False,,,,,,,,,,,,,,,
rbig,,,0.0002685809531002,0.0329224257777385,0.4346094423740692,1.0,0.9704830924862772,0.0003798308264694,2.7,,30.0,300.0,,,,,,,,,,,,,
noise,0.5,True,0.016680069557832,0.1655105031360488,0.443157532213995,1.0,1.1985912427353451,0.00179600017308,0.5,,,,,,,,,,,,,,,,
gaussian,,,0.0577149469690199,0.2609132249696647,0.3925257868248201,1.0,1.0674438737550966,0.0074291021200093,0.5,True,,,,,,,,,,,,,,,
rbig,,,0.0005971330418058,0.0460694300375232,0.5523298672312899,1.0,0.9692255303590108,7.640372821783397e-05,1.5,,15.0,300.0,,,,,,,,,,,,,
noise,0.3,True,0.0043081157345389,0.079012259579527,0.3724492836175664,1.0,1.119485537281879,0.0009117984452854,0.5,,,,,,,,,,,,,,,,
gaussian,,,0.0537595741826914,0.2609132249696647,0.3925257868248201,1.0,1.0674438737550966,0.0044228062774614,0.5,True,,,,,,,,,,,,,,,
rbig,,,0.0010176590933456,0.0778311389749598,0.6664893427687671,1.0,1.1009395530611914,0.0007168772777465,1.2,,10.0,600.0,,,,,,,,,,,,,
noise,0.5,True,0.0169665130693771,0.1655105031360488,0.443157532213995,1.0,1.1985912427353451,0.0006939469999066,0.5,,,,,,,,,,,,,,,,
gaussian,,,0.0564470344163153,0.2565296444633675,0.3921546833579927,1.0,1.0600785881223906,0.0002917018188295,0.5,False,,,,,,,,,,,,,,,
rbig,,,0.0006433669192453,0.0460694300375232,0.5523298672312899,1.0,0.9692255303590108,0.0005575495398572,1.5,,15.0,300.0,,,,,,,,,,,,,
noise,0.05,True,6.2012461020666265e-06,0.0325457540883223,0.3646728229449607,1.0,1.072505761157302,8.769886341155913e-06,0.5,,,,,,,,,,,,,,,,
gaussian,,,0.0569431860826652,0.2565296444633675,0.3921546833579927,1.0,1.0600785881223906,0.0029920011872798,0.5,False,,,,,,,,,,,,,,,
rbig,,,0.0023205575572581,0.0847443792354674,0.7665643100000914,1.0,1.1020874416789757,0.0014153890461481,0.9,,5.0,400.0,,,,,,,,,,,,,
noise,0.2,True,0.0008358653606587,0.0504026814725282,0.3626115278384734,1.0,1.0929581647777846,0.0006129048581931,0.5,,,,,,,,,,,,,,,,
gaussian,,,0.0564644969228356,0.2609132249696647,0.3925257868248201,1.0,1.0674438737550966,0.0044896820251224,0.7,True,,,,,,,,,,,,,,,
rbig,,,0.0014385584629466,0.0778311389749598,0.6664893427687671,1.0,1.1009395530611914,0.0002461605910468,1.2,,10.0,600.0,,,,,,,,,,,,,
noise,0.02,False,0.2752450678537804,1.0963564357975066,0.9577209176383332,1.0,2.264756446926662,0.0005332885510332,0.5,,,,,,,,,,,,,,,,
gaussian,,,0.0554072231172024,0.2609132249696647,0.3925257868248201,1.0,1.0674438737550966,0.0086867889773811,0.5,True,,,,,,,,,,,,,,,
rbig,,,0.0014289794438064,0.0737238768337592,0.658254222878542,1.0,1.06557701278834,0.0011486606250164,1.2,,10.0,300.0,,,,,,,,,,,,,
noise,0.1,True,0.0001119707294781,0.0349357013820545,0.3631120024491393,1.0,1.0766437825177635,0.0001583505242167,0.5,,,,,,,,,,,,,,,,
gaussian,,,0.0547420532655964,0.2565296444633675,0.3921546833579927,1.0,1.0600785881223906,0.0050511625291767,0.5,False,,,,,,,,,,,,,,,
rbig,,,0.0002582769877343,0.0413443862337212,0.4460084443327075,1.0,0.9918545779590796,0.0003652588189027,2.0,,20.0,600.0,,,,,,,,,,,,,
noise,0.5,True,0.0171029476080478,0.1655105031360488,0.443157532213995,1.0,1.1985912427353451,0.0021786341563714,0.5,,,,,,,,,,,,,,,,
gaussian,,,0.0518565019244524,0.2609132249696647,0.3925257868248201,1.0,1.0674438737550966,0.0003858511195604,0.5,True,,,,,,,,,,,,,,,
rbig,,,0.0021700351244791,0.0847443792354674,0.7665643100000914,1.0,1.1020874416789757,0.0009511829536977,0.9,,5.0,400.0,,,,,,,,,,,,,
noise,0.2,True,0.0005026814732616,0.0504026814725282,0.3626115278384734,1.0,1.0929581647777846,0.0007108989570402,0.5,,,,,,,,,,,,,,,,
gaussian,,,0.0566431573129423,0.2609132249696647,0.3925257868248201,1.0,1.0674438737550966,0.0034362237414752,0.5,True,,,,,,,,,,,,,,,
rbig,,,2.4319533818040195e-05,0.0285034867670559,0.4077853128586006,1.0,0.9621573001415138,3.439301455606358e-05,3.3,,40.0,200.0,,,,,,,,,,,,,
noise,0.5,True,0.0203828642137547,0.1655105031360488,0.443157532213995,1.0,1.1985912427353451,0.0039438925009796,0.6,,,,,,,,,,,,,,,,
gaussian,,,0.0544514224293972,0.2609132249696647,0.3925257868248201,1.0,1.0674438737550966,0.0026498894948628,0.6,True,,,,,,,,,,,,,,,
rbig,,,0.0,0.0278704027765178,0.4179866568227557,1.0,0.9701299699808345,0.0,3.4,,40.0,300.0,,,,,,,,,,,,,
noise,0.5,True,0.0181136180730059,0.1655105031360488,0.443157532213995,1.0,1.1985912427353451,0.0010557083380851,0.5,,,,,,,,,,,,,,,,
gaussian,,,0.0554204669384577,0.2565296444633675,0.3921546833579927,1.0,1.0600785881223906,0.0003189443811228,0.5,False,,,,,,,,,,,,,,,
rbig,,,0.0026342175398142,0.0834488419596912,0.7687501239222692,1.0,1.0897095200488425,0.0003678878277879,0.8,,5.0,300.0,,,,,,,,,,,,,
noise,0.15,True,0.0005333669514208,0.0407215255585134,0.362106111655096,1.0,1.0834808003297498,0.000687301517474,0.5,,,,,,,,,,,,,,,,
gaussian,,,0.0554427161199355,0.2565296444633675,0.3921546833579927,1.0,1.0600785881223906,0.0025928497082777,0.5,False,,,,,,,,,,,,,,,
rbig,,,0.0028360014010831,0.0847443792354674,0.7665643100000914,1.0,1.1020874416789757,0.0012070268976054,0.8,,5.0,400.0,,,,,,,,,,,,,
noise,0.2,False,0.3817541156600206,13.27374402748999,1.388323780767402,1.0,17.890424771384172,0.0006215501159383,0.6,,,,,,,,,,,,,,,,
gaussian,,,0.0567315569527846,0.2565296444633675,0.3921546833579927,1.0,1.0600785881223906,0.0015915307202033,0.5,False,,,,,,,,,,,,,,,
rbig,,,0.0003033051391901,0.0341860543414085,0.39887066931281,1.0,0.9549032470522262,0.0004289382413801,3.3,,40.0,100.0,,,,,,,,,,,,,
noise,0.3,True,0.003484760206622,0.079012259579527,0.3724492836175664,1.0,1.119485537281879,0.0012861007594017,0.5,,,,,,,,,,,,,,,,
gaussian,,,0.0540812699982139,0.2609132249696647,0.3925257868248201,1.0,1.0674438737550966,0.0046421189479361,0.5,True,,,,,,,,,,,,,,,
rbig,,,0.0017410779877423,0.0737238768337592,0.658254222878542,1.0,1.06557701278834,0.0005130007656802,1.1,,10.0,300.0,,,,,,,,,,,,,
noise,0.01,True,6.751053559417297e-05,0.0321135294480094,0.3658764970635951,1.0,1.0711615315172418,9.5474315040351e-05,0.5,,,,,,,,,,,,,,,,
gaussian,,,0.0575361789885026,0.2609132249696647,0.3925257868248201,1.0,1.0674438737550966,0.0054363808586653,0.6,True,,,,,,,,,,,,,,,
rbig,,,0.0002963913360817,0.032592923276104,0.4225422617720487,1.0,0.9792166402055124,0.0004191606472566,3.1,,30.0,1000.0,,,,,,,,,,,,,
noise,0.1,False,0.3807162516776637,6.493875718842222,1.3665055418234258,1.0,9.114941138008074,4.892544617339797e-05,0.6,,,,,,,,,,,,,,,,
gaussian,,,0.0572721236155912,0.2609132249696647,0.3925257868248201,1.0,1.0674438737550966,0.0044511710264606,0.6,True,,,,,,,,,,,,,,,
rbig,,,0.0,0.0293163019456506,0.3993780131702692,1.0,0.9843104824729954,0.0,5.0,,60.0,600.0,,,,,,,,,,,,,
noise,0.02,True,7.390702428311524e-05,0.0321572081403905,0.365592426724397,1.0,1.0713331268976336,0.0001045203160958,0.6,,,,,,,,,,,,,,,,
gaussian,,,0.0525065769006307,0.2565296444633675,0.3921546833579927,1.0,1.0600785881223906,0.0011774147447898,0.5,False,,,,,,,,,,,,,,,
rbig,,,0.0010168062278185,0.0778311389749598,0.6664893427687671,1.0,1.1009395530611914,0.0004456183692106,1.4,,10.0,600.0,,,,,,,,,,,,,
noise,0.15,True,0.0001229299894494,0.0407215255585134,0.362106111655096,1.0,1.0834808003297498,0.0001738492583018,0.5,,,,,,,,,,,,,,,,
gaussian,,,0.0538638110669034,0.2565296444633675,0.3921546833579927,1.0,1.0600785881223906,0.0107740484150216,0.5,False,,,,,,,,,,,,,,,
rbig,,,7.648655690323247e-05,0.0292501602978943,0.3861770318752823,1.0,0.9840017460268224,0.0001081683261117,4.8,,60.0,400.0,,,,,,,,,,,,,
noise,0.3,True,0.0024649967572019,0.079012259579527,0.3724492836175664,1.0,1.119485537281879,0.0007992575222016,0.5,,,,,,,,,,,,,,,,
gaussian,,,0.056788036469131,0.2565296444633675,0.3921546833579927,1.0,1.0600785881223906,0.0006214286540858,0.5,False,,,,,,,,,,,,,,,
rbig,,,3.678973506671124e-05,0.0406654656272526,0.4364318333695737,1.0,0.9811741604102572,5.202854228745608e-05,1.9,,20.0,400.0,,,,,,,,,,,,,
noise,0.01,True,0.0,0.0321135294480094,0.3658764970635951,1.0,1.0711615315172418,0.0,0.5,,,,,,,,,,,,,,,,
gaussian,,,0.054009230314836,0.2565296444633675,0.3921546833579927,1.0,1.0600785881223906,0.0008296661097261,0.5,False,,,,,,,,,,,,,,,
rbig,,,0.0011878817641443,0.0750742896030214,0.6566586164068196,1.0,1.0758504538373657,0.0003627008417333,1.3,,10.0,400.0,,,,,,,,,,,,,
noise,0.02,False,0.276029829075697,1.0963564357975066,0.9577209176383332,1.0,2.264756446926662,0.0008742065752908,0.5,,,,,,,,,,,,,,,,
gaussian,,,0.0540200915449046,0.2609132249696647,0.3925257868248201,1.0,1.0674438737550966,0.004741988498936,0.5,True,,,,,,,,,,,,,,,
rbig,,,0.0005454761048781,0.046659130886905,0.5568497511801149,1.0,0.9834153534321484,0.0005979162091183,1.6,,15.0,600.0,,,,,,,,,,,,,
noise,0.3,True,0.0038683824168587,0.079012259579527,0.3724492836175664,1.0,1.119485537281879,0.0001019599119249,0.5,,,,,,,,,,,,,,,,
gaussian,,,0.0539797723512145,0.2565296444633675,0.3921546833579927,1.0,1.0600785881223906,0.0037689492136135,0.5,False,,,,,,,,,,,,,,,
rbig,,,0.0004009823142201,0.0413443862337212,0.4460084443327075,1.0,0.9918545779590796,2.893143457233497e-05,1.9,,20.0,600.0,,,,,,,,,,,,,
noise,0.1,True,8.66830522816553e-06,0.0349357013820545,0.3631120024491393,1.0,1.0766437825177635,1.2258834816461295e-05,0.5,,,,,,,,,,,,,,,,
gaussian,,,0.0540902466429148,0.2565296444633675,0.3921546833579927,1.0,1.0600785881223906,0.005889198998411,0.5,False,,,,,,,,,,,,,,,
rbig,,,0.0011393507848962,0.0737238768337592,0.658254222878542,1.0,1.06557701278834,0.0007593702950897,1.2,,10.0,300.0,,,,,,,,,,,,,
noise,0.2,False,0.3823360307352231,13.27374402748999,1.388323780767402,1.0,17.890424771384172,0.0004250832504077,0.6,,,,,,,,,,,,,,,,
gaussian,,,0.0539329387512562,0.2609132249696647,0.3925257868248201,1.0,1.0674438737550966,0.0041814403404314,0.5,True,,,,,,,,,,,,,,,
rbig,,,2.389233481614461e-06,0.0414632818657971,0.4441795569275525,1.0,0.944160752703698,3.37888639337506e-06,1.8,,20.0,100.0,,,,,,,,,,,,,
noise,0.02,True,0.0,0.0321572081403905,0.365592426724397,1.0,1.0713331268976336,0.0,0.5,,,,,,,,,,,,,,,,
gaussian,,,0.0529182105119854,0.2609132249696647,0.3925257868248201,1.0,1.0674438737550966,0.0035559139673091,0.5,True,,,,,,,,,,,,,,,
rbig,,,0.0012774707987711,0.0719517485300534,0.6511211053147599,1.0,1.0457087843498971,0.0008488670529001,1.1,,10.0,200.0,,,,,,,,,,,,,
noise,0.2,True,0.0009635808953565,0.0504026814725282,0.3626115278384734,1.0,1.0929581647777846,0.0007053428161691,0.5,,,,,,,,,,,,,,,,
gaussian,,,0.0565615572376826,0.2565296444633675,0.3921546833579927,1.0,1.0600785881223906,0.0013996752185925,0.6,False,,,,,,,,,,,,,,,
rbig,,,5.700309375650248e-05,0.0403364234172881,0.4474848767407611,1.0,0.9784612489029832,8.06145482876709e-05,2.0,,20.0,300.0,,,,,,,,,,,,,
noise,0.1,True,6.4434888244147e-05,0.0349357013820545,0.3631120024491393,1.0,1.0766437825177635,9.11246928448674e-05,0.5,,,,,,,,,,,,,,,,
gaussian,,,0.0570863575095709,0.2565296444633675,0.3921546833579927,1.0,1.0600785881223906,0.00147929160544,0.5,False,,,,,,,,,,,,,,,
rbig,,,0.0021535164409572,0.0931113574050988,0.7643451474132419,1.0,1.1787933416981384,0.0003611823199947,0.9,,5.0,1000.0,,,,,,,,,,,,,
noise,0.15,True,2.6073622918787454e-05,0.0407215255585134,0.362106111655096,1.0,1.0834808003297498,3.687367115195119e-05,0.5,,,,,,,,,,,,,,,,
gaussian,,,0.0541693265819939,0.2609132249696647,0.3925257868248201,1.0,1.0674438737550966,0.0029521243108578,0.5,True,,,,,,,,,,,,,,,
rbig,,,0.0004141405877256,0.0460694300375232,0.5523298672312899,1.0,0.9692255303590108,0.000516657379814,1.8,,15.0,300.0,,,,,,,,,,,,,
noise,0.3,False,0.3816696755777196,20.05748955931103,1.3921240331841729,1.0,26.686016520274627,0.0009259652298544,0.7,,,,,,,,,,,,,,,,
gaussian,,,0.0560972778227113,0.2565296444633675,0.3921546833579927,1.0,1.0600785881223906,2.456410376742267e-05,0.6,False,,,,,,,,,,,,,,,
rbig,,,0.0002139293147777,0.0406654656272526,0.4364318333695737,1.0,0.9811741604102572,0.0003025417383478,2.0,,20.0,400.0,,,,,,,,,,,,,
noise,0.05,True,0.0,0.0325457540883223,0.3646728229449607,1.0,1.072505761157302,0.0,0.5,,,,,,,,,,,,,,,,
gaussian,,,0.0486872285039852,0.2565296444633675,0.3921546833579927,1.0,1.0600785881223906,0.0031421902559022,0.7,False,,,,,,,,,,,,,,,
rbig,,,0.0001282700116745,0.042009991706489,0.4467581063256508,1.0,1.003797378700326,0.0001814011901558,2.1,,20.0,1000.0,,,,,,,,,,,,,
noise,0.3,False,0.3826128120941326,20.05748955931103,1.3921240331841729,1.0,26.686016520274627,0.0003794627501349,0.7,,,,,,,,,,,,,,,,
gaussian,,,0.0522523342065188,0.2565296444633675,0.3921546833579927,1.0,1.0600785881223906,0.0035266422211388,0.6,False,,,,,,,,,,,,,,,
rbig,,,0.0029754757334349,0.0884907303804837,0.7682837956656338,1.0,1.1345900316950468,0.00066007443492,1.0,,5.0,600.0,,,,,,,,,,,,,
noise,0.05,True,0.0002123313305794,0.0325457540883223,0.3646728229449607,1.0,1.072505761157302,0.0001070543190299,0.6,,,,,,,,,,,,,,,,
gaussian,,,0.0520339450612439,0.2565296444633675,0.3921546833579927,1.0,1.0600785881223906,0.0002566460789299,0.6,False,,,,,,,,,,,,,,,
rbig,,,0.0028147396573817,0.0813768626105222,0.7663528899851924,1.0,1.0656752817272048,0.0020007745982699,1.2,,5.0,200.0,,,,,,,,,,,,,
noise,0.3,True,0.0033910757559756,0.079012259579527,0.3724492836175664,1.0,1.119485537281879,0.0002100949611903,0.7,,,,,,,,,,,,,,,,
gaussian,,,0.056912051662966,0.2565296444633675,0.3921546833579927,1.0,1.0600785881223906,0.0039782186040857,0.7,False,,,,,,,,,,,,,,,
rbig,,,0.0003213332371367,0.0285034867670559,0.4077853128586006,1.0,0.9621573001415138,0.0003194934157543,3.7,,40.0,200.0,,,,,,,,,,,,,
noise,0.02,True,0.0,0.0321572081403905,0.365592426724397,1.0,1.0713331268976336,0.0,0.7,,,,,,,,,,,,,,,,
gaussian,,,0.0566203835949934,0.2565296444633675,0.3921546833579927,1.0,1.0600785881223906,0.0024879039893349,0.6,False,,,,,,,,,,,,,,,
rbig,,,0.0002806944574105,0.0324621295747423,0.4297410109625244,1.0,0.973687948880708,0.0003969619085529,2.9,,30.0,600.0,,,,,,,,,,,,,
noise,0.15,False,0.3810577272140406,9.882906175987614,1.3828271170881945,1.0,13.497666290995518,0.000145762149993,0.7,,,,,,,,,,,,,,,,
gaussian,,,0.0579348811526775,0.2565296444633675,0.3921546833579927,1.0,1.0600785881223906,0.0019972110273164,0.7,False,,,,,,,,,,,,,,,
rbig,,,0.0,0.0292501602978943,0.3861770318752823,1.0,0.9840017460268224,0.0,5.3,,60.0,400.0,,,,,,,,,,,,,
noise,0.02,True,0.0001195539513355,0.0321572081403905,0.365592426724397,1.0,1.0713331268976336,0.0001690748194139,0.6,,,,,,,,,,,,,,,,
gaussian,,,0.0574534824549485,0.2565296444633675,0.3921546833579927,1.0,1.0600785881223906,0.0035588390602338,0.6,False,,,,,,,,,,,,,,,
rbig,,,4.462819615536073e-05,0.0281238435859907,0.4240868134690091,1.0,0.9722244110406276,6.311380026715796e-05,3.7,,40.0,600.0,,,,,,,,,,,,,
noise,0.5,False,0.3822462896352744,33.627189289343654,1.3938906523648549,1.0,44.28903861426737,0.0010315821300162,0.7,,,,,,,,,,,,,,,,
gaussian,,,0.0565873106886159,0.2609132249696647,0.3925257868248201,1.0,1.0674438737550966,0.0005529301177873,0.6,True,,,,,,,,,,,,,,,
rbig,,,9.4333815829295e-05,0.0414632818657971,0.4441795569275525,1.0,0.944160752703698,1.7941270536306458e-05,1.9,,20.0,100.0,,,,,,,,,,,,,
noise,0.15,False,0.381957393589478,9.882906175987614,1.3828271170881945,1.0,13.497666290995518,0.000571401453361,0.6,,,,,,,,,,,,,,,,
gaussian,,,0.0577577412046805,0.2609132249696647,0.3925257868248201,1.0,1.0674438737550966,0.0019053377658956,0.5,True,,,,,,,,,,,,,,,
rbig,,,0.0019853878597964,0.0834488419596912,0.7687501239222692,1.0,1.0897095200488425,0.0012909125093361,0.8,,5.0,300.0,,,,,,,,,,,,,
noise,0.01,True,0.0001531382174638,0.0321135294480094,0.3658764970635951,1.0,1.0711615315172418,0.0002165701440549,0.5,,,,,,,,,,,,,,,,
gaussian,,,0.0494524905254766,0.2565296444633675,0.3921546833579927,1.0,1.0600785881223906,0.000481122323879,0.5,False,,,,,,,,,,,,,,,
rbig,,,0.0,0.032592923276104,0.4225422617720487,1.0,0.9792166402055124,0.0,2.9,,30.0,1000.0,,,,,,,,,,,,,
noise,0.01,False,0.1137876060934234,0.4484258533407843,0.6095750456775739,1.0,1.5172983389404626,0.0079232530000179,0.6,,,,,,,,,,,,,,,,
gaussian,,,0.0559187947480017,0.2609132249696647,0.3925257868248201,1.0,1.0674438737550966,0.000188066667334,0.5,True,,,,,,,,,,,,,,,
rbig,,,0.0,0.0285335895893716,0.4247119569419115,1.0,0.9772592315812214,0.0,3.7,,40.0,1000.0,,,,,,,,,,,,,
noise,0.2,True,0.0009541015354646,0.0504026814725282,0.3626115278384734,1.0,1.0929581647777846,0.0002618290305158,0.6,,,,,,,,,,,,,,,,
gaussian,,,0.0578489768100576,0.2565296444633675,0.3921546833579927,1.0,1.0600785881223906,0.0022315444855697,0.6,False,,,,,,,,,,,,,,,
rbig,,,0.0011367610939055,0.0816138255010448,0.6684929865372866,1.0,1.134063498987134,0.0004308020975712,1.5,,10.0,1000.0,,,,,,,,,,,,,
noise,0.01,True,0.0,0.0321135294480094,0.3658764970635951,1.0,1.0711615315172418,0.0,0.6,,,,,,,,,,,,,,,,
gaussian,,,0.0528016045764753,0.2609132249696647,0.3925257868248201,1.0,1.0674438737550966,0.0013733339711361,0.5,True,,,,,,,,,,,,,,,
rbig,,,0.002735562730136,0.0847443792354674,0.7665643100000914,1.0,1.1020874416789757,0.0005042377348502,1.0,,5.0,400.0,,,,,,,,,,,,,
noise,0.01,True,0.0001083782584972,0.0321135294480094,0.3658764970635951,1.0,1.0711615315172418,0.0001532700030332,0.7,,,,,,,,,,,,,,,,
gaussian,,,0.0538091129146056,0.2565296444633675,0.3921546833579927,1.0,1.0600785881223906,0.0010792553752781,0.7,False,,,,,,,,,,,,,,,
rbig,,,0.0008058608767022,0.0477688427531301,0.530828837472121,1.0,0.9311858158673172,0.0003470262914431,1.6,,15.0,100.0,,,,,,,,,,,,,
noise,0.1,False,0.3797408652455395,6.493875718842222,1.3665055418234258,1.0,9.114941138008074,0.0001615003006529,0.6,,,,,,,,,,,,,,,,
gaussian,,,0.0515598239268331,0.2565296444633675,0.3921546833579927,1.0,1.0600785881223906,0.0015868758049459,0.6,False,,,,,,,,,,,,,,,
rbig,,,0.0,0.031251145200739,0.4236145733875691,1.0,0.9870655343311798,0.0,5.0,,60.0,200.0,,,,,,,,,,,,,
noise,0.02,True,0.0003483755499801,0.0321572081403905,0.365592426724397,1.0,1.0713331268976336,0.000492677427581,0.5,,,,,,,,,,,,,,,,
gaussian,,,0.0540986307666035,0.2565296444633675,0.3921546833579927,1.0,1.0600785881223906,0.0032945857009944,0.5,False,,,,,,,,,,,,,,,
rbig,,,0.0013958543008036,0.0750742896030214,0.6566586164068196,1.0,1.0758504538373657,0.0012917599353631,1.3,,10.0,400.0,,,,,,,,,,,,,
noise,0.01,False,0.1204174632466126,0.4484258533407843,0.6095750456775739,1.0,1.5172983389404626,0.0011696777767961,0.6,,,,,,,,,,,,,,,,
gaussian,,,0.0598932870041689,0.2609132249696647,0.3925257868248201,1.0,1.0674438737550966,0.0048453434201969,0.5,True,,,,,,,,,,,,,,,
rbig,,,0.0020894385296241,0.0931113574050988,0.7643451474132419,1.0,1.1787933416981384,0.0011186861657602,0.9,,5.0,1000.0,,,,,,,,,,,,,
noise,0.15,True,0.0002421977880724,0.0407215255585134,0.362106111655096,1.0,1.0834808003297498,0.0002009732655023,0.5,,,,,,,,,,,,,,,,
gaussian,,,0.0537329123760941,0.2565296444633675,0.3921546833579927,1.0,1.0600785881223906,0.0032562669579442,0.5,False,,,,,,,,,,,,,,,
rbig,,,9.411689583482818e-05,0.042009991706489,0.4467581063256508,1.0,1.003797378700326,8.087104558718993e-05,2.1,,20.0,1000.0,,,,,,,,,,,,,
noise,0.05,False,0.3712200201144717,3.110154056851544,1.284352345325244,1.0,4.769962407682058,0.0009618170593808,0.6,,,,,,,,,,,,,,,,
gaussian,,,0.0549080884643365,0.2565296444633675,0.3921546833579927,1.0,1.0600785881223906,0.0024963558140528,0.5,False,,,,,,,,,,,,,,,
rbig,,,0.0005180753371452,0.0470221575952407,0.5616366474623322,1.0,0.9977889696570524,0.0004218179221158,1.7,,15.0,1000.0,,,,,,,,,,,,,
noise,0.02,True,0.0,0.0321572081403905,0.365592426724397,1.0,1.0713331268976336,0.0,0.5,,,,,,,,,,,,,,,,
gaussian,,,0.0604512044469571,0.2609132249696647,0.3925257868248201,1.0,1.0674438737550966,0.000918841637449,0.6,True,,,,,,,,,,,,,,,
rbig,,,0.0008699856117109,0.0778311389749598,0.6664893427687671,1.0,1.1009395530611914,0.0007278516312214,1.3,,10.0,600.0,,,,,,,,,,,,,
noise,0.3,True,0.0026007414880841,0.079012259579527,0.3724492836175664,1.0,1.119485537281879,0.0006542741961009,0.6,,,,,,,,,,,,,,,,
gaussian,,,0.0513035352969968,0.2565296444633675,0.3921546833579927,1.0,1.0600785881223906,0.004766591600774,0.5,False,,,,,,,,,,,,,,,
rbig,,,0.0001395940603725,0.0329224257777385,0.4346094423740692,1.0,0.9704830924862772,4.166657866394099e-05,2.6,,30.0,300.0,,,,,,,,,,,,,
noise,0.2,True,0.0002471487525335,0.0504026814725282,0.3626115278384734,1.0,1.0929581647777846,0.0003495211177565,0.5,,,,,,,,,,,,,,,,
gaussian,,,0.0563345021019268,0.2609132249696647,0.3925257868248201,1.0,1.0674438737550966,0.0019449745599981,0.5,True,,,,,,,,,,,,,,,
rbig,,,0.0001036386441305,0.0294500940330136,0.3870720607359746,1.0,0.9828557102223794,0.0001465671761154,5.2,,60.0,1000.0,,,,,,,,,,,,,
noise,0.1,True,0.0002384973530529,0.0349357013820545,0.3631120024491393,1.0,1.0766437825177635,0.0003372861912776,0.5,,,,,,,,,,,,,,,,
gaussian,,,0.0562797133958722,0.2609132249696647,0.3925257868248201,1.0,1.0674438737550966,0.0024814169374038,0.6,True,,,,,,,,,,,,,,,
rbig,,,0.0015080725494972,0.0678337049209206,0.6228308558774804,1.0,1.0019830869225372,0.0003852475093861,1.2,,10.0,100.0,,,,,,,,,,,,,
noise,0.5,True,0.0192294111086144,0.1655105031360488,0.443157532213995,1.0,1.1985912427353451,1.7067491972221887e-05,0.5,,,,,,,,,,,,,,,,
gaussian,,,0.0578721001275047,0.2565296444633675,0.3921546833579927,1.0,1.0600785881223906,0.0031634396880826,0.5,False,,,,,,,,,,,,,,,
rbig,,,0.0011915607076115,0.0778311389749598,0.6664893427687671,1.0,1.1009395530611914,4.254984546718692e-05,1.3,,10.0,600.0,,,,,,,,,,,,,
noise,0.02,False,0.2799578084264746,1.0963564357975066,0.9577209176383332,1.0,2.264756446926662,0.0020323278588235,0.5,,,,,,,,,,,,,,,,
gaussian,,,0.0571378783950988,0.2609132249696647,0.3925257868248201,1.0,1.0674438737550966,0.0042705283311841,0.5,True,,,,,,,,,,,,,,,
rbig,,,0.0007237356689862,0.0460898887812715,0.5450088960582814,1.0,0.9723276420531112,0.000163166250652,1.8,,15.0,400.0,,,,,,,,,,,,,
noise,0.15,True,5.615281555071405e-06,0.0407215255585134,0.362106111655096,1.0,1.0834808003297498,7.941207331725465e-06,0.5,,,,,,,,,,,,,,,,
gaussian,,,0.0543136631634809,0.2565296444633675,0.3921546833579927,1.0,1.0600785881223906,0.0015761273259547,0.5,False,,,,,,,,,,,,,,,
rbig,,,7.334399691583116e-05,0.042009991706489,0.4467581063256508,1.0,1.003797378700326,0.000103724075157,1.9,,20.0,1000.0,,,,,,,,,,,,,
noise,0.05,False,0.3698770187516854,3.110154056851544,1.284352345325244,1.0,4.769962407682058,0.0004340612597069,0.5,,,,,,,,,,,,,,,,
gaussian,,,0.0570107190283111,0.2565296444633675,0.3921546833579927,1.0,1.0600785881223906,0.0029487122293377,0.5,False,,,,,,,,,,,,,,,
rbig,,,0.0022173457230076,0.077194388681554,0.7567071099771858,1.0,1.0123780323071752,0.0003430003235524,0.8,,5.0,100.0,,,,,,,,,,,,,
noise,0.3,False,0.3826813747645918,20.05748955931103,1.3921240331841729,1.0,26.686016520274627,0.000464101120624,0.7,,,,,,,,,,,,,,,,
gaussian,,,0.0598294985735833,0.2565296444633675,0.3921546833579927,1.0,1.0600785881223906,0.0032290397825351,0.5,False,,,,,,,,,,,,,,,
rbig,,,0.0002571607357872,0.0285034867670559,0.4077853128586006,1.0,0.9621573001415138,5.549180721198959e-06,3.1,,40.0,200.0,,,,,,,,,,,,,
noise,0.5,True,0.0190356950808563,0.1655105031360488,0.443157532213995,1.0,1.1985912427353451,0.0010990138292115,0.5,,,,,,,,,,,,,,,,
gaussian,,,0.0559074862815185,0.2565296444633675,0.3921546833579927,1.0,1.0600785881223906,0.0012794692680427,0.5,False,,,,,,,,,,,,,,,
rbig,,,0.0,0.0293163019456506,0.3993780131702692,1.0,0.9843104824729954,0.0,5.1,,60.0,600.0,,,,,,,,,,,,,
noise,0.01,False,0.1138607294053088,0.4484258533407843,0.6095750456775739,1.0,1.5172983389404626,0.0039481869553372,0.6,,,,,,,,,,,,,,,,
gaussian,,,0.0565310863081129,0.2609132249696647,0.3925257868248201,1.0,1.0674438737550966,0.0014871939743108,0.5,True,,,,,,,,,,,,,,,
rbig,,,3.425320065469917e-05,0.0413443862337212,0.4460084443327075,1.0,0.9918545779590796,4.844134092056255e-05,2.2,,20.0,600.0,,,,,,,,,,,,,
noise,0.02,False,0.2721759400500644,1.0963564357975066,0.9577209176383332,1.0,2.264756446926662,0.0002699124198832,0.6,,,,,,,,,,,,,,,,
gaussian,,,0.0536222252352755,0.2565296444633675,0.3921546833579927,1.0,1.0600785881223906,0.0021039179347463,0.6,False,,,,,,,,,,,,,,,
rbig,,,0.0003331069097861,0.0372474886234923,0.4436543231449845,1.0,0.9508276418454288,0.0002841247139972,3.0,,30.0,100.0,,,,,,,,,,,,,
noise,0.2,True,0.0007241041105753,0.0504026814725282,0.3626115278384734,1.0,1.0929581647777846,0.0005120026678601,0.6,,,,,,,,,,,,,,,,
gaussian,,,0.0548158087383698,0.2565296444633675,0.3921546833579927,1.0,1.0600785881223906,0.0048852547834343,0.5,False,,,,,,,,,,,,,,,
rbig,,,0.0024923369238826,0.0931113574050988,0.7643451474132419,1.0,1.1787933416981384,0.0013369192164722,0.9,,5.0,1000.0,,,,,,,,,,,,,
noise,0.3,True,0.0029243268509011,0.079012259579527,0.3724492836175664,1.0,1.119485537281879,0.0003034567483429,0.6,,,,,,,,,,,,,,,,
gaussian,,,0.0561911083516906,0.2565296444633675,0.3921546833579927,1.0,1.0600785881223906,0.00167678247625,0.6,False,,,,,,,,,,,,,,,
rbig,,,6.731928273040477e-05,0.0341860543414085,0.39887066931281,1.0,0.9549032470522262,9.520384264656733e-05,3.1,,40.0,100.0,,,,,,,,,,,,,
noise,0.02,False,0.2739965080656454,1.0963564357975066,0.9577209176383332,1.0,2.264756446926662,0.0055973720360256,0.5,,,,,,,,,,,,,,,,
gaussian,,,0.0560598985517658,0.2609132249696647,0.3925257868248201,1.0,1.0674438737550966,0.0034595883602346,0.6,True,,,,,,,,,,,,,,,
rbig,,,0.0020547312516871,0.0813768626105222,0.7663528899851924,1.0,1.0656752817272048,0.0009595845026882,0.9,,5.0,200.0,,,,,,,,,,,,,
noise,0.5,True,0.018960160504474,0.1655105031360488,0.443157532213995,1.0,1.1985912427353451,0.0009095358705312,0.5,,,,,,,,,,,,,,,,
gaussian,,,0.054465442610431,0.2565296444633675,0.3921546833579927,1.0,1.0600785881223906,0.0030085764172487,0.5,False,,,,,,,,,,,,,,,
rbig,,,0.0002793903687655,0.0464204663407979,0.5488452455331239,1.0,0.9556874577450772,3.30937213727162e-05,1.6,,15.0,200.0,,,,,,,,,,,,,
noise,0.15,False,0.3817439980062276,9.882906175987614,1.3828271170881945,1.0,13.497666290995518,0.0002277460069075,0.6,,,,,,,,,,,,,,,,
gaussian,,,0.0570906165986075,0.2609132249696647,0.3925257868248201,1.0,1.0674438737550966,0.0021541545662846,0.5,True,,,,,,,,,,,,,,,
rbig,,,0.0001493930776091,0.0333095592687994,0.4340226689566104,1.0,0.962557772152942,0.0002112737164795,2.9,,30.0,200.0,,,,,,,,,,,,,
noise,0.3,True,0.0052169247738066,0.079012259579527,0.3724492836175664,1.0,1.119485537281879,0.0014218817758001,0.5,,,,,,,,,,,,,,,,
gaussian,,,0.0638186079239338,0.2609132249696647,0.3925257868248201,1.0,1.0674438737550966,0.0004376344310986,0.5,True,,,,,,,,,,,,,,,
rbig,,,0.0005921652186612,0.0460694300375232,0.5523298672312899,1.0,0.9692255303590108,0.0006587645988774,1.6,,15.0,300.0,,,,,,,,,,,,,
noise,0.01,False,0.1229074559134719,0.4484258533407843,0.6095750456775739,1.0,1.5172983389404626,0.0067988087927043,0.6,,,,,,,,,,,,,,,,
gaussian,,,0.0552829229365675,0.2565296444633675,0.3921546833579927,1.0,1.0600785881223906,0.001569167691433,0.6,False,,,,,,,,,,,,,,,
rbig,,,0.0002110880575182,0.032592923276104,0.4225422617720487,1.0,0.9792166402055124,0.0002670454957533,2.8,,30.0,1000.0,,,,,,,,,,,,,
noise,0.01,True,5.413306204765656e-05,0.0321135294480094,0.3658764970635951,1.0,1.0711615315172418,7.655571052058017e-05,0.5,,,,,,,,,,,,,,,,
gaussian,,,0.0514261356443451,0.2565296444633675,0.3921546833579927,1.0,1.0600785881223906,0.0044273891802031,0.6,False,,,,,,,,,,,,,,,
rbig,,,0.0029027817292939,0.0884907303804837,0.7682837956656338,1.0,1.1345900316950468,0.0019884277274884,1.0,,5.0,600.0,,,,,,,,,,,,,
noise,0.2,True,0.0009906339651641,0.0504026814725282,0.3626115278384734,1.0,1.0929581647777846,0.0006977170327663,0.6,,,,,,,,,,,,,,,,
gaussian,,,0.0492300185628704,0.2565296444633675,0.3921546833579927,1.0,1.0600785881223906,0.0049285565769658,0.6,False,,,,,,,,,,,,,,,
rbig,,,5.303927078093018e-05,0.0292501602978943,0.3861770318752823,1.0,0.9840017460268224,7.500885607677048e-05,4.8,,60.0,400.0,,,,,,,,,,,,,
noise,0.05,True,8.09686494760431e-05,0.0325457540883223,0.3646728229449607,1.0,1.072505761157302,0.000114506962216,0.5,,,,,,,,,,,,,,,,
gaussian,,,0.0561758542793953,0.2565296444633675,0.3921546833579927,1.0,1.0600785881223906,0.0015231634348063,0.5,False,,,,,,,,,,,,,,,
rbig,,,0.0,0.0285335895893716,0.4247119569419115,1.0,0.9772592315812214,0.0,3.8,,40.0,1000.0,,,,,,,,,,,,,
noise,0.1,False,0.3794344602834433,6.493875718842222,1.3665055418234258,1.0,9.114941138008074,0.0016272450036343,0.5,,,,,,,,,,,,,,,,
gaussian,,,0.0466295893607778,0.2609132249696647,0.3925257868248201,1.0,1.0674438737550966,2.958172027677761e-06,0.6,True,,,,,,,,,,,,,,,
rbig,,,0.0003833844202074,0.046659130886905,0.5568497511801149,1.0,0.9834153534321484,0.0002115302493584,1.7,,15.0,600.0,,,,,,,,,,,,,
noise,0.15,True,0.0004113108949138,0.0407215255585134,0.362106111655096,1.0,1.0834808003297498,0.0005816814459389,0.5,,,,,,,,,,,,,,,,
gaussian,,,0.0549145080892921,0.2565296444633675,0.3921546833579927,1.0,1.0600785881223906,0.0006061140298945,0.5,False,,,,,,,,,,,,,,,
rbig,,,2.4373944035926964e-05,0.0413443862337212,0.4460084443327075,1.0,0.9918545779590796,3.446996222413073e-05,2.1,,20.0,600.0,,,,,,,,,,,,,
noise,0.2,True,0.0008204744072503,0.0504026814725282,0.3626115278384734,1.0,1.0929581647777846,0.0002712649151746,0.5,,,,,,,,,,,,,,,,
gaussian,,,0.0584744234121784,0.2565296444633675,0.3921546833579927,1.0,1.0600785881223906,0.0074668447042327,0.6,False,,,,,,,,,,,,,,,
rbig,,,0.0030082643070321,0.0813768626105222,0.7663528899851924,1.0,1.0656752817272048,0.0002932143207321,0.9,,5.0,200.0,,,,,,,,,,,,,
noise,0.15,False,0.382363475919116,9.882906175987614,1.3828271170881945,1.0,13.497666290995518,0.0003589554004595,0.6,,,,,,,,,,,,,,,,
gaussian,,,0.0583590536466213,0.2609132249696647,0.3925257868248201,1.0,1.0674438737550966,0.0054200081507544,0.6,True,,,,,,,,,,,,,,,
rbig,,,0.0,0.0403364234172881,0.4474848767407611,1.0,0.9784612489029832,0.0,2.2,,20.0,300.0,,,,,,,,,,,,,
noise,0.02,True,0.0,0.0321572081403905,0.365592426724397,1.0,1.0713331268976336,0.0,0.5,,,,,,,,,,,,,,,,
gaussian,,,0.0528726171017055,0.2565296444633675,0.3921546833579927,1.0,1.0600785881223906,0.0029073488368143,0.5,False,,,,,,,,,,,,,,,
rbig,,,0.0009713384752335,0.0719517485300534,0.6511211053147599,1.0,1.0457087843498971,0.0002715222425017,1.2,,10.0,200.0,,,,,,,,,,,,,
noise,0.15,False,0.3816809836375188,9.882906175987614,1.3828271170881945,1.0,13.497666290995518,0.0019905633301691,0.5,,,,,,,,,,,,,,,,
gaussian,,,0.0554428300800639,0.2609132249696647,0.3925257868248201,1.0,1.0674438737550966,0.0031680120356074,0.5,True,,,,,,,,,,,,,,,
rbig,,,1.9843610176095705e-05,0.0281238435859907,0.4240868134690091,1.0,0.9722244110406276,2.8063102637479308e-05,3.5,,40.0,600.0,,,,,,,,,,,,,
noise,0.15,True,0.0002397353549963,0.0407215255585134,0.362106111655096,1.0,1.0834808003297498,0.0003390369904162,0.5,,,,,,,,,,,,,,,,
gaussian,,,0.0530373187585053,0.2609132249696647,0.3925257868248201,1.0,1.0674438737550966,0.0042659748197577,0.5,True,,,,,,,,,,,,,,,
rbig,,,0.0,0.0285335895893716,0.4247119569419115,1.0,0.9772592315812214,0.0,4.2,,40.0,1000.0,,,,,,,,,,,,,
noise,0.01,True,5.9082441414282094e-05,0.0321135294480094,0.3658764970635951,1.0,1.0711615315172418,8.355518994619157e-05,0.6,,,,,,,,,,,,,,,,
gaussian,,,0.0610596871807725,0.2609132249696647,0.3925257868248201,1.0,1.0674438737550966,0.002364943573154,0.6,True,,,,,,,,,,,,,,,
rbig,,,4.759715707680634e-07,0.030222330789693,0.4083544105863225,1.0,0.9891373163272812,6.731254506842207e-07,4.9,,60.0,300.0,,,,,,,,,,,,,
noise,0.05,False,0.369230559448665,3.110154056851544,1.284352345325244,1.0,4.769962407682058,0.0027414048847659,0.5,,,,,,,,,,,,,,,,
gaussian,,,0.0590844092915942,0.2609132249696647,0.3925257868248201,1.0,1.0674438737550966,0.0007262941208018,0.6,True,,,,,,,,,,,,,,,
rbig,,,0.0003669737210882,0.0285034867670559,0.4077853128586006,1.0,0.9621573001415138,9.9819916400502e-05,3.4,,40.0,200.0,,,,,,,,,,,,,
noise,0.15,True,0.0002393277359098,0.0407215255585134,0.362106111655096,1.0,1.0834808003297498,0.0003384605299757,0.6,,,,,,,,,,,,,,,,
gaussian,,,0.0573812909083603,0.2609132249696647,0.3925257868248201,1.0,1.0674438737550966,0.0034837635243182,0.6,True,,,,,,,,,,,,,,,
rbig,,,0.0010877366500786,0.0816138255010448,0.6684929865372866,1.0,1.134063498987134,0.0001808956431687,1.4,,10.0,1000.0,,,,,,,,,,,,,
noise,0.02,False,0.2823908100587622,1.0963564357975066,0.9577209176383332,1.0,2.264756446926662,0.0035608902033944,0.6,,,,,,,,,,,,,,,,
gaussian,,,0.0560684810564097,0.2609132249696647,0.3925257868248201,1.0,1.0674438737550966,0.002033187177744,0.6,True,,,,,,,,,,,,,,,
rbig,,,8.62720177658427e-05,0.0402814754906693,0.4267452147970503,1.0,0.9803479417358514,0.0001220070575777,4.6,,60.0,100.0,,,,,,,,,,,,,
noise,0.1,True,0.0001004829915344,0.0349357013820545,0.3631120024491393,1.0,1.0766437825177635,0.0001421044094158,0.6,,,,,,,,,,,,,,,,
gaussian,,,0.0546476469111485,0.2609132249696647,0.3925257868248201,1.0,1.0674438737550966,0.0021096581085719,0.6,True,,,,,,,,,,,,,,,
rbig,,,0.0018117016720259,0.077194388681554,0.7567071099771858,1.0,1.0123780323071752,0.0002514156748288,0.9,,5.0,100.0,,,,,,,,,,,,,
noise,0.2,True,0.0003217190050753,0.0504026814725282,0.3626115278384734,1.0,1.0929581647777846,0.0004492830363542,0.5,,,,,,,,,,,,,,,,
gaussian,,,0.0557862149207252,0.2565296444633675,0.3921546833579927,1.0,1.0600785881223906,0.0001571488499306,0.6,False,,,,,,,,,,,,,,,
rbig,,,0.0005426170527125,0.0460898887812715,0.5450088960582814,1.0,0.9723276420531112,0.0005361265970187,1.8,,15.0,400.0,,,,,,,,,,,,,
noise,0.1,True,0.0,0.0349357013820545,0.3631120024491393,1.0,1.0766437825177635,0.0,0.6,,,,,,,,,,,,,,,,
gaussian,,,0.0520866096477378,0.2609132249696647,0.3925257868248201,1.0,1.0674438737550966,0.000706261810807,0.6,True,,,,,,,,,,,,,,,
rbig,,,0.0015118317500196,0.0750742896030214,0.6566586164068196,1.0,1.0758504538373657,0.0010332930690687,1.3,,10.0,400.0,,,,,,,,,,,,,
noise,0.01,False,0.1227872657094616,0.4484258533407843,0.6095750456775739,1.0,1.5172983389404626,0.0015051234028791,0.6,,,,,,,,,,,,,,,,
gaussian,,,0.0588606519861683,0.2609132249696647,0.3925257868248201,1.0,1.0674438737550966,0.0017987986837315,0.6,True,,,,,,,,,,,,,,,
rbig,,,0.000380246328283,0.0413443862337212,0.4460084443327075,1.0,0.9918545779590796,0.0005377495145004,2.4,,20.0,600.0,,,,,,,,,,,,,
noise,0.3,False,0.3815544099035437,20.05748955931103,1.3921240331841729,1.0,26.686016520274627,0.0001705863236077,0.7,,,,,,,,,,,,,,,,
gaussian,,,0.0580802163076209,0.2609132249696647,0.3925257868248201,1.0,1.0674438737550966,0.0025728336178047,0.6,True,,,,,,,,,,,,,,,
rbig,,,0.0004507142043349,0.0460694300375232,0.5523298672312899,1.0,0.9692255303590108,2.311575442409857e-05,1.6,,15.0,300.0,,,,,,,,,,,,,
noise,0.15,True,0.0002702264377549,0.0407215255585134,0.362106111655096,1.0,1.0834808003297498,6.63778956340834e-05,0.6,,,,,,,,,,,,,,,,
gaussian,,,0.0510974417154071,0.2609132249696647,0.3925257868248201,1.0,1.0674438737550966,0.0027006179880744,0.6,True,,,,,,,,,,,,,,,
rbig,,,0.0013137464388467,0.0737238768337592,0.658254222878542,1.0,1.06557701278834,0.0003680866837545,1.3,,10.0,300.0,,,,,,,,,,,,,
noise,0.02,False,0.2782913984784075,1.0963564357975066,0.9577209176383332,1.0,2.264756446926662,0.0088915335610182,0.6,,,,,,,,,,,,,,,,
gaussian,,,0.054403799187771,0.2609132249696647,0.3925257868248201,1.0,1.0674438737550966,0.007366998202348,0.5,True,,,,,,,,,,,,,,,
rbig,,,0.0002423175797124,0.0372474886234923,0.4436543231449845,1.0,0.9508276418454288,0.0003426888076308,2.5,,30.0,100.0,,,,,,,,,,,,,
noise,0.05,True,0.0,0.0325457540883223,0.3646728229449607,1.0,1.072505761157302,0.0,0.5,,,,,,,,,,,,,,,,
gaussian,,,0.059289206377138,0.2565296444633675,0.3921546833579927,1.0,1.0600785881223906,0.0051560550410295,0.5,False,,,,,,,,,,,,,,,
rbig,,,0.0,0.0293163019456506,0.3993780131702692,1.0,0.9843104824729954,0.0,5.0,,60.0,600.0,,,,,,,,,,,,,
noise,0.3,False,0.3815115507522674,20.05748955931103,1.3921240331841729,1.0,26.686016520274627,0.0001396739105142,0.6,,,,,,,,,,,,,,,,
gaussian,,,0.0562636168861888,0.2565296444633675,0.3921546833579927,1.0,1.0600785881223906,0.0022972761841074,0.6,False,,,,,,,,,,,,,,,
rbig,,,0.0013055600205736,0.0678337049209206,0.6228308558774804,1.0,1.0019830869225372,0.0004609635085208,1.1,,10.0,100.0,,,,,,,,,,,,,
noise,0.02,False,0.273385723315859,1.0963564357975066,0.9577209176383332,1.0,2.264756446926662,0.0002034516686296,0.5,,,,,,,,,,,,,,,,
gaussian,,,0.0573743510523392,0.2609132249696647,0.3925257868248201,1.0,1.0674438737550966,0.0073518877313246,0.5,True,,,,,,,,,,,,,,,
rbig,,,0.0,0.0292501602978943,0.3861770318752823,1.0,0.9840017460268224,0.0,5.2,,60.0,400.0,,,,,,,,,,,,,
noise,0.1,False,0.3799571447999165,6.493875718842222,1.3665055418234258,1.0,9.114941138008074,0.001550342340902,0.5,,,,,,,,,,,,,,,,
gaussian,,,0.050642932135113,0.2565296444633675,0.3921546833579927,1.0,1.0600785881223906,0.0036069751505552,0.5,False,,,,,,,,,,,,,,,
rbig,,,0.0001155367581332,0.0293163019456506,0.3993780131702692,1.0,0.9843104824729954,0.0001633936503046,5.4,,60.0,600.0,,,,,,,,,,,,,
noise,0.2,True,0.0002423573949564,0.0504026814725282,0.3626115278384734,1.0,1.0929581647777846,0.0003427451148888,0.6,,,,,,,,,,,,,,,,
gaussian,,,0.0565239920539593,0.2565296444633675,0.3921546833579927,1.0,1.0600785881223906,0.0040742903328632,0.5,False,,,,,,,,,,,,,,,
rbig,,,0.0003653341745764,0.0460694300375232,0.5523298672312899,1.0,0.9692255303590108,0.0002010885645737,1.6,,15.0,300.0,,,,,,,,,,,,,
noise,0.5,True,0.017068540032112,0.1655105031360488,0.443157532213995,1.0,1.1985912427353451,0.0001053280399218,0.6,,,,,,,,,,,,,,,,
gaussian,,,0.0570132719464858,0.2565296444633675,0.3921546833579927,1.0,1.0600785881223906,0.0002333363052971,0.6,False,,,,,,,,,,,,,,,
rbig,,,0.0,0.0292501602978943,0.3861770318752823,1.0,0.9840017460268224,0.0,5.1,,60.0,400.0,,,,,,,,,,,,,
noise,0.3,False,0.3805710193841108,20.05748955931103,1.3921240331841729,1.0,26.686016520274627,0.0001347420765311,0.6,,,,,,,,,,,,,,,,
gaussian,,,0.0599218693234082,0.2609132249696647,0.3925257868248201,1.0,1.0674438737550966,0.0031098575965386,0.5,True,,,,,,,,,,,,,,,
rbig,,,0.000149040920123,0.0324621295747423,0.4297410109625244,1.0,0.973687948880708,0.0002107756905866,3.0,,30.0,600.0,,,,,,,,,,,,,
noise,0.15,False,0.3813526937824695,9.882906175987614,1.3828271170881945,1.0,13.497666290995518,0.0015760892928356,0.7,,,,,,,,,,,,,,,,
gaussian,,,0.0565763059741032,0.2565296444633675,0.3921546833579927,1.0,1.0600785881223906,0.0042520277309316,0.5,False,,,,,,,,,,,,,,,
rbig,,,0.0004012644746801,0.0460898887812715,0.5450088960582814,1.0,0.9723276420531112,0.0002190392292833,1.7,,15.0,400.0,,,,,,,,,,,,,
noise,0.1,True,1.1214875409448766e-05,0.0349357013820545,0.3631120024491393,1.0,1.0766437825177635,1.5860228904366962e-05,0.5,,,,,,,,,,,,,,,,
gaussian,,,0.0533617511890975,0.2609132249696647,0.3925257868248201,1.0,1.0674438737550966,0.0038885042791138,0.6,True,,,,,,,,,,,,,,,
rbig,,,0.0002811085208006,0.0406654656272526,0.4364318333695737,1.0,0.9811741604102572,0.0003975474826149,2.2,,20.0,400.0,,,,,,,,,,,,,
noise,0.1,False,0.3811366267231532,6.493875718842222,1.3665055418234258,1.0,9.114941138008074,0.0005801196129134,0.6,,,,,,,,,,,,,,,,
gaussian,,,0.0563932500578163,0.2609132249696647,0.3925257868248201,1.0,1.0674438737550966,0.0020837570969449,0.6,True,,,,,,,,,,,,,,,
noise,0.11338,False,0.3807772586019953,7.394821518059089,1.3709157617356704,1.0,10.294101791252109,,0.3,,,,normal,0.0,,,,,,,,,,,
gaussian,,,0.095935863089892,0.3846096031696434,0.5596638110344062,1.0,1.2298047261878449,,0.3,True,,,,,0.21776,identity,gaussian,,,,,,,,
rbig,,,7.00371471034078e-05,0.0419366585022634,0.4622028057868168,1.0,0.935760288265206,,1.0,,20.0,100.0,,,,,,random,,,,,,,
noise,0.16383,False,0.3821327382557692,10.812604801016628,1.3818514220861204,1.0,14.725362532081729,,0.3,,,,normal,0.0,,,,,,,,,,,
gaussian,,,0.053729391997778,0.264167832097446,0.4094735222429175,1.0,1.0720175537161136,,0.3,True,,,,,,diagonal,gaussian,,,,,,,,
rbig,,,0.0002101962984335,0.0330270851112207,0.4482189257628716,1.0,1.002251519313644,,2.0,,40.0,1000.0,,,,,,pca,,,,,,,
noise,0.19255,True,0.0,0.0440581489141235,0.3194236089926094,1.0,1.0833767857897094,,0.5,,,,normal,0.0,,,,,,,,,,,
rbig,,,0.0,0.0331273673697911,0.4482945865174426,1.0,1.0000786319135777,,2.2,,40.0,800.0,,,,,,pca,,,,,,,
noise,0.01042,False,0.1288871358177239,0.4717235732995064,0.6128177814386038,1.0,1.539978180979622,,0.4,,,,normal,0.0,,,,,,,,,,,
gaussian,,,0.0569008420835825,0.2601138505728871,0.6073403754638084,1.0,1.0662761658302329,,0.4,True,,,,,0.3545,diagonal,gaussian,,,,,,,,
rbig,,,0.0001815795330069,0.0394963284200312,0.4778419371174752,1.0,1.0194705582501469,,1.6,,25.0,1500.0,,,,,,pca,,,,,,,
noise,0.045,True,0.0,0.0283698605561615,0.3212743336933254,1.0,1.0640096542561397,,0.4,,,,normal,0.0,,,,,,,,,,,
gaussian,,,0.1941042031497382,0.671852534951927,1.3397736270123604,1.0,1.5399076881994265,,0.4,False,,,,,0.95674,identity,gaussian,,,,,,,,
rbig,,,7.681190851260844e-06,0.0386014508389842,0.4820895128634269,1.0,0.9772527538729,,1.2,,20.0,600.0,,,,,,random,,,,,,,
noise,0.00685,False,0.0522087305561812,0.2592143618715025,0.4435333626325329,1.0,1.308096344893653,,0.3,,,,normal,0.0,,,,,,,,,,,
gaussian,,,0.1343249945655547,0.4537931074611236,0.7079177014295457,1.0,1.3152002118135468,,0.3,False,,,,,0.36935,identity,gaussian,,,,,,,,
rbig,,,0.0,0.0311446937669237,0.4129843892034197,1.0,0.991833252990558,,3.5,,80.0,400.0,,,,,,pca,,,,,,,
noise,0.11027,False,0.3797208586420094,6.940836251452,1.3936247957181207,1.0,10.11544681752501,,0.3,,,,student_t,8.0,,,,,,,,,,,
gaussian,,,0.0791495520996957,0.3171390693538755,0.4473440064542456,1.0,1.1445953199275494,,0.3,False,,,,,0.09204,identity,gaussian,,,,,,,,
rbig,,,0.0001518519581177,0.0376447056893974,0.3993272221976667,1.0,0.9744339551613664,,1.9,,50.0,100.0,,,,,,random,,,,,,,
noise,0.20798,False,0.3840515898155223,12.792003927878236,1.3863139826472353,1.0,18.92241276643395,,0.3,,,,student_t,5.0,,,,,,,,,,,
gaussian,,,0.013776243069825,0.0391420854083782,1.2159350513324427,1.0,1.092517329213181,,0.3,True,,,,,0.78858,identity,rank_gauss,,,,,,,,
rbig,,,5.501776877969711e-05,0.0427272493414322,0.5625352242181844,1.0,1.0032286009880849,,0.9,,15.0,1000.0,,,,,,random,,,,,,,
noise,0.24728,True,0.0020544287784742,0.0581110948288992,0.3236126142578053,1.0,1.0964421728543514,,0.3,,,,normal,0.0,,,,,,,,,,,
gaussian,,,0.0684601139856019,0.2591987433713895,1.3171271940744105,1.0,1.0647681142649836,,0.3,True,,,,,0.92585,diagonal,gaussian,,,,,,,,
rbig,,,0.0005872726091618,0.0375924305102529,0.4664393924476901,1.0,0.9962020783619372,,1.2,,25.0,1500.0,,,,,,random,,,,,,,
noise,0.01085,False,0.1414375663322093,0.4985458209572478,0.632619282379269,1.0,1.5698787403708017,,0.3,,,,normal,0.0,,,,,,,,,,,
gaussian,,,0.0832489643766543,0.3384962883153194,0.476246168446128,1.0,1.1718455071419729,,0.3,True,,,,,0.12911,identity,gaussian,,,,,,,,
rbig,,,1.6838013503606142e-05,0.0390534084290277,0.4611112655506084,1.0,1.022132929701582,,0.8,,15.0,400.0,,,,,,pca,,,,,,,
noise,0.00581,True,4.323696779906516e-05,0.0281843144443849,0.3225535632218587,1.0,1.0628894081643183,,0.3,,,,normal,0.0,,,,,,,,,,,
gaussian,,,0.0133803724244671,0.0392832309211624,1.036870077254907,1.0,1.0930486638515524,,0.3,True,,,,,0.60117,diagonal,rank_gauss,,,,,,,,
rbig,,,0.0,0.0362870674900439,0.4202405381766863,1.0,1.0233736817665138,,1.5,,30.0,1500.0,,,,,,pca,,,,,,,
noise,0.01388,True,0.0,0.0281477500055306,0.3227131259258856,1.0,1.0629470671779853,,0.3,,,,student_t,5.0,,,,,,,,,,,
gaussian,,,0.0128068798506811,0.0389691982848704,1.3077407416579143,1.0,1.0915471095238165,,0.4,False,,,,,0.88915,diagonal,rank_gauss,,,,,,,,
rbig,,,0.0008436393663466,0.053055481890764,0.5778842627877502,1.0,1.0191174888005896,,0.7,,10.0,300.0,,,,,,random,,,,,,,
noise,0.3844,False,0.3815721572622293,25.76582129099654,1.3894586827749569,1.0,34.148195642529274,,0.4,,,,normal,0.0,,,,,,,,,,,
gaussian,,,0.1058093797085451,0.4076264940474611,0.6100850668837074,1.0,1.258357523606357,,0.3,True,,,,,0.26642,identity,gaussian,,,,,,,,
rbig,,,0.0,0.038324829480698,0.4665750928155698,1.0,0.9690676611083412,,1.0,,20.0,400.0,,,,,,random,,,,,,,
noise,0.03559,True,0.0,0.0285536599263654,0.3234228840551436,1.0,1.0638925329214628,,0.3,,,,student_t,4.0,,,,,,,,,,,
gaussian,,,0.1105575870633939,0.4110466710816871,0.6180027239575517,1.0,1.2625840144479237,,0.3,True,,,,,0.27391,identity,gaussian,,,,,,,,
noise,0.01539,True,0.0,0.0281905979218796,0.3222532268246919,1.0,1.063005351260086,,0.3,,,,normal,0.0,,,,,,,,,,,
gaussian,,,0.071902162727407,0.259180903883316,1.3626554900572845,1.0,1.0648101087073731,,0.3,True,,,,,0.96095,diagonal,gaussian,,,,,,,,
rbig,,,0.0,0.0388417056621368,0.4912742843873701,1.0,0.9848964854332573,,1.2,,20.0,800.0,,,,,,random,,,,,,,
noise,0.12255,True,4.119340238695202e-06,0.0322564135925188,0.318984434944834,1.0,1.0712391988850878,,0.3,,,,normal,0.0,,,,,,,,,,,
gaussian,,,0.0577609861749974,0.2603958787982965,0.4340434614496957,1.0,1.0665737446449246,,0.4,True,,,,,0.13118,diagonal,gaussian,,,,,,,,
rbig,,,0.0001535828466981,0.0287044966369435,0.3780744119048752,1.0,0.9897511105572891,,2.5,,60.0,400.0,,,,,,random,,,,,,,
noise,0.00699,False,0.0524410581479981,0.2670675021945354,0.4499048096263832,1.0,1.3164796910258585,,0.3,,,,normal,0.0,,,,,,,,,,,
gaussian,,,0.0088921751838986,0.0393032755306409,0.4931354249164287,1.0,1.0947043254598174,,0.4,True,,,,,0.0899,diagonal,rank_gauss,,,,,,,,
rbig,,,0.0003466479485177,0.0333913865782589,0.4547337510905994,1.0,0.9855943508941474,,1.8,,40.0,300.0,,,,,,pca,,,,,,,
noise,0.00747,True,0.0,0.0281741579024052,0.3226629503334267,1.0,1.062873740659166,,0.3,,,,student_t,3.0,,,,,,,,,,,
gaussian,,,0.0891530602550482,0.3508845822292962,0.4960062929297583,1.0,1.1875070441183122,,0.3,False,,,,,0.15174,identity,gaussian,,,,,,,,
rbig,,,0.0,0.0361250117148349,0.4728611248770017,1.0,0.9711444548002088,,1.2,,25.0,300.0,,,,,,random,,,,,,,
noise,0.41983,False,0.3822325300719935,22.37436464497477,1.4036515550147952,1.0,37.28372947041028,,0.3,,,,student_t,3.0,,,,,,,,,,,
gaussian,,,0.0497739804627315,0.2603905954843426,0.4369760254006213,1.0,1.0665681214437626,,0.3,True,,,,,0.13753,diagonal,gaussian,,,,,,,,
rbig,,,0.0020462654777376,0.0750924096226503,0.6096974875750801,1.0,1.0201579146673327,,0.5,,5.0,200.0,,,,,,random,,,,,,,
noise,0.01097,True,0.0,0.0281417112035116,0.3224008011066123,1.0,1.062951994369495,,0.3,,,,student_t,8.0,,,,,,,,,,,
gaussian,,,0.0068405014268685,0.0393265285915076,0.5156126857586157,1.0,1.0945806514299388,,0.3,True,,,,,0.11135,diagonal,rank_gauss,,,,,,,,
rbig,,,0.0,0.0407335197085712,0.3996320163588647,1.0,0.9812673943984992,,2.4,,60.0,100.0,,,,,,random,,,,,,,
noise,0.00844,False,0.0813697451426544,0.3511250051077537,0.5185367201761621,1.0,1.4071957788646603,,0.3,,,,normal,0.0,,,,,,,,,,,
gaussian,,,0.0605135783457636,0.2595808705351634,0.8887761367301125,1.0,1.0657042706411963,,0.3,True,,,,,0.60471,diagonal,gaussian,,,,,,,,
rbig,,,0.0003092090146872,0.0418060964917748,0.5479873228068038,1.0,0.974047478486474,,0.8,,15.0,300.0,,,,,,random,,,,,,,
noise,0.01921,True,0.0,0.0282001000662623,0.3221308158552463,1.0,1.0630800936710447,,0.3,,,,normal,0.0,,,,,,,,,,,
gaussian,,,0.160130136267825,0.5523320033046722,0.982838214505412,1.0,1.427665663533004,,0.3,False,,,,,0.62564,identity,gaussian,,,,,,,,
rbig,,,0.0,0.0334867578583678,0.4400645175841247,1.0,1.0092508486948053,,1.9,,40.0,1500.0,,,,,,pca,,,,,,,
noise,0.01633,True,0.0001174952718805,0.028192713107646,0.3222232387576758,1.0,1.063022235770858,,0.3,,,,normal,0.0,,,,,,,,,,,
gaussian,,,0.0561605043616256,0.2600245380242877,0.643211989679036,1.0,1.066207395555098,,0.3,True,,,,,0.38935,diagonal,gaussian,,,,,,,,
rbig,,,0.0,0.030220612506867,0.3658700932217038,1.0,0.9919012415598728,,2.4,,60.0,400.0,,,,,,pca,,,,,,,
noise,0.22481,False,0.3818826742942063,11.843513052784036,1.3995928094746637,1.0,20.06345913125636,,0.3,,,,student_t,3.0,,,,,,,,,,,
gaussian,,,0.0089705874852901,0.0393506082398189,0.7435755736453663,1.0,1.0935153323251074,,0.4,True,,,,,0.31978,identity,rank_gauss,,,,,,,,
noise,0.02119,False,0.2834925386334231,1.172244383959107,0.9838492638338056,1.0,2.3544546904826893,,0.3,,,,normal,0.0,,,,,,,,,,,
gaussian,,,0.0548719280910516,0.259992024885156,0.6559008699279439,1.0,1.066182395514268,,0.3,True,,,,,0.40135,diagonal,gaussian,,,,,,,,
rbig,,,0.0,0.0266583132124251,0.3880841585853883,1.0,0.95798119403223,,1.8,,40.0,200.0,,,,,,random,,,,,,,
noise,0.31926,True,0.0041094476832055,0.0821940130630523,0.3369595673942566,1.0,1.1181369097958556,,0.3,,,,normal,0.0,,,,,,,,,,,
gaussian,,,0.0080479188129803,0.0393521353458839,0.9088413938548496,1.0,1.093704948148525,,0.4,False,,,,,0.4755,identity,rank_gauss,,,,,,,,
rbig,,,0.0013199182308646,0.0853199718151101,0.6208870798790492,1.0,1.144677370945706,,0.5,,5.0,1500.0,,,,,,random,,,,,,,
noise,0.10602,True,0.0002849027962062,0.0304068849061507,0.3196191522427249,1.0,1.0692495697100477,,0.3,,,,student_t,8.0,,,,,,,,,,,
gaussian,,,0.010756491277524,0.0392832522104067,1.0322132603712322,1.0,1.093028647873815,,0.4,True,,,,,0.59645,identity,rank_gauss,,,,,,,,
rbig,,,0.0023927024601897,0.0750319075523612,0.4451618327033747,1.0,1.141943621190801,,0.6,,5.0,1500.0,,,,,,pca,,,,,,,
noise,0.01641,False,0.1488754921378925,0.6473711685693322,0.8337538444663766,1.0,1.9360512774770315,,0.4,,,,student_t,3.0,,,,,,,,,,,
gaussian,,,0.0146851007971551,0.0391292684404661,1.224634238015028,1.0,1.092452300925198,,0.4,True,,,,,0.79804,diagonal,rank_gauss,,,,,,,,
rbig,,,0.0,0.0285761860998615,0.3919068365928705,1.0,0.98942461804257,,2.6,,60.0,600.0,,,,,,random,,,,,,,
noise,0.06638,True,0.0,0.0292264790250692,0.3239710179250555,1.0,1.065914934203016,,0.3,,,,student_t,4.0,,,,,,,,,,,
gaussian,,,0.0043049765661929,0.0393072048459351,0.4947326839947243,1.0,1.094704127691736,,0.4,False,,,,,0.09146,identity,rank_gauss,,,,,,,,
noise,0.01405,True,0.0,0.0281881403453086,0.3222958206180533,1.0,1.0629829834000717,,0.3,,,,normal,0.0,,,,,,,,,,,
gaussian,,,0.0082677610500448,0.0393493131362943,0.7160379730142136,1.0,1.0935485611044098,,0.4,False,,,,,0.29454,identity,rank_gauss,,,,,,,,
rbig,,,0.0,0.0297472302254009,0.4237069672637992,1.0,0.9801384285011008,,3.8,,80.0,1000.0,,,,,,pca,,,,,,,
noise,0.18101,False,0.3824880646352667,11.976892873162804,1.383632684574708,1.0,16.236402666386006,,0.3,,,,normal,0.0,,,,,,,,,,,
gaussian,,,0.0060794409674749,0.0392790773078849,0.4051500488928101,1.0,1.0956142158709032,,0.3,False,,,,,,diagonal,rank_gauss,,,,,,,,
rbig,,,0.0002347081439181,0.0300300989758727,0.4174160703942974,1.0,0.9759919436552572,,3.8,,80.0,1500.0,,,,,,pca,,,,,,,
noise,0.00754,True,0.0,0.0281742420684127,0.3226622642029095,1.0,1.0628740908603942,,0.3,,,,student_t,3.0,,,,,,,,,,,
gaussian,,,0.0118434685989832,0.0392136862955489,1.1305435020578098,1.0,1.092738138989157,,0.3,False,,,,,0.69788,diagonal,rank_gauss,,,,,,,,
rbig,,,0.003747951258581,0.0667948259483273,0.4051817462868412,1.0,1.03385399551725,,0.4,,5.0,200.0,,,,,,pca,,,,,,,
noise,0.04187,True,0.0,0.0283365923722126,0.3213802443558399,1.0,1.0638574030077004,,0.3,,,,normal,0.0,,,,,,,,,,,
gaussian,,,0.0570084589948829,0.2597334312632194,0.4092635838241482,1.0,1.0646125848642949,,0.3,False,,,,,,identity,gaussian,,,,,,,,
rbig,,,0.0007758354365586,0.0414560022577567,0.5354015296307099,1.0,0.97713955315455,,0.8,,15.0,400.0,,,,,,random,,,,,,,
noise,0.02808,False,0.3312255775241594,1.6325662729587571,1.11217208276917,1.0,2.9149623578826884,,0.3,,,,normal,0.0,,,,,,,,,,,
gaussian,,,0.0540964616391661,0.2597435315231185,0.4081912259716973,1.0,1.0645898712184887,,0.3,True,,,,,0.01807,diagonal,gaussian,,,,,,,,
noise,0.07702,False,0.3796248470805289,4.933057710946842,1.34582139068382,1.0,7.112845007886844,,0.3,,,,normal,0.0,,,,,,,,,,,
gaussian,,,0.006319815182311,0.0392790773078849,0.4051500488928101,1.0,1.0956142158709032,,0.3,False,,,,,,identity,rank_gauss,,,,,,,,
rbig,,,0.0,0.0392814424687579,0.485517651691127,1.0,1.0134909436599078,,1.3,,25.0,1000.0,,,,,,pca,,,,,,,
noise,0.01939,False,0.2606805129314874,1.0528311731617666,0.9387886664079286,1.0,2.211606739552244,,0.3,,,,normal,0.0,,,,,,,,,,,
gaussian,,,0.0066166866621582,0.0393538661515226,0.7030005120289308,1.0,1.0935174651814124,,0.4,True,,,,,0.28256,diagonal,rank_gauss,,,,,,,,
rbig,,,0.00098379152358,0.0552445352581331,0.3666407029095571,1.0,1.0132985269684622,,3.8,,100.0,100.0,,,,,,pca,,,,,,,
noise,0.06315,False,0.374770991724725,3.899242464308707,1.3274642617431085,1.0,5.955867405622014,,0.3,,,,student_t,10.0,,,,,,,,,,,
gaussian,,,0.0571597030966766,0.264167832097446,0.4094735222429175,1.0,1.0720175537161136,,0.3,True,,,,,,identity,gaussian,,,,,,,,
rbig,,,0.0,0.0294050998285095,0.4043604990187702,1.0,0.9871912122229384,,2.4,,50.0,1500.0,,,,,,random,,,,,,,
noise,0.10193,True,0.0,0.0304900554073021,0.3194576249409112,1.0,1.0686714123647485,,0.3,,,,normal,0.0,,,,,,,,,,,
gaussian,,,0.0646257938998022,0.3008279239922735,0.4301229534956989,1.0,1.123465400798996,,0.3,False,,,,,0.0653,identity,gaussian,,,,,,,,
rbig,,,0.001637191837311,0.0824700882940379,0.6171020986740953,1.0,1.1140322070513229,,0.4,,5.0,1000.0,,,,,,random,,,,,,,
noise,0.13915,False,0.379925367958561,7.22064042285587,1.3901302265155964,1.0,12.511195795429952,,0.3,,,,student_t,3.0,,,,,,,,,,,
noise,0.00634,True,0.0001246892769009,0.0281593794717777,0.3225412277835794,1.0,1.0629006205091618,,0.3,,,,student_t,8.0,,,,,,,,,,,
gaussian,,,0.0071748363108627,0.0393512415399147,0.7494475769231139,1.0,1.0935008048674302,,0.3,True,,,,,0.32512,identity,rank_gauss,,,,,,,,
rbig,,,0.0003449187664058,0.0388096626318162,0.4746047416177035,1.0,0.9552827698883825,,1.0,,20.0,200.0,,,,,,random,,,,,,,
noise,0.02477,True,0.0,0.0282151136084322,0.321950191137937,1.0,1.063217919269674,,0.3,,,,normal,0.0,,,,,,,,,,,
gaussian,,,0.0622029118093471,0.2592789896592428,1.045090279129615,1.0,1.065385861343702,,0.3,True,,,,,0.73182,diagonal,gaussian,,,,,,,,
rbig,,,0.00024558751804,0.0367458462726434,0.4645991636597757,1.0,0.9817221331603252,,1.1,,25.0,600.0,,,,,,random,,,,,,,
noise,0.06906,True,0.0,0.0288834907275565,0.324286373873392,1.0,1.066110090745649,,0.3,,,,student_t,10.0,,,,,,,,,,,
gaussian,,,0.0576098951245657,0.2598823074414877,0.7052640478589273,1.0,1.0660816868542784,,0.3,True,,,,,0.44678,diagonal,gaussian,,,,,,,,
rbig,,,0.0006567808865597,0.0348480654630759,0.4031362863483848,1.0,0.9583407228078712,,0.8,,15.0,100.0,,,,,,pca,,,,,,,
noise,0.01468,False,0.2081613271934134,0.7436467440570775,0.7907310353981926,1.0,1.8484456560350864,,0.3,,,,normal,0.0,,,,,,,,,,,
gaussian,,,0.006719843346749,0.0392792261836881,0.4067334620072058,1.0,1.0955981925830276,,0.3,False,,,,,0.00173,identity,rank_gauss,,,,,,,,
noise,0.05013,False,0.3690203313508877,3.0401694037349043,1.2879408815948592,1.0,4.82064948856129,,0.3,,,,student_t,10.0,,,,,,,,,,,
gaussian,,,0.059355532737749,0.2603065208896608,0.5145601586489423,1.0,1.0664306467687543,,0.3,False,,,,,0.25418,diagonal,gaussian,,,,,,,,
rbig,,,0.0,0.0294748502605835,0.4156358829708348,1.0,0.9881390732223764,,2.4,,50.0,1000.0,,,,,,random,,,,,,,
noise,0.00502,True,0.0,0.0281652244066537,0.322580960198865,1.0,1.0628903363712223,,0.3,,,,student_t,8.0,,,,,,,,,,,
gaussian,,,0.1539064308394707,0.4950992851308626,0.8181283674627278,1.0,1.3636977431758417,,0.3,False,,,,,0.47204,identity,gaussian,,,,,,,,
rbig,,,0.0005682188636989,0.036709388816719,0.4363181294906682,1.0,1.0058931645811875,,3.0,,80.0,200.0,,,,,,random,,,,,,,
noise,0.03991,False,0.3619408451627445,2.427214116481636,1.2320832944413131,1.0,3.907544403551968,,0.3,,,,normal,0.0,,,,,,,,,,,
gaussian,,,0.0555096894265443,0.2603100513116316,0.5129265084839305,1.0,1.0664335724713705,,0.3,False,,,,,0.2522,diagonal,gaussian,,,,,,,,
rbig,,,0.0,0.0343886949625526,0.4458397146351927,1.0,0.9792997970090208,,1.7,,40.0,200.0,,,,,,pca,,,,,,,
noise,0.00872,True,0.0,0.0281810738291745,0.3224633791614552,1.0,1.0629138145910937,,0.3,,,,normal,0.0,,,,,,,,,,,
gaussian,,,0.0529320839452202,0.2603507843545741,0.4880549938110465,1.0,1.066479905912832,,0.3,False,,,,,0.22047,diagonal,gaussian,,,,,,,,
noise,0.00673,False,0.0498113559052459,0.2525218520592504,0.4381241844262658,1.0,1.3009674812624856,,0.3,,,,normal,0.0,,,,,,,,,,,
gaussian,,,0.1807421867380239,0.6278667877567023,1.2107167192834885,1.0,1.5033026827509717,,0.3,False,,,,,0.8384,identity,gaussian,,,,,,,,
rbig,,,0.0009533865854967,0.0574034824254831,0.5909132238723741,1.0,1.0796339611620736,,0.7,,10.0,1500.0,,,,,,random,,,,,,,
noise,0.33083,False,0.381112893702602,17.56808216344329,1.402657677195312,1.0,29.423118139887254,,0.3,,,,student_t,3.0,,,,,,,,,,,
gaussian,,,0.062631967824701,0.259759594315768,0.4085586048682222,1.0,1.064567657932603,,0.3,True,,,,,0.03412,diagonal,gaussian,,,,,,,,
rbig,,,0.0,0.0264819621737403,0.4222822297991241,1.0,0.9738378760652868,,2.0,,40.0,800.0,,,,,,random,,,,,,,
noise,0.01239,True,0.0001691601266965,0.0281657386297439,0.3230247510542732,1.0,1.0630632545932006,,0.3,,,,student_t,10.0,,,,,,,,,,,
gaussian,,,0.0600020659920551,0.2600691373502563,0.626420484008373,1.0,1.0662403851474598,,0.3,True,,,,,0.37322,diagonal,gaussian,,,,,,,,
rbig,,,0.0001620848398815,0.0498438416942463,0.3953361265795602,1.0,0.9987394547932954,,3.0,,80.0,100.0,,,,,,pca,,,,,,,
noise,0.00562,False,0.0311958630217902,0.1926460458647192,0.3915156384406385,1.0,1.237990757699864,,0.3,,,,normal,0.0,,,,,,,,,,,
gaussian,,,0.0095592055983975,0.0392264626629651,1.1138239792031992,1.0,1.0927773952343318,,0.4,False,,,,,0.68033,diagonal,rank_gauss,,,,,,,,
rbig,,,0.0001290962604046,0.0383614885262913,0.4849349046995711,1.0,0.969045176720304,,1.1,,20.0,300.0,,,,,,random,,,,,,,
noise,0.20749,False,0.3830511176403949,13.45203038353722,1.3966243846466588,1.0,18.73369452421273,,0.3,,,,student_t,10.0,,,,,,,,,,,
gaussian,,,0.0590338615065105,0.2593447287496565,1.0020807407624204,1.0,1.0654695719316805,,0.3,True,,,,,0.69729,diagonal,gaussian,,,,,,,,
noise,0.0261,False,0.2993850795458235,1.3727205694645337,1.083644032331052,1.0,2.769910625106172,,0.3,,,,student_t,5.0,,,,,,,,,,,
gaussian,,,0.0135539428806591,0.0389700900434644,1.3125273835207785,1.0,1.0915643231623984,,0.4,False,,,,,0.8945,identity,rank_gauss,,,,,,,,
rbig,,,0.0007919303133602,0.0571989301322221,0.4064405207183347,1.0,1.0106593104016126,,3.8,,100.0,100.0,,,,,,random,,,,,,,
noise,0.19285,True,0.0007944099377245,0.044125063662666,0.3194354355278024,1.0,1.0834400089800336,,0.3,,,,normal,0.0,,,,,,,,,,,
gaussian,,,0.006661818972707,0.0392680393073655,0.4061361290388708,1.0,1.095553229493304,,0.5,True,,,,,,diagonal,rank_gauss,,,,,,,,
rbig,,,0.0023587288418041,0.0550143663444721,0.5915114525096529,1.0,1.0454330444849276,,0.8,,10.0,600.0,,,,,,random,,,,,,,
noise,0.00531,False,0.0266546472595355,0.1766963975113857,0.379962096673557,1.0,1.221474552838711,,0.4,,,,normal,0.0,,,,,,,,,,,
gaussian,,,0.0106466772948597,0.0393493705566123,0.7145986818374066,1.0,1.09354545544281,,0.4,False,,,,,0.29317,identity,rank_gauss,,,,,,,,
rbig,,,1.3357700163196816e-05,0.0293222446097582,0.3889178236195358,1.0,0.9749603236975158,,4.3,,100.0,1000.0,,,,,,random,,,,,,,
noise,0.10525,False,0.3789264707568632,6.3304102041810975,1.367719047848479,1.0,9.72489924209686,,0.3,,,,student_t,5.0,,,,,,,,,,,
gaussian,,,0.016984411481984,0.0388488057139825,1.3684091679699666,1.0,1.091200829479524,,0.4,False,,,,,0.95679,identity,rank_gauss,,,,,,,,
noise,0.0511,False,0.3505021137730841,2.4791623363313198,1.2949581291223728,1.0,4.8072546586846645,,0.3,,,,student_t,3.0,,,,,,,,,,,
gaussian,,,0.0835034811135736,0.3435208779905656,0.4840025188939416,1.0,1.1782053135376045,,0.3,True,,,,,0.13818,identity,gaussian,,,,,,,,
rbig,,,0.0,0.0403647135959905,0.4751952028797774,1.0,1.0401443020905063,,1.0,,15.0,800.0,,,,,,pca,,,,,,,
noise,0.00556,False,0.0254859867970831,0.1740782409210667,0.3944066454455056,1.0,1.2350711230747675,,0.3,,,,student_t,5.0,,,,,,,,,,,
gaussian,,,0.0071938858973636,0.0393540807949281,0.5566857271403606,1.0,1.0943143520251462,,0.4,True,,,,,0.15128,identity,rank_gauss,,,,,,,,
rbig,,,0.0,0.0407641391369572,0.4725029929071713,1.0,1.045080601981115,,0.9,,15.0,1000.0,,,,,,pca,,,,,,,
noise,0.01999,True,0.0,0.0283554571209292,0.3231340394393897,1.0,1.0632700706221168,,0.3,,,,student_t,4.0,,,,,,,,,,,
gaussian,,,0.0605936514607022,0.2594064359772938,0.9716255627816645,1.0,1.0655301238894863,,0.3,True,,,,,0.67267,diagonal,gaussian,,,,,,,,
noise,0.07931,False,0.377594404275023,5.088006857550687,1.3484685511131749,1.0,7.312565538534324,,0.3,,,,normal,0.0,,,,,,,,,,,
gaussian,,,0.0097127733272176,0.0392646664767552,1.0535234178087738,1.0,1.092967623275835,,0.3,True,,,,,0.61811,identity,rank_gauss,,,,,,,,
noise,0.01402,True,0.0,0.0281881131405675,0.3222967721013012,1.0,1.0629825055179718,,0.3,,,,normal,0.0,,,,,,,,,,,
gaussian,,,0.0085426416449502,0.0393546976676834,0.9008641499323552,1.0,1.0937432880013511,,0.3,False,,,,,0.46776,identity,rank_gauss,,,,,,,,
noise,0.2422,True,0.0016479572380644,0.0546097909466974,0.3355669286071547,1.0,1.0967361086452545,,0.3,,,,student_t,4.0,,,,,,,,,,,
gaussian,,,0.1169583173741289,0.4281989003176863,0.6591614673071576,1.0,1.2836766317320767,,0.3,True,,,,,0.31241,identity,gaussian,,,,,,,,
rbig,,,0.000477753062407,0.0529494028181226,0.4329269665289902,1.0,1.0093550621881673,,3.2,,80.0,100.0,,,,,,random,,,,,,,
noise,0.05604,True,0.0,0.0289551319937554,0.3237851831049843,1.0,1.0651184783319594,,0.3,,,,student_t,4.0,,,,,,,,,,,
gaussian,,,0.0598672119270027,0.2599830073313932,0.6598336372653009,1.0,1.0661743880977048,,0.3,False,,,,,0.40504,diagonal,gaussian,,,,,,,,
rbig,,,0.0007073900949681,0.0333661490445323,0.3630190183885061,1.0,0.9509179039367543,,1.7,,40.0,100.0,,,,,,random,,,,,,,
noise,0.43767,True,0.0073997210968566,0.1045603620653781,0.38201990548248,1.0,1.1546658374429415,,0.3,,,,student_t,3.0,,,,,,,,,,,
gaussian,,,0.015258875534165,0.0390950974836585,1.250657442548378,1.0,1.0921860460085406,,0.3,True,,,,,0.8264,identity,rank_gauss,,,,,,,,
rbig,,,0.0,0.0278660602758305,0.3470157834842892,1.0,0.9899534813804712,,4.0,,100.0,600.0,,,,,,pca,,,,,,,
noise,0.13477,False,0.3813878231392211,8.843585140523583,1.3770709539396917,1.0,12.171446131006576,,0.3,,,,normal,0.0,,,,,,,,,,,
gaussian,,,0.0110403981136908,0.039359052076965,0.8791717116025165,1.0,1.093838858642111,,0.3,False,,,,,0.4466,identity,rank_gauss,,,,,,,,
rbig,,,0.0006604095942841,0.0291190968278925,0.4129940802335548,1.0,0.9773535798972636,,2.0,,50.0,200.0,,,,,,random,,,,,,,
noise,0.25597,True,0.0005738645411205,0.0609478764035971,0.3385105499859935,1.0,1.1005846844237903,,0.3,,,,student_t,10.0,,,,,,,,,,,
gaussian,,,0.009854672856809,0.0392381176088146,1.0740032512919857,1.0,1.092807383154836,,0.3,False,,,,,0.63905,diagonal,rank_gauss,,,,,,,,
rbig,,,0.0002135810699993,0.0390014295581794,0.455429054587324,1.0,0.9562178797569508,,1.1,,25.0,100.0,,,,,,pca,,,,,,,
noise,0.198,True,0.0003818050474251,0.045292550765611,0.3196554350240279,1.0,1.084539678130514,,0.3,,,,normal,0.0,,,,,,,,,,,
gaussian,,,0.0083963318238582,0.0393486378035529,0.7120735276783225,1.0,1.0935355942353568,,0.3,True,,,,,0.2908,diagonal,rank_gauss,,,,,,,,
rbig,,,0.0,0.0357161194492784,0.4327105938755015,1.0,1.0173547676845829,,1.4,,30.0,1000.0,,,,,,pca,,,,,,,
noise,0.06883,False,0.3760506880152762,4.274418143708833,1.3387375301969346,1.0,6.453687908742266,,0.3,,,,student_t,10.0,,,,,,,,,,,
gaussian,,,0.0517473982026169,0.2603733305138793,0.4712737967891632,1.0,1.0665103337369677,,0.3,False,,,,,0.19682,diagonal,gaussian,,,,,,,,
rbig,,,0.0,0.0287555604305972,0.3660913850967913,1.0,0.9907693286291404,,2.7,,60.0,1000.0,,,,,,pca,,,,,,,
noise,0.11897,False,0.3800527428257081,7.773413401687561,1.3728538030976634,1.0,10.784449480205492,,0.3,,,,normal,0.0,,,,,,,,,,,
gaussian,,,0.0137431632479608,0.0391903791858132,1.1761246896815336,1.0,1.0927806317817974,,0.3,True,,,,,0.74584,identity,rank_gauss,,,,,,,,
rbig,,,0.0010798495718523,0.0408679688606912,0.4559705040207764,1.0,0.9388171889015388,,1.1,,25.0,100.0,,,,,,random,,,,,,,
noise,0.00976,False,0.1063040061084503,0.4138635833061742,0.5819986219355677,1.0,1.4972810593853263,,0.2,,,,student_t,8.0,,,,,,,,,,,
gaussian,,,0.1898973040464879,0.6576438402710378,1.2980716859339634,1.0,1.5285730233851598,,0.2,False,,,,,0.91881,identity,gaussian,,,,,,,,
rbig,,,0.0019483764800466,0.0731510118060036,0.4329551295082843,1.0,1.1171254916323574,,0.4,,5.0,1000.0,,,,,,pca,,,,,,,
noise,0.41737,False,0.3828288052851279,28.001353081441483,1.3896818788553449,1.0,37.05326862750432,,0.3,,,,normal,0.0,,,,,,,,,,,
noise,0.45146,False,0.3806882347528725,24.082651952247296,1.4038693912639066,1.0,40.077722710608406,,0.4,,,,student_t,3.0,,,,,,,,,,,
gaussian,,,0.0759743030673705,0.3341288490038229,0.4697937483847078,1.0,1.1663066448735049,,0.3,False,,,,,0.12134,identity,gaussian,,,,,,,,
rbig,,,0.0,0.0295340094376659,0.4275811052894309,1.0,0.9950675679340512,,3.1,,80.0,600.0,,,,,,random,,,,,,,
noise,0.01508,True,0.0,0.028182314843681,0.3225905393493923,1.0,1.062941623274018,,0.3,,,,student_t,3.0,,,,,,,,,,,
gaussian,,,0.0131517878417196,0.0389703166926857,1.3110656694681564,1.0,1.0915587069129864,,0.3,True,,,,,0.89288,identity,rank_gauss,,,,,,,,
rbig,,,0.0011499351186848,0.0560949656477943,0.5962350009113965,1.0,1.0573962989699264,,0.7,,10.0,800.0,,,,,,random,,,,,,,
noise,0.15726,False,0.3829207649568374,10.021281950354377,1.4064820382920669,1.0,14.285760937141486,,0.3,,,,student_t,8.0,,,,,,,,,,,
gaussian,,,0.151639394569628,0.5153651324401205,0.8752122256674507,1.0,1.3868734244718233,,0.3,True,,,,,0.52521,identity,gaussian,,,,,,,,
noise,0.00627,False,0.0468524982585878,0.2238386011448837,0.4270084127094342,1.0,1.2795668542560832,,0.3,,,,student_t,10.0,,,,,,,,,,,
gaussian,,,0.0071719669239728,0.0393598694155413,0.5618794637071639,1.0,1.0942711027356191,,0.5,True,,,,,0.15616,diagonal,rank_gauss,,,,,,,,
noise,0.07121,True,0.0,0.028947120813522,0.3203911718910502,1.0,1.065711109539242,,0.3,,,,normal,0.0,,,,,,,,,,,
gaussian,,,0.0094071315315518,0.0393690443301768,0.7814484113886404,1.0,1.093654406845315,,0.4,False,,,,,0.35441,identity,rank_gauss,,,,,,,,
rbig,,,0.0003333417969271,0.0371130986738676,0.4389605073427697,1.0,0.997187484062662,,1.0,,15.0,200.0,,,,,,pca,,,,,,,
noise,0.01083,False,0.0975814453666697,0.4331500016774595,0.6340560644015546,1.0,1.565726109001044,,0.3,,,,student_t,4.0,,,,,,,,,,,
gaussian,,,0.1630681480503533,0.5427540413091461,0.9544403948977722,1.0,1.4172451855620145,,0.3,True,,,,,0.59912,identity,gaussian,,,,,,,,
rbig,,,0.0,0.0330274868622342,0.3968716724829154,1.0,1.0050733062499178,,3.8,,100.0,300.0,,,,,,random,,,,,,,
noise,0.37471,False,0.3824630897290729,25.10879634633428,1.3893813077235777,1.0,33.29442523574332,,0.3,,,,normal,0.0,,,,,,,,,,,
gaussian,,,0.070083092195111,0.2593165191361394,1.1443775441375303,1.0,1.064634800945386,,0.3,True,,,,,0.79178,diagonal,gaussian,,,,,,,,
rbig,,,9.158141368481588e-05,0.0353798345337639,0.4495189637680751,1.0,0.9886479758672432,,2.2,,50.0,300.0,,,,,,pca,,,,,,,
noise,0.34729,True,0.0039463176312368,0.0867450167002134,0.3544258638533472,1.0,1.126133223315258,,0.3,,,,student_t,5.0,,,,,,,,,,,
gaussian,,,0.2051946250916598,0.6763604015733249,1.3530528817520089,1.0,1.543418589041648,,0.3,False,,,,,0.96874,identity,gaussian,,,,,,,,
noise,0.12762,True,0.0001492661086264,0.0327937953865071,0.3188967668950541,1.0,1.0719415717071723,,0.3,,,,normal,0.0,,,,,,,,,,,
gaussian,,,0.0577315148544148,0.2601268476885229,0.6010960279419787,1.0,1.066287978876118,,0.3,False,,,,,0.34827,diagonal,gaussian,,,,,,,,
noise,0.03955,True,0.0,0.0283153143235915,0.3214585308315771,1.0,1.0637515769012489,,0.3,,,,normal,0.0,,,,,,,,,,,
gaussian,,,0.182904819962215,0.5893211830374026,1.09484866347242,1.0,1.466593259850803,,0.3,True,,,,,0.73039,identity,gaussian,,,,,,,,
rbig,,,0.0002905821989163,0.0402657855106662,0.4578747015709961,1.0,1.0241628872015425,,1.0,,20.0,800.0,,,,,,pca,,,,,,,
noise,0.01361,False,0.1815238385253105,0.6743437804623273,0.7500478516854733,1.0,1.768726456560135,,0.3,,,,normal,0.0,,,,,,,,,,,
noise,0.02932,False,0.2813269149478191,1.3178065877487768,1.1249203233893066,1.0,2.9628266285554696,,0.3,,,,student_t,3.0,,,,,,,,,,,
noise,0.02865,True,5.9181839157540495e-05,0.0282353828087176,0.3218225779026098,1.0,1.0633344871098185,,0.3,,,,normal,0.0,,,,,,,,,,,
gaussian,,,0.1834111767751909,0.6243265503852446,1.2004089588978943,1.0,1.500184746587215,,0.3,True,,,,,0.82884,identity,gaussian,,,,,,,,
rbig,,,0.002452114942511,0.0736969327797508,0.6043002558416276,1.0,0.9714161819275172,,0.4,,5.0,100.0,,,,,,random,,,,,,,
noise,0.00539,True,0.0,0.0281766973894027,0.322682913770613,1.0,1.0628659178999156,,0.3,,,,student_t,3.0,,,,,,,,,,,
gaussian,,,0.017002891453417,0.0389613205462881,1.3183397940347297,1.0,1.0915556225125411,,0.3,True,,,,,0.901,diagonal,rank_gauss,,,,,,,,
rbig,,,0.0,0.0432577049109706,0.5688999162445936,1.0,1.012719748583653,,1.1,,15.0,1500.0,,,,,,random,,,,,,,
noise,0.28675,False,0.3825767340484079,19.144967798216747,1.388223813462124,1.0,25.54560561918951,,0.4,,,,normal,0.0,,,,,,,,,,,
gaussian,,,0.0542546334348926,0.2603924769104427,0.4356502466814652,1.0,1.0665706318512345,,0.3,True,,,,,0.1347,diagonal,gaussian,,,,,,,,
rbig,,,0.0002428127026931,0.0349277542742888,0.4487209668582428,1.0,0.996851822798854,,2.2,,50.0,800.0,,,,,,pca,,,,,,,
noise,0.00904,True,0.0,0.0281809613569144,0.3224534052912742,1.0,1.0629170742657317,,0.3,,,,normal,0.0,,,,,,,,,,,
gaussian,,,0.2068417698116009,0.6717662516502065,1.339519573617031,1.0,1.5398400584416594,,0.3,False,,,,,0.95651,identity,gaussian,,,,,,,,
noise,0.26185,True,0.0016760310450606,0.0594927356083598,0.3332855038120065,1.0,1.099488801862479,,0.3,,,,student_t,5.0,,,,,,,,,,,
gaussian,,,0.0069005620979183,0.03929724709232,0.467703986582822,1.0,1.0950710663590244,,0.3,True,,,,,0.06555,diagonal,rank_gauss,,,,,,,,
rbig,,,3.415150629737518e-06,0.0303283073215867,0.3862284935318659,1.0,0.9944779724641912,,4.1,,100.0,400.0,,,,,,random,,,,,,,
noise,0.19021,False,0.3820511023055576,12.600436115532728,1.3843717524658852,1.0,17.04582781435237,,0.3,,,,normal,0.0,,,,,,,,,,,
gaussian,,,0.1950247220077645,0.6762324702685005,1.352676006901947,1.0,1.543319588850261,,0.2,True,,,,,0.9684,identity,gaussian,,,,,,,,
rbig,,,2.3624201424765623e-05,0.0282802792038418,0.3720637073248763,1.0,0.9895389069163888,,2.6,,60.0,1500.0,,,,,,random,,,,,,,
noise,0.23483,False,0.3818100019924727,15.625012378391483,1.3867389779591164,1.0,20.97329772584824,,0.3,,,,normal,0.0,,,,,,,,,,,
gaussian,,,0.0570218628170101,0.2600600921218056,0.6299022738744805,1.0,1.066233653239704,,0.3,False,,,,,0.37659,diagonal,gaussian,,,,,,,,
rbig,,,0.0,0.0288579309743082,0.4045919664566041,1.0,0.9846436059176876,,3.4,,80.0,1500.0,,,,,,random,,,,,,,
noise,0.03305,True,0.0,0.0281561203991282,0.322654828003289,1.0,1.063406916905325,,0.3,,,,student_t,5.0,,,,,,,,,,,
gaussian,,,0.0114227713109549,0.0393670785588507,0.7600170758137227,1.0,1.0935595417123845,,0.4,False,,,,,0.33486,diagonal,rank_gauss,,,,,,,,
noise,0.01015,True,0.0003660879934952,0.0281806933346637,0.3224187222980771,1.0,1.0629292654933598,,0.3,,,,normal,0.0,,,,,,,,,,,
gaussian,,,0.0550335873368821,0.2597334312632194,0.4092635838241482,1.0,1.0646125848642949,,0.3,False,,,,,,diagonal,gaussian,,,,,,,,
noise,0.01495,False,0.2206383511003566,0.7612030526590948,0.8005528121855985,1.0,1.8687514383255404,,0.3,,,,normal,0.0,,,,,,,,,,,
rbig,,,0.0,0.0342308180537546,0.4662700427175109,1.0,0.9676505693736248,,1.2,,30.0,200.0,,,,,,random,,,,,,,
noise,0.14917,True,0.0,0.0340321485332878,0.3220954577097025,1.0,1.074050456612382,,0.3,,,,student_t,3.0,,,,,,,,,,,
gaussian,,,0.0106782005780262,0.039365993075546,0.8095869787646505,1.0,1.0938529810421325,,0.3,False,,,,,0.38051,diagonal,rank_gauss,,,,,,,,
rbig,,,1.915461823320808e-05,0.0309182762017396,0.3602219427302628,1.0,0.9903395250357774,,2.4,,60.0,300.0,,,,,,pca,,,,,,,
noise,0.06184,False,0.3681874964467595,3.441535375313749,1.3269989077335906,1.0,5.841282288440979,,0.3,,,,student_t,4.0,,,,,,,,,,,
gaussian,,,0.0120341550694894,0.0392977214484555,0.9715896705097712,1.0,1.0930954530530252,,0.3,False,,,,,0.53618,diagonal,rank_gauss,,,,,,,,
rbig,,,0.0004058595985396,0.0350631991660768,0.436745998198572,1.0,0.9829602515552636,,1.3,,30.0,200.0,,,,,,pca,,,,,,,
noise,0.29375,True,0.0043103932636938,0.0712630361347917,0.33307836623563,1.0,1.1099034520791675,,0.2,,,,student_t,8.0,,,,,,,,,,,
gaussian,,,0.0137941660871427,0.0390114092418685,1.2901300135210645,1.0,1.0917111783947138,,0.3,False,,,,,0.86963,diagonal,rank_gauss,,,,,,,,
noise,0.02688,True,0.0002735211129683,0.0282244525555308,0.3218809423768117,1.0,1.0632792321597804,,0.2,,,,normal,0.0,,,,,,,,,,,
gaussian,,,0.0084158595909453,0.0393832863637728,0.8454952984882893,1.0,1.0940279322613902,,0.3,True,,,,,0.41439,identity,rank_gauss,,,,,,,,
rbig,,,0.0002966209945266,0.0352073187232381,0.4606367647592486,1.0,0.9952287413757164,,1.5,,30.0,1500.0,,,,,,random,,,,,,,
noise,0.03147,True,0.000398748468447,0.0281504470391373,0.3226608120466144,1.0,1.0633535884792855,,0.3,,,,student_t,5.0,,,,,,,,,,,
gaussian,,,0.0119997736306237,0.0390175260368282,1.2855965232152815,1.0,1.09174510659693,,0.3,True,,,,,0.86461,diagonal,rank_gauss,,,,,,,,
rbig,,,4.465496075900521e-05,0.0401507546540223,0.4602728150028579,1.0,1.0205598751819096,,1.0,,20.0,600.0,,,,,,pca,,,,,,,
noise,0.41114,True,0.0099861749173271,0.1165132594561561,0.3724330376974785,1.0,1.1519832606983098,,0.2,,,,student_t,8.0,,,,,,,,,,,
gaussian,,,0.0598815159239333,0.2604318680845494,0.418446147892456,1.0,1.066607884866555,,0.2,True,,,,,0.08831,diagonal,gaussian,,,,,,,,
noise,0.00862,False,0.0791333853744274,0.3476728362127649,0.5268586582225956,1.0,1.4209457106057646,,0.2,,,,student_t,8.0,,,,,,,,,,,
gaussian,,,0.0605773528925117,0.2671353667614403,0.4100025792361242,1.0,1.076793766394874,,0.3,False,,,,,0.0124,identity,gaussian,,,,,,,,
rbig,,,0.0,0.0371529402317671,0.4436625415563253,1.0,0.9830687082127753,,0.9,,20.0,200.0,,,,,,pca,,,,,,,
noise,0.09965,True,0.0,0.0303368762225921,0.3195193960720754,1.0,1.06841604581857,,0.3,,,,normal,0.0,,,,,,,,,,,
rbig,,,0.0,0.0304009101993215,0.411184300863766,1.0,0.9999114441490968,,3.2,,80.0,400.0,,,,,,random,,,,,,,
noise,0.37658,False,0.3799887958200221,20.03863579543091,1.4032516275849825,1.0,33.463586780464055,,0.3,,,,student_t,3.0,,,,,,,,,,,
gaussian,,,0.0171393477044523,0.038893293345608,1.3488351216272152,1.0,1.0913447698070295,,0.3,True,,,,,0.93492,diagonal,rank_gauss,,,,,,,,
noise,0.21178,True,0.0019872785917602,0.0474655319769541,0.3314200981332288,1.0,1.0891937519225672,,0.3,,,,student_t,4.0,,,,,,,,,,,
gaussian,,,0.0048175896285749,0.0392940594248869,0.4516147891966565,1.0,1.095292114987344,,0.3,True,,,,,0.04955,diagonal,rank_gauss,,,,,,,,
noise,0.08925,True,3.353389348537128e-05,0.029714815445317,0.3198192577702541,1.0,1.0673236073216616,,0.3,,,,normal,0.0,,,,,,,,,,,
gaussian,,,0.1808169542303393,0.5605928942858224,1.0076336300775268,1.0,1.436574763748185,,0.3,False,,,,,0.6488,identity,gaussian,,,,,,,,
noise,0.24718,False,0.3818540266686751,15.919148788307822,1.4140256833807772,1.0,22.283400723914347,,0.3,,,,student_t,8.0,,,,,,,,,,,
gaussian,,,0.0062916082594441,0.0392789308300803,0.4073967153439518,1.0,1.0955933039830033,,0.3,True,,,,,0.00247,diagonal,rank_gauss,,,,,,,,
noise,0.37984,False,0.383614682086075,23.60907469553801,1.390437537102799,1.0,34.34292176099548,,0.3,,,,student_t,5.0,,,,,,,,,,,
gaussian,,,0.0633651733904639,0.2598299798585572,0.7311235035062924,1.0,1.0660246314544934,,0.3,True,,,,,0.46992,diagonal,gaussian,,,,,,,,
rbig,,,0.0020367510006479,0.0772060733194463,0.6100075120974174,1.0,1.0536319965723604,,0.4,,5.0,400.0,,,,,,random,,,,,,,
noise,0.33152,True,0.0032231891412198,0.0868727774492917,0.3402592302572162,1.0,1.1223152964274588,,0.2,,,,normal,0.0,,,,,,,,,,,
noise,0.02662,True,0.0001214629317268,0.0281038297661805,0.3219154090072044,1.0,1.063301876178445,,0.2,,,,student_t,8.0,,,,,,,,,,,
gaussian,,,0.009279015110001,0.0393540132229839,0.5549749439412,1.0,1.0943242360589278,,0.3,False,,,,,0.14964,identity,rank_gauss,,,,,,,,
noise,0.02031,False,0.2716268502565331,1.0696569812331085,0.9704426935229332,1.0,2.2945202030967367,,0.3,,,,student_t,8.0,,,,,,,,,,,
gaussian,,,0.1023513638943779,0.4034834215187205,0.6006400253758666,1.0,1.2532344863792253,,0.3,True,,,,,0.25744,identity,gaussian,,,,,,,,
noise,0.15753,False,0.3801108001141647,10.385687517491665,1.381043661260959,1.0,14.171446822984356,,0.3,,,,normal,0.0,,,,,,,,,,,
gaussian,,,0.1597906113061643,0.5538077916447809,0.9872505245355256,1.0,1.429263628325203,,0.2,False,,,,,0.62976,identity,gaussian,,,,,,,,
rbig,,,0.0002502691818392,0.040917105179839,0.4140716353112534,1.0,0.969310206614576,,1.6,,40.0,100.0,,,,,,pca,,,,,,,
noise,0.01177,True,0.0,0.0281516937385074,0.322717291400436,1.0,1.0629213874814272,,0.3,,,,student_t,5.0,,,,,,,,,,,
gaussian,,,0.0067273522590294,0.0393533056320368,0.5918785861415841,1.0,1.0938325137439115,,0.3,True,,,,,0.18331,identity,rank_gauss,,,,,,,,
rbig,,,0.0002692149160213,0.0384849081503601,0.4614543508524421,1.0,1.0135362244472623,,0.8,,15.0,300.0,,,,,,pca,,,,,,,
noise,0.18377,True,0.0008775010221508,0.0426668607552169,0.3293582373145332,1.0,1.0829581844746563,,0.3,,,,student_t,10.0,,,,,,,,,,,
gaussian,,,0.0150009870244774,0.038847524992252,1.368860002712814,1.0,1.0911983421561182,,0.3,False,,,,,0.9573,identity,rank_gauss,,,,,,,,
rbig,,,0.0,0.0285139546554551,0.3995388818866057,1.0,0.983562938957341,,1.9,,50.0,400.0,,,,,,random,,,,,,,
noise,0.01157,False,0.152076656569554,0.543897846899736,0.6649409712292725,1.0,1.6206745429196736,,0.3,,,,normal,0.0,,,,,,,,,,,
noise,0.00789,False,0.0710539941486381,0.3187046871583363,0.4921279657127836,1.0,1.372013149352295,,0.2,,,,normal,0.0,,,,,,,,,,,
gaussian,,,0.0565264884582025,0.2599655360092837,0.6674308558988401,1.0,1.066159822781564,,0.3,False,,,,,0.41213,diagonal,gaussian,,,,,,,,
rbig,,,0.0,0.0366946759498159,0.4663503502370736,1.0,0.956301949341852,,1.5,,25.0,200.0,,,,,,random,,,,,,,
noise,0.1723,False,0.3802584692985327,10.547248959734922,1.3834982653288812,1.0,15.72425487326594,,0.4,,,,student_t,5.0,,,,,,,,,,,
gaussian,,,0.0546337046681474,0.2597680524630647,0.4102502469009572,1.0,1.0645457893092916,,0.3,False,,,,,0.05075,diagonal,gaussian,,,,,,,,
rbig,,,0.0004719973847017,0.0422532245856505,0.5436068953280139,1.0,0.9582611791121408,,1.0,,15.0,200.0,,,,,,random,,,,,,,
noise,0.05395,True,0.0,0.0289079322453465,0.3237482026978232,1.0,1.0649718852162375,,0.4,,,,student_t,4.0,,,,,,,,,,,
rbig,,,0.0001052086437305,0.0298604673213106,0.3778582076190356,1.0,0.9695947116824528,,4.5,,100.0,1500.0,,,,,,random,,,,,,,
noise,0.2497,False,0.3821870164316943,15.4175392403455,1.388162930947132,1.0,22.66418042544583,,0.3,,,,student_t,5.0,,,,,,,,,,,
gaussian,,,0.0657638676994479,0.2593156281509963,1.1185843251812615,1.0,1.0646163102849409,,0.3,False,,,,,0.77162,diagonal,gaussian,,,,,,,,
noise,0.00586,False,0.0238358866002141,0.1816119559180251,0.4092805704076159,1.0,1.2509685018424668,,0.3,,,,student_t,4.0,,,,,,,,,,,
gaussian,,,0.1036040363038591,0.386162011009463,0.5629011351940585,1.0,1.2317379759465148,,0.3,False,,,,,0.22095,identity,gaussian,,,,,,,,
rbig,,,0.000673739416513,0.0454002541110041,0.396591925107101,1.0,0.9892101465035256,,0.6,,10.0,300.0,,,,,,pca,,,,,,,
noise,0.0796,False,0.3795013829085941,5.107632928439173,1.348788713882762,1.0,7.337867278141144,,0.2,,,,normal,0.0,,,,,,,,,,,
gaussian,,,0.0062325348932837,0.0393541150521153,0.6975085682930908,1.0,1.0935085762445944,,0.3,False,,,,,0.27773,identity,rank_gauss,,,,,,,,
rbig,,,0.0003533537427866,0.0286406287362209,0.4269607258809035,1.0,0.9931314400462764,,3.3,,80.0,800.0,,,,,,random,,,,,,,
noise,0.00719,False,0.0604334999719373,0.273502362881311,0.4671495133502936,1.0,1.334457493461379,,0.2,,,,student_t,10.0,,,,,,,,,,,
gaussian,,,0.0592662411352995,0.2603763456071687,0.4694690728358987,1.0,1.066513901779869,,0.2,False,,,,,0.19413,diagonal,gaussian,,,,,,,,
rbig,,,0.0,0.0287394813690354,0.4178526547249326,1.0,0.99041937610821,,3.3,,80.0,1000.0,,,,,,random,,,,,,,
noise,0.02838,False,0.3193614012629194,1.5892477408146664,1.128439889780877,1.0,2.9572052851975763,,0.2,,,,student_t,8.0,,,,,,,,,,,
rbig,,,0.0,0.0343677243661857,0.4717929571954369,1.0,0.9869708805555618,,1.4,,30.0,800.0,,,,,,random,,,,,,,
noise,0.31578,False,0.3816833854798653,20.419863087943305,1.416002197950008,1.0,28.39004907328057,,0.3,,,,student_t,8.0,,,,,,,,,,,
gaussian,,,0.009342624119722,0.0391922402422833,1.173227539184833,1.0,1.0927728699167745,,0.3,False,,,,,0.74277,diagonal,rank_gauss,,,,,,,,
noise,0.01502,False,0.2065773921390184,0.7473635013610291,0.8052452503181661,1.0,1.8854444269941957,,0.2,,,,student_t,10.0,,,,,,,,,,,
gaussian,,,0.0666128146787746,0.2603470781286172,0.4925760469416381,1.0,1.0664722841145309,,0.2,True,,,,,0.22649,diagonal,gaussian,,,,,,,,
noise,0.28865,False,0.3809311593276402,19.27378704523882,1.3882623413313318,1.0,25.712957448048105,,0.3,,,,normal,0.0,,,,,,,,,,,
noise,0.03102,False,0.293887970099804,1.4076514491548482,1.1476478657860507,1.0,3.103491211443417,,0.2,,,,student_t,3.0,,,,,,,,,,,
gaussian,,,0.0615769769740423,0.2596601911670279,0.8349918461299372,1.0,1.0658151507655218,,0.2,True,,,,,0.55968,diagonal,gaussian,,,,,,,,
rbig,,,0.0,0.0302867870039637,0.4183930746610618,1.0,0.9870990901292218,,3.3,,80.0,600.0,,,,,,pca,,,,,,,
noise,0.07713,True,0.0,0.0287453159222368,0.3203458094286848,1.0,1.066282330343334,,0.3,,,,student_t,8.0,,,,,,,,,,,
gaussian,,,0.1327518757094518,0.4620226989040805,0.7291956527543448,1.0,1.3250110832384656,,0.2,True,,,,,0.38923,identity,gaussian,,,,,,,,
noise,0.01614,True,0.0,0.0281275914626846,0.3222421461793308,1.0,1.063037498180487,,0.3,,,,student_t,8.0,,,,,,,,,,,
gaussian,,,0.0141274846866205,0.0391873276929066,1.1848392216798649,1.0,1.0927767884075814,,0.3,True,,,,,0.75507,identity,rank_gauss,,,,,,,,
rbig,,,0.002187420232091,0.0792976232640767,0.6149786369595347,1.0,1.0779186023014156,,0.4,,5.0,600.0,,,,,,random,,,,,,,
noise,0.08267,True,0.0,0.0298563834379418,0.3242848605488632,1.0,1.067409507647063,,0.2,,,,student_t,4.0,,,,,,,,,,,
gaussian,,,0.0049267817317169,0.0392815455916363,0.4188372408677444,1.0,1.0955019040943124,,0.3,True,,,,,0.01497,diagonal,rank_gauss,,,,,,,,
noise,0.00714,False,0.0556097345645032,0.2707433821992334,0.4648928511175581,1.0,1.3313895767012591,,0.3,,,,student_t,10.0,,,,,,,,,,,
gaussian,,,0.0094192950333629,0.0393509467362657,0.5804526488007363,1.0,1.0939722227388464,,0.3,True,,,,,0.17313,diagonal,rank_gauss,,,,,,,,
noise,0.05682,True,0.0,0.0285663012140823,0.3208733290497861,1.0,1.0646827023449277,,0.2,,,,normal,0.0,,,,,,,,,,,
gaussian,,,0.0638988816183135,0.2601731462033846,0.576940976641923,1.0,1.0663308906312463,,0.2,True,,,,,0.32361,diagonal,gaussian,,,,,,,,
noise,0.08975,True,0.0001068182073497,0.0298646380237112,0.3247941686330045,1.0,1.068100840230762,,0.2,,,,student_t,10.0,,,,,,,,,,,
gaussian,,,0.0133767556527657,0.0390872517521841,1.2526793929637876,1.0,1.0921472278109652,,0.3,False,,,,,0.8286,diagonal,rank_gauss,,,,,,,,
noise,0.03917,False,0.3501360457047365,2.1856374786239043,1.2281535118672005,1.0,3.882109296818504,,0.3,,,,student_t,5.0,,,,,,,,,,,
noise,0.15611,True,0.0001907181798295,0.0368324322834318,0.3186936503475988,1.0,1.076405466796604,,0.2,,,,normal,0.0,,,,,,,,,,,
gaussian,,,0.0106668705507479,0.0391990881918913,1.145289712990186,1.0,1.092733984260704,,0.3,False,,,,,0.7134,identity,rank_gauss,,,,,,,,
noise,0.02599,True,0.0,0.0281052949674747,0.3219352144353344,1.0,1.0632825392562,,0.2,,,,student_t,8.0,,,,,,,,,,,
gaussian,,,0.1363546422638422,0.4709227443543729,0.7525741408726871,1.0,1.3355246989398537,,0.2,True,,,,,0.41103,identity,gaussian,,,,,,,,
rbig,,,0.0002756716467757,0.0350098875023259,0.4400447091114198,1.0,0.9959801137359288,,1.3,,30.0,300.0,,,,,,pca,,,,,,,
noise,0.1493,True,0.0,0.0340471331132048,0.3220978387523713,1.0,1.0740701793226302,,0.3,,,,student_t,3.0,,,,,,,,,,,
gaussian,,,0.0041918718921937,0.0392826022582224,0.433236547933033,1.0,1.0954135146184776,,0.3,True,,,,,0.03023,identity,rank_gauss,,,,,,,,
noise,0.02619,False,0.3168222312417184,1.5060117892504583,1.0828649946388056,1.0,2.7594575227538227,,0.2,,,,normal,0.0,,,,,,,,,,,
gaussian,,,0.006969248946306,0.0393557471587512,0.7342472171375123,1.0,1.0935591165699574,,0.3,True,,,,,0.31128,diagonal,rank_gauss,,,,,,,,
noise,0.0064,True,0.0,0.0281833990812011,0.3225353540657021,1.0,1.0628935939876656,,0.2,,,,normal,0.0,,,,,,,,,,,
gaussian,,,0.0718882087213324,0.2591938199613007,1.330244168570862,1.0,1.0647785110138432,,0.2,True,,,,,0.93598,diagonal,gaussian,,,,,,,,
rbig,,,0.0,0.0292057308564998,0.4134357601668719,1.0,0.985438125514004,,2.1,,50.0,600.0,,,,,,random,,,,,,,
noise,0.00751,False,0.0629909526584365,0.2852014548920649,0.47320587409664,1.0,1.3499677063158335,,0.2,,,,student_t,8.0,,,,,,,,,,,
gaussian,,,0.0682142764874906,0.2593078610705262,1.164465647878279,1.0,1.0646510428944136,,0.3,False,,,,,0.80745,diagonal,gaussian,,,,,,,,
rbig,,,0.0009819144986972,0.0724932138308814,0.430458124293617,1.0,1.1040790294125202,,0.4,,5.0,800.0,,,,,,pca,,,,,,,
noise,0.02085,True,0.0,0.0282049475507093,0.3220778302323708,1.0,1.0631171681825662,,0.2,,,,normal,0.0,,,,,,,,,,,
gaussian,,,0.1640396768715248,0.5457957490698202,0.9634136485852444,1.0,1.4205637030689924,,0.2,False,,,,,0.6075,identity,gaussian,,,,,,,,
noise,0.00869,False,0.0918123820635857,0.3586598925922807,0.5366723837194746,1.0,1.4301446184200208,,0.3,,,,student_t,10.0,,,,,,,,,,,
gaussian,,,0.0090847395811032,0.0393702852470892,0.7966776037770995,1.0,1.0937894236384138,,0.3,False,,,,,0.36848,identity,rank_gauss,,,,,,,,
noise,0.16356,True,0.0,0.0357928521724026,0.3224204446080321,1.0,1.0763348704083633,,0.3,,,,student_t,3.0,,,,,,,,,,,
gaussian,,,0.0501126283484584,0.260393787353215,0.4350466638188965,1.0,1.0665717690662069,,0.2,True,,,,,0.13339,diagonal,gaussian,,,,,,,,
rbig,,,0.0,0.0303593354568098,0.3970436891734324,1.0,0.994468839349571,,2.3,,60.0,300.0,,,,,,random,,,,,,,
noise,0.01549,False,0.1766192902822404,0.6933853526844067,0.819449536320119,1.0,1.908289860704499,,0.2,,,,student_t,4.0,,,,,,,,,,,
gaussian,,,0.1821478526609074,0.6033464257165623,1.1375003187063573,1.0,1.4805298234280486,,0.2,True,,,,,0.77025,identity,gaussian,,,,,,,,
rbig,,,0.0004600877525421,0.0462354528771356,0.3865869358633332,1.0,1.0118588595632378,,0.6,,10.0,600.0,,,,,,pca,,,,,,,
noise,0.12309,False,0.3823462903824543,8.05244113395859,1.3741155161992018,1.0,11.14598081315115,,0.3,,,,normal,0.0,,,,,,,,,,,
gaussian,,,0.1083468523629728,0.4089267962956066,0.6130831098393096,1.0,1.2599649645422564,,0.3,False,,,,,0.26926,identity,gaussian,,,,,,,,
noise,0.27961,True,0.0023066613010485,0.0582382770169237,0.3329445524032064,1.0,1.1018016874979004,,0.2,,,,student_t,3.0,,,,,,,,,,,
gaussian,,,0.0138090428064162,0.0391222073842131,1.2390810870215256,1.0,1.0923609764724844,,0.3,True,,,,,0.81374,identity,rank_gauss,,,,,,,,
rbig,,,0.0005676869034541,0.0425740684314925,0.565989016077352,1.0,0.9984016267725032,,0.8,,15.0,800.0,,,,,,random,,,,,,,
noise,0.18905,True,0.0005138211722216,0.0432848225567973,0.3192933974056069,1.0,1.082646181280317,,0.2,,,,normal,0.0,,,,,,,,,,,
gaussian,,,0.0123203459026267,0.0391236022338097,1.2375673148530857,1.0,1.0923757941689316,,0.3,False,,,,,0.8121,diagonal,rank_gauss,,,,,,,,
rbig,,,0.0012727594518018,0.0565037261712375,0.59233412128691,1.0,1.0655384381528517,,0.7,,10.0,1000.0,,,,,,random,,,,,,,
noise,0.00945,True,0.0,0.0281805904939844,0.3224406099969582,1.0,1.062921417454958,,0.3,,,,normal,0.0,,,,,,,,,,,
gaussian,,,0.0067398349842902,0.0393588947222171,0.7540023969993007,1.0,1.0935107562671147,,0.3,True,,,,,0.3294,diagonal,rank_gauss,,,,,,,,
noise,0.1026,False,0.3799003794926163,6.163844116084406,1.3663516334209782,1.0,9.4883721686807,,0.3,,,,student_t,5.0,,,,,,,,,,,
noise,0.03716,False,0.3532251492680464,2.1865205449412963,1.211685120925724,1.0,3.7033733103079554,,0.3,,,,student_t,10.0,,,,,,,,,,,
gaussian,,,0.0057221905330163,0.0392949928707678,0.4441382340579665,1.0,1.0953737413829283,,0.3,True,,,,,0.04172,diagonal,rank_gauss,,,,,,,,
noise,0.01437,True,0.0,0.0281885916307936,0.32228566569023,1.0,1.062988143189162,,0.3,,,,normal,0.0,,,,,,,,,,,
gaussian,,,0.0558811358823949,0.2602364712806177,0.5467994902669404,1.0,1.066374972897307,,0.2,False,,,,,0.29133,diagonal,gaussian,,,,,,,,
rbig,,,0.0,0.038281024250629,0.4555361949584156,1.0,0.99840656146007,,1.0,,20.0,300.0,,,,,,pca,,,,,,,
noise,0.04394,True,0.0,0.0286950766930387,0.3235716422319438,1.0,1.0643369841543255,,0.3,,,,student_t,4.0,,,,,,,,,,,
gaussian,,,0.0640044196672586,0.2593024099674338,1.1710365015890596,1.0,1.0646572308221938,,0.3,True,,,,,0.81257,diagonal,gaussian,,,,,,,,
noise,0.07116,True,0.0,0.0289454674748842,0.3203928199749284,1.0,1.065707139510818,,0.3,,,,normal,0.0,,,,,,,,,,,
gaussian,,,0.1800395658774155,0.6669151038005987,1.325263002059841,1.0,1.5360163116894308,,0.2,True,,,,,0.94358,identity,gaussian,,,,,,,,
rbig,,,0.0003580681995112,0.0257650938880605,0.402862819958343,1.0,0.968976374666476,,1.6,,40.0,300.0,,,,,,random,,,,,,,
noise,0.08816,True,0.0,0.0292438283993395,0.3200409131964482,1.0,1.067307632438133,,0.2,,,,student_t,8.0,,,,,,,,,,,
gaussian,,,0.0059995310884081,0.0392983903381226,0.4847552530401456,1.0,1.094782453344146,,0.3,False,,,,,0.08183,diagonal,rank_gauss,,,,,,,,
rbig,,,0.0002110197913658,0.0362708444733976,0.4038462702033841,1.0,0.994808855291814,,3.0,,80.0,200.0,,,,,,pca,,,,,,,
noise,0.00895,False,0.081923809942283,0.3475127894193258,0.5456349788097231,1.0,1.4407738716618588,,0.3,,,,student_t,5.0,,,,,,,,,,,
gaussian,,,0.079461349564394,0.3369007336890364,0.4738579739173253,1.0,1.169823624271239,,0.2,False,,,,,0.12626,identity,gaussian,,,,,,,,
noise,0.04298,False,0.3687204342028213,2.6338809476454865,1.2513608810753296,1.0,4.1688673108759815,,0.2,,,,normal,0.0,,,,,,,,,,,
gaussian,,,0.0570190665658105,0.2596613464514755,0.8340926008897356,1.0,1.065816889379874,,0.3,True,,,,,0.55892,diagonal,gaussian,,,,,,,,
rbig,,,0.0006498910205919,0.0442828560235668,0.4196790432413513,1.0,0.9691282026242354,,1.9,,50.0,100.0,,,,,,pca,,,,,,,
noise,0.24522,True,0.0005985314993647,0.0503285850895029,0.327947733958587,1.0,1.0929697020535998,,0.2,,,,student_t,3.0,,,,,,,,,,,
gaussian,,,0.0153374270618058,0.0388352765470443,1.37519541425327,1.0,1.0911552799315956,,0.3,True,,,,,0.96442,diagonal,rank_gauss,,,,,,,,
noise,0.22497,False,0.3819273620147531,13.861146511099856,1.3872067929162213,1.0,20.44598040837668,,0.3,,,,student_t,5.0,,,,,,,,,,,
noise,0.34763,False,0.381581596275365,23.272664161962997,1.3891256227826798,1.0,30.90855976294203,,0.3,,,,normal,0.0,,,,,,,,,,,
gaussian,,,0.1115056934856844,0.4279370808201453,0.658515441030146,1.0,1.283355679099628,,0.2,True,,,,,0.31181,identity,gaussian,,,,,,,,
noise,0.20312,True,0.0016092211967161,0.0464851337616436,0.3199065762726606,1.0,1.0856601690252017,,0.2,,,,normal,0.0,,,,,,,,,,,
gaussian,,,0.0621475768667277,0.2604327248260016,0.4172885250435893,1.0,1.0666102853998194,,0.2,True,,,,,0.08394,diagonal,gaussian,,,,,,,,
rbig,,,0.0008925093267658,0.0535583335925774,0.5769243250709281,1.0,1.0268758052939777,,0.6,,10.0,400.0,,,,,,random,,,,,,,
noise,0.0056,True,0.0003409610678172,0.0282250499816603,0.3228481392685428,1.0,1.0629363476203402,,0.2,,,,student_t,4.0,,,,,,,,,,,
noise,0.01422,True,0.0,0.0281811555354434,0.3225970654313699,1.0,1.0629315963393495,,0.2,,,,student_t,3.0,,,,,,,,,,,
gaussian,,,0.1570740521214649,0.5666478408239429,1.0259206324341754,1.0,1.4430379927386554,,0.2,False,,,,,0.66589,identity,gaussian,,,,,,,,
rbig,,,0.0,0.0392297525375657,0.4870938356196926,1.0,1.008167705949508,,1.2,,25.0,800.0,,,,,,pca,,,,,,,
noise,0.27569,True,0.0013471610676445,0.0668648736158589,0.3276969499588653,1.0,1.104413597054793,,0.2,,,,normal,0.0,,,,,,,,,,,
gaussian,,,0.0615299638320375,0.2604078958655815,0.4281136128987129,1.0,1.0665862466090843,,0.2,True,,,,,0.11715,diagonal,gaussian,,,,,,,,
noise,0.20473,True,0.0004588744363596,0.04599216129993,0.3210114586808191,1.0,1.0861686419897365,,0.2,,,,student_t,8.0,,,,,,,,,,,
gaussian,,,0.016086456054028,0.0391020913784437,1.2475510021211105,1.0,1.0922344840411096,,0.3,True,,,,,0.82298,identity,rank_gauss,,,,,,,,
noise,0.07379,True,0.0,0.029480698016435,0.324109449832442,1.0,1.066558463624877,,0.2,,,,student_t,4.0,,,,,,,,,,,
gaussian,,,0.0064653390323309,0.0393384300445762,0.6151457156691491,1.0,1.0935998910608862,,0.3,False,,,,,0.20455,identity,rank_gauss,,,,,,,,
rbig,,,0.0,0.0296802750109661,0.4182258615712352,1.0,0.9816468029660586,,3.2,,80.0,800.0,,,,,,pca,,,,,,,
noise,0.01167,True,0.0,0.0281820564688931,0.322371013460181,1.0,1.0629481866451311,,0.2,,,,normal,0.0,,,,,,,,,,,
gaussian,,,0.011039976675401,0.0391871897519218,1.182558113143993,1.0,1.0927768611608777,,0.3,True,,,,,0.75264,identity,rank_gauss,,,,,,,,
noise,0.34926,True,0.005825229537866,0.0932964208467924,0.3625147307447497,1.0,1.1306132277429135,,0.2,,,,student_t,10.0,,,,,,,,,,,
gaussian,,,0.0607602366568463,0.2596140232667676,0.869404027073559,1.0,1.0657463180529838,,0.2,False,,,,,0.58859,diagonal,gaussian,,,,,,,,
rbig,,,0.0018999369494386,0.0810979401912233,0.6157072218441421,1.0,1.097437282893674,,0.4,,5.0,800.0,,,,,,random,,,,,,,
noise,0.32677,True,0.0046528496618919,0.0850407178457429,0.3389436599556431,1.0,1.1206804183568244,,0.2,,,,normal,0.0,,,,,,,,,,,
gaussian,,,0.1582360812501308,0.5397223867086005,0.9455311838784948,1.0,1.413926865739495,,0.2,False,,,,,0.5908,identity,gaussian,,,,,,,,
rbig,,,0.0,0.0364858717251744,0.3718242805837338,1.0,1.0073308942957064,,3.6,,100.0,200.0,,,,,,pca,,,,,,,
noise,0.38767,True,0.0039338260349517,0.0882496276467168,0.3617906059343501,1.0,1.1358853398564217,,0.2,,,,student_t,3.0,,,,,,,,,,,
gaussian,,,0.0710408243968455,0.2591923549748292,1.3338335688657708,1.0,1.0647815618149614,,0.2,True,,,,,0.93875,diagonal,gaussian,,,,,,,,
rbig,,,0.0,0.0285308673718743,0.3791220321534868,1.0,0.9898585073574508,,2.4,,60.0,1000.0,,,,,,random,,,,,,,
noise,0.0218,False,0.2959722363750041,1.212824531946788,0.997872531256762,1.0,2.4032680088341025,,0.2,,,,normal,0.0,,,,,,,,,,,
gaussian,,,0.2002497869581533,0.6567396304166414,1.295412311949022,1.0,1.5278344080477928,,0.2,True,,,,,0.91638,identity,gaussian,,,,,,,,
noise,0.0072,False,0.0632436751394263,0.2682282100112417,0.4585497164177608,1.0,1.330861405610134,,0.3,,,,student_t,8.0,,,,,,,,,,,
gaussian,,,0.005539795971772,0.0392951574658593,0.4438860483512533,1.0,1.0953770991611265,,0.3,True,,,,,0.04146,identity,rank_gauss,,,,,,,,
rbig,,,4.588676309291717e-05,0.0336722919600558,0.4495885354800751,1.0,0.9981221421880592,,1.6,,40.0,600.0,,,,,,pca,,,,,,,
noise,0.14101,True,0.0,0.0341291876683338,0.319204748528853,1.0,1.0740599607296528,,0.2,,,,student_t,8.0,,,,,,,,,,,
gaussian,,,0.0613660222648267,0.2594919943198099,0.9348315107679857,1.0,1.065603533622568,,0.2,False,,,,,0.64267,diagonal,gaussian,,,,,,,,
rbig,,,0.0,0.0350839030113948,0.4464897264398313,1.0,0.9969293418968608,,2.0,,50.0,600.0,,,,,,pca,,,,,,,
noise,0.0055,False,0.0330308230010004,0.1864216797907258,0.3869510198858554,1.0,1.23153607664178,,0.2,,,,normal,0.0,,,,,,,,,,,
gaussian,,,0.0059421302345853,0.0392680393073655,0.4061361290388708,1.0,1.095553229493304,,0.3,True,,,,,,identity,rank_gauss,,,,,,,,
noise,0.01253,False,0.1444870061763697,0.5506156907821691,0.707412313443373,1.0,1.6918836299259532,,0.3,,,,student_t,5.0,,,,,,,,,,,
gaussian,,,0.005538093249259,0.0393477069677287,0.605955096133434,1.0,1.0936977925030535,,0.3,False,,,,,0.19611,identity,rank_gauss,,,,,,,,
noise,0.03545,True,0.0,0.0282803694017838,0.3215962875928964,1.0,1.06357918636891,,0.2,,,,normal,0.0,,,,,,,,,,,
gaussian,,,0.124132627707131,0.4525178583491788,0.7046478116169509,1.0,1.3136705894784693,,0.2,True,,,,,0.36629,identity,gaussian,,,,,,,,
rbig,,,0.0004231539051713,0.038754474796362,0.4590440954665127,1.0,0.9541499444598156,,1.2,,30.0,100.0,,,,,,random,,,,,,,
noise,0.14414,False,0.3806043829676385,9.4784164315141,1.378942662451949,1.0,12.99458485561595,,0.3,,,,normal,0.0,,,,,,,,,,,
gaussian,,,0.0081529838286685,0.0392801090699708,0.4130252246892348,1.0,1.0955480145393175,,0.3,True,,,,,0.00865,identity,rank_gauss,,,,,,,,
noise,0.00653,True,4.348322439418073e-05,0.0281585668684508,0.3225354974699815,1.0,1.0629022601631175,,0.2,,,,student_t,8.0,,,,,,,,,,,
gaussian,,,0.0078271003684832,0.0393517527460209,0.5907599220280222,1.0,1.093840579019617,,0.3,False,,,,,0.1823,diagonal,rank_gauss,,,,,,,,
rbig,,,5.356050041149807e-06,0.0361537281371731,0.4503087825281884,1.0,0.9721848988081656,,1.1,,25.0,400.0,,,,,,random,,,,,,,
noise,0.01144,False,0.1463295332023343,0.5237215315771363,0.6626172522793395,1.0,1.620037509341333,,0.2,,,,student_t,10.0,,,,,,,,,,,
gaussian,,,0.156292292116371,0.50190904784133,0.8371080738466152,1.0,1.3715333372656766,,0.2,False,,,,,0.48971,identity,gaussian,,,,,,,,
noise,0.02272,False,0.2783080347272982,1.1643187377409974,1.0201779160853588,1.0,2.49055302196663,,0.3,,,,student_t,5.0,,,,,,,,,,,
gaussian,,,0.1478213223198223,0.5240324337149281,0.9000548666721107,1.0,1.3966123372072854,,0.2,True,,,,,0.54837,identity,gaussian,,,,,,,,
rbig,,,8.191683606573186e-05,0.0307030290037474,0.4043698046218886,1.0,0.9842653550123815,,2.3,,60.0,200.0,,,,,,random,,,,,,,
noise,0.0355,False,0.3557278389043143,2.1305586090926667,1.1974264895133355,1.0,3.53438169526378,,0.2,,,,normal,0.0,,,,,,,,,,,
gaussian,,,0.0057295231855305,0.0392800159968073,0.4129149147726478,1.0,1.0955488840654488,,0.3,True,,,,,0.00853,identity,rank_gauss,,,,,,,,
noise,0.10997,False,0.3779987626800827,5.6469898089578265,1.3806857540140574,1.0,9.94461670855856,,0.2,,,,student_t,3.0,,,,,,,,,,,
gaussian,,,0.0140167617244509,0.0387937302141861,1.392887400165041,1.0,1.091033580485795,,0.3,True,,,,,0.98434,identity,rank_gauss,,,,,,,,
noise,0.15871,False,0.3826781137840904,10.465646796086894,1.3812016430797156,1.0,14.275186448403502,,0.3,,,,normal,0.0,,,,,,,,,,,
gaussian,,,0.0548487785912537,0.2603793405858415,0.4670467300986268,1.0,1.0665183187542375,,0.2,False,,,,,0.19047,diagonal,gaussian,,,,,,,,
rbig,,,0.0,0.0466955521278453,0.3817295969294212,1.0,1.027997288677986,,0.6,,10.0,1000.0,,,,,,pca,,,,,,,
noise,0.01091,True,0.0002656656238715,0.0281813106013215,0.322394898762021,1.0,1.0629384043246346,,0.2,,,,normal,0.0,,,,,,,,,,,
gaussian,,,0.0559826020558807,0.2604340862525681,0.4148922198041218,1.0,1.0666150434066743,,0.2,True,,,,,0.07367,diagonal,gaussian,,,,,,,,
noise,0.3297,False,0.3812081716339596,22.056957668357803,1.3889181765378584,1.0,29.32896221292293,,0.3,,,,normal,0.0,,,,,,,,,,,
gaussian,,,0.1737967770451065,0.5676425626344287,1.028925150213949,1.0,1.4440914666410358,,0.2,True,,,,,0.6687,identity,gaussian,,,,,,,,
rbig,,,0.0,0.0296174402193166,0.3595166247670821,1.0,0.9965307424836388,,3.8,,100.0,400.0,,,,,,pca,,,,,,,
noise,0.00723,True,0.0,0.0281821275986697,0.3225096724974544,1.0,1.0629001391245498,,0.2,,,,normal,0.0,,,,,,,,,,,
gaussian,,,0.1952261939190423,0.6704043947596322,1.3355123830993407,1.0,1.5387708253252033,,0.2,True,,,,,0.95288,identity,gaussian,,,,,,,,
rbig,,,0.0,0.0383800986964975,0.4811405709780048,1.0,0.9799699591967818,,1.1,,25.0,200.0,,,,,,pca,,,,,,,
noise,0.14403,False,0.382773178564156,9.470963516176038,1.3789228306341166,1.0,12.984919397663967,,0.2,,,,normal,0.0,,,,,,,,,,,
gaussian,,,0.011459028948109,0.0391799313571079,1.1931018581065889,1.0,1.0927633797081824,,0.3,True,,,,,0.76394,identity,rank_gauss,,,,,,,,
rbig,,,0.0,0.0367783786278129,0.4338476979566169,1.0,0.9506830152463028,,0.9,,20.0,100.0,,,,,,pca,,,,,,,
noise,0.0498,True,9.46744715701886e-06,0.0284367367885954,0.3211115075472442,1.0,1.0642642758513825,,0.2,,,,normal,0.0,,,,,,,,,,,
gaussian,,,0.0119050737491733,0.0391262764824702,1.226782084933664,1.0,1.0924415519076076,,0.3,False,,,,,0.80036,identity,rank_gauss,,,,,,,,
rbig,,,0.0,0.0351724926642371,0.4289220848419862,1.0,0.9991181574894558,,2.2,,50.0,1500.0,,,,,,pca,,,,,,,
noise,0.05935,False,0.376071788320469,3.738435690995689,1.3148648139304184,1.0,5.577145547606885,,0.2,,,,normal,0.0,,,,,,,,,,,
gaussian,,,0.0139807403094185,0.0389551373050828,1.3241167194940275,1.0,1.0915481510920315,,0.3,True,,,,,0.90744,diagonal,rank_gauss,,,,,,,,
rbig,,,0.0001994821496735,0.0442893133253403,0.4034886336604691,1.0,0.9431467414418406,,0.6,,10.0,100.0,,,,,,pca,,,,,,,
noise,0.26324,False,0.3813974689916599,15.545825234883967,1.3988583310703495,1.0,23.787826755806357,,0.3,,,,student_t,4.0,,,,,,,,,,,
gaussian,,,0.0139117628542946,0.0389610130407409,1.3185315462239084,1.0,1.0915556504460588,,0.3,True,,,,,0.90121,diagonal,rank_gauss,,,,,,,,
rbig,,,0.0005342348005362,0.0451006657051589,0.4005434302085092,1.0,0.973803847878685,,0.6,,10.0,200.0,,,,,,pca,,,,,,,
noise,0.07842,False,0.3782768074296433,4.908337444395206,1.3529594500020858,1.0,7.296585074710833,,0.2,,,,student_t,10.0,,,,,,,,,,,
gaussian,,,0.0157391151573582,0.038793667633171,1.3929230235373764,1.0,1.091033520481925,,0.3,False,,,,,0.98438,diagonal,rank_gauss,,,,,,,,
noise,0.0252,False,0.2790380325354647,1.2580358490274508,1.0663696133179346,1.0,2.684500971999218,,0.2,,,,student_t,4.0,,,,,,,,,,,
noise,0.36381,True,0.0062379958559206,0.0999263788243087,0.3504499467728523,1.0,1.1339483955851328,,0.2,,,,normal,0.0,,,,,,,,,,,
gaussian,,,0.0576480816922293,0.2600457298312478,0.6355638898204546,1.0,1.0662225220557684,,0.2,True,,,,,0.38204,diagonal,gaussian,,,,,,,,
noise,0.00539,True,0.0001525511547447,0.0281846564304909,0.3225665020830894,1.0,1.0628866647531925,,0.2,,,,normal,0.0,,,,,,,,,,,
gaussian,,,0.0123011494132142,0.0389052204387047,1.3423310930510248,1.0,1.091390071400669,,0.3,False,,,,,0.92764,identity,rank_gauss,,,,,,,,
noise,0.24839,True,0.0005544024362077,0.0584339636544886,0.3237452690225079,1.0,1.096738686285344,,0.2,,,,normal,0.0,,,,,,,,,,,
gaussian,,,0.0118222161840727,0.039123090661919,1.2381020374331744,1.0,1.0923708480451666,,0.3,True,,,,,0.81269,diagonal,rank_gauss,,,,,,,,
noise,0.00835,False,0.0666027943131535,0.301991296341582,0.5194351785182588,1.0,1.3992107325125358,,0.2,,,,student_t,4.0,,,,,,,,,,,
gaussian,,,0.0071925143560451,0.0393708862456637,0.7898527729947853,1.0,1.0937400617761646,,0.3,True,,,,,0.36207,identity,rank_gauss,,,,,,,,
noise,0.47554,False,0.3807937401254281,31.208059929080616,1.4025772803953516,1.0,42.5687735248577,,0.3,,,,student_t,10.0,,,,,,,,,,,
gaussian,,,0.0078805740366072,0.0393397625281292,0.6245176946437435,1.0,1.0935466830335938,,0.3,False,,,,,0.21293,identity,rank_gauss,,,,,,,,
rbig,,,0.0,0.0360864576463564,0.3958276617732491,1.0,1.0019544550834183,,3.7,,100.0,200.0,,,,,,random,,,,,,,
noise,0.40128,False,0.3819857533992241,21.372543105388008,1.4034954400033657,1.0,35.64521373264385,,0.3,,,,student_t,3.0,,,,,,,,,,,
rbig,,,0.0,0.0351996115156045,0.4331381208464077,1.0,1.0019693647739014,,1.3,,30.0,400.0,,,,,,pca,,,,,,,
noise,0.00503,True,0.0,0.0281848797425615,0.3225775768808381,1.0,1.062884469696724,,0.2,,,,normal,0.0,,,,,,,,,,,
gaussian,,,0.0076946947850017,0.0392786450051778,0.4076685808589611,1.0,1.095590485738944,,0.3,True,,,,,0.00277,identity,rank_gauss,,,,,,,,
noise,0.07568,False,0.3777188035036855,4.727165733388619,1.349389481510633,1.0,7.055499037486207,,0.2,,,,student_t,10.0,,,,,,,,,,,
gaussian,,,0.0093511196125034,0.0393604231830473,0.8872997890560427,1.0,1.0937971660601309,,0.3,True,,,,,0.45455,identity,rank_gauss,,,,,,,,
rbig,,,0.0,0.0440232192355444,0.3448034717356949,1.0,0.97994769077237,,2.3,,60.0,100.0,,,,,,pca,,,,,,,
noise,0.20184,True,0.0002153344415858,0.0418135371455532,0.3240674051979103,1.0,1.0833517207926928,,0.2,,,,student_t,3.0,,,,,,,,,,,
noise,0.08006,False,0.3784920441523952,4.961722392600182,1.3713000769477088,1.0,7.444098201770872,,0.2,,,,student_t,8.0,,,,,,,,,,,
gaussian,,,0.1857781123514233,0.6222769446362043,1.194421356796565,1.0,1.498360272562455,,0.2,False,,,,,0.82328,identity,gaussian,,,,,,,,
noise,0.05694,False,0.3760111292724105,3.5756185855790266,1.30841411905991,1.0,5.368656691567472,,0.2,,,,normal,0.0,,,,,,,,,,,
gaussian,,,0.1508351948964096,0.5169065914152112,0.8796110082262599,1.0,1.388612447330285,,0.2,True,,,,,0.52931,identity,gaussian,,,,,,,,
noise,0.00562,True,0.0,0.0281845221193112,0.3225594189499084,1.0,1.0628881427514023,,0.2,,,,normal,0.0,,,,,,,,,,,
noise,0.09877,True,3.5746512019319e-05,0.0302788886436058,0.3195436524514865,1.0,1.068319008341618,,0.2,,,,normal,0.0,,,,,,,,,,,
gaussian,,,0.0064006761156784,0.0393163586379996,0.5046868964343462,1.0,1.094645141494738,,0.3,False,,,,,0.10105,identity,rank_gauss,,,,,,,,
noise,0.01467,True,0.0,0.0281464599952718,0.3227114373508896,1.0,1.062957954524046,,0.2,,,,student_t,5.0,,,,,,,,,,,
gaussian,,,0.0609086315856357,0.260416312783696,0.4243721130761222,1.0,1.0665938168908498,,0.3,False,,,,,0.10716,diagonal,gaussian,,,,,,,,
noise,0.30971,True,0.0016876606403168,0.0658591510498947,0.3389039678211434,1.0,1.1103493828547166,,0.2,,,,student_t,3.0,,,,,,,,,,,
gaussian,,,0.07019480250956,0.2600503342491923,0.6338459324238724,1.0,1.0662259483503975,,0.2,True,,,,,0.38039,diagonal,gaussian,,,,,,,,
rbig,,,0.0,0.0328940576561055,0.4458058284381422,1.0,0.9888078093588047,,1.6,,40.0,400.0,,,,,,pca,,,,,,,
noise,0.00856,True,0.0,0.0281751591123884,0.3226521612915839,1.0,1.062879836005989,,0.2,,,,student_t,3.0,,,,,,,,,,,
gaussian,,,0.0589891926125424,0.2597339018797818,0.409155477723961,1.0,1.0646111772762188,,0.2,False,,,,,0.00108,diagonal,gaussian,,,,,,,,
noise,0.03415,True,0.0,0.0281612383424688,0.3226505646606231,1.0,1.0634456798110845,,0.2,,,,student_t,5.0,,,,,,,,,,,
gaussian,,,0.0147873658348783,0.0389619309105244,1.3180312105857863,1.0,1.0915557019019115,,0.3,False,,,,,0.90066,identity,rank_gauss,,,,,,,,
noise,0.01345,True,7.097958929569437e-05,0.0281871879890999,0.3223148325856638,1.0,1.0629736162426289,,0.2,,,,normal,0.0,,,,,,,,,,,
gaussian,,,0.0656236541461171,0.2592054587525609,1.4052662183176885,1.0,1.0648489463286674,,0.2,False,,,,,0.99369,diagonal,gaussian,,,,,,,,
noise,0.00508,True,0.0,0.0281750038560631,0.3228528128516156,1.0,1.062928073706252,,0.2,,,,student_t,10.0,,,,,,,,,,,
gaussian,,,0.0566910160712587,0.2593030934790876,1.0292119393694774,1.0,1.0654160309452032,,0.2,True,,,,,0.7191,diagonal,gaussian,,,,,,,,
rbig,,,0.0,0.0291073247554034,0.3668591132792752,1.0,0.9891879440818512,,2.5,,60.0,1500.0,,,,,,pca,,,,,,,
noise,0.02277,True,0.0,0.0283842859233861,0.3231869117021351,1.0,1.0633611489752026,,0.2,,,,student_t,4.0,,,,,,,,,,,
gaussian,,,0.0617152033919704,0.2603949796247161,0.4344542488977376,1.0,1.0665729203734902,,0.2,True,,,,,0.13209,diagonal,gaussian,,,,,,,,
noise,0.01311,True,0.0,0.028135855390494,0.3223353571316333,1.0,1.062983785889962,,0.2,,,,student_t,8.0,,,,,,,,,,,
gaussian,,,0.0504297474944924,0.2603940667929836,0.434900228203901,1.0,1.0665720461086317,,0.2,True,,,,,0.13307,diagonal,gaussian,,,,,,,,
noise,0.49983,False,0.3811607439211315,32.49620099459853,1.417853711825206,1.0,44.78085007246695,,0.3,,,,student_t,8.0,,,,,,,,,,,
noise,0.23434,False,0.381185961750727,15.591795819853834,1.3867202536041014,1.0,20.93015571756122,,0.3,,,,normal,0.0,,,,,,,,,,,
noise,0.48418,False,0.3812118005619104,32.53141016347788,1.3899777567323173,1.0,42.94055824887683,,0.3,,,,normal,0.0,,,,,,,,,,,
gaussian,,,0.0125145245553019,0.0392047657375103,1.1404221705437494,1.0,1.0927318263606511,,0.3,False,,,,,0.70828,diagonal,rank_gauss,,,,,,,,
rbig,,,0.0002663036975129,0.0463975210117776,0.3853429423965558,1.0,1.0199411906956306,,0.6,,10.0,800.0,,,,,,pca,,,,,,,
noise,0.02416,False,0.2836632365957883,1.252915759559701,1.0490528059357311,1.0,2.6089477826518257,,0.2,,,,student_t,5.0,,,,,,,,,,,
gaussian,,,0.0592235249226479,0.2602880848403501,0.5223124943290361,1.0,1.066415805894749,,0.2,False,,,,,0.26343,diagonal,gaussian,,,,,,,,
rbig,,,0.0021394962806539,0.0682126581414062,0.4097793478955696,1.0,1.053345283277166,,0.4,,5.0,300.0,,,,,,pca,,,,,,,
noise,0.00684,False,0.0442931642775331,0.2488330943304855,0.4418729450596866,1.0,1.30911625051209,,0.3,,,,student_t,8.0,,,,,,,,,,,
gaussian,,,0.0627390900489951,0.2597589575597737,0.4085214394005725,1.0,1.0645685637017772,,0.2,True,,,,,0.0335,diagonal,gaussian,,,,,,,,
noise,0.02358,True,0.0,0.0282110826877193,0.3219890816977664,1.0,1.0631855256666969,,0.2,,,,normal,0.0,,,,,,,,,,,
gaussian,,,0.1473301001778409,0.5033970448835111,0.8412837272558557,1.0,1.3732398107351549,,0.2,False,,,,,0.4936,identity,gaussian,,,,,,,,
noise,0.14827,True,7.438858255071068e-05,0.0361487569850081,0.326981093437052,1.0,1.0762435986946537,,0.2,,,,student_t,10.0,,,,,,,,,,,
rbig,,,0.0,0.0402797679398695,0.4742232608291586,1.0,1.0354175689910567,,0.8,,15.0,600.0,,,,,,pca,,,,,,,
noise,0.02668,False,0.2949688202874943,1.3453417866913593,1.0915620212745505,1.0,2.807113336702065,,0.3,,,,student_t,4.0,,,,,,,,,,,
gaussian,,,0.0135608649240258,0.0389379553406329,1.332537407658383,1.0,1.0914942301892214,,0.3,True,,,,,0.91678,identity,rank_gauss,,,,,,,,
rbig,,,0.0,0.0386579155303841,0.4439695903543736,1.0,1.0068186171232276,,0.9,,20.0,400.0,,,,,,pca,,,,,,,
noise,0.21723,True,0.0015721919208817,0.0503277803640596,0.332750958635997,1.0,1.0904801700666016,,0.2,,,,student_t,10.0,,,,,,,,,,,
gaussian,,,0.005304133871292,0.0393001614953351,0.4895068215176648,1.0,1.0947357776541766,,0.3,True,,,,,0.08638,identity,rank_gauss,,,,,,,,
noise,0.00519,True,0.0,0.0281773112021605,0.3226847899129054,1.0,1.0628654291193125,,0.2,,,,student_t,3.0,,,,,,,,,,,
gaussian,,,0.0041611187097161,0.0392971155281646,0.4558828091013787,1.0,1.0952425250412552,,0.3,True,,,,,0.05385,diagonal,rank_gauss,,,,,,,,
rbig,,,1.1412612250016885e-05,0.0389042860411089,0.4791169650762168,1.0,0.995084206004834,,1.1,,25.0,400.0,,,,,,pca,,,,,,,
noise,0.15763,False,0.3803478185782166,9.193932279514046,1.391073153092428,1.0,14.353175009248137,,0.3,,,,student_t,4.0,,,,,,,,,,,
gaussian,,,0.0582857316682493,0.2593005664601966,1.173219623919969,1.0,1.0646593055984088,,0.2,False,,,,,0.81427,diagonal,gaussian,,,,,,,,
noise,0.36278,False,0.3815155382112267,19.29340687937636,1.4030952403068606,1.0,32.24476505010706,,0.3,,,,student_t,3.0,,,,,,,,,,,
gaussian,,,0.183893902233408,0.6343074905171024,1.2295090814766578,1.0,1.5089134869854746,,0.2,True,,,,,0.85579,identity,gaussian,,,,,,,,
noise,0.12981,False,0.3784366013577199,6.7167536164278285,1.3877702813539778,1.0,11.689094963232147,,0.2,,,,student_t,3.0,,,,,,,,,,,
gaussian,,,0.0147208567207715,0.0389529843844033,1.3271956059614884,1.0,1.0915415712784993,,0.3,False,,,,,0.91086,diagonal,rank_gauss,,,,,,,,
noise,0.07035,False,0.3766500943845716,4.481923785569502,1.3366588655524758,1.0,6.531908888433861,,0.2,,,,normal,0.0,,,,,,,,,,,
noise,0.06736,False,0.37667137333649,3.9508750243716255,1.3313122793662269,1.0,6.353876862551237,,0.3,,,,student_t,5.0,,,,,,,,,,,
gaussian,,,0.0060265239018627,0.0393537542008637,0.5938010695086503,1.0,1.0938165990674895,,0.3,True,,,,,0.18502,identity,rank_gauss,,,,,,,,
noise,0.01466,False,0.192256333092841,0.7245947264966306,0.7922489364451039,1.0,1.8580694351791631,,0.2,,,,student_t,10.0,,,,,,,,,,,
gaussian,,,0.0696170537435791,0.314426135252967,0.4441767546980198,1.0,1.1411035830385412,,0.2,False,,,,,0.0875,identity,gaussian,,,,,,,,
noise,0.01294,True,0.000249954732014,0.0281820128897637,0.3226066186507328,1.0,1.0629181461482644,,0.2,,,,student_t,3.0,,,,,,,,,,,
gaussian,,,0.0063302395018099,0.0392964263157666,0.4691097494143056,1.0,1.0950435188640433,,0.3,False,,,,,0.06688,diagonal,rank_gauss,,,,,,,,
rbig,,,0.0002084501388615,0.0472068130368729,0.3712380734150985,1.0,1.0422633660861575,,0.6,,10.0,1500.0,,,,,,pca,,,,,,,
noise,0.47865,False,0.3823955265022059,31.106415585963752,1.41774711901449,1.0,42.89435106215832,,0.3,,,,student_t,8.0,,,,,,,,,,,
gaussian,,,0.0099857858210605,0.039280477789654,1.0065782252715416,1.0,1.0930060199354128,,0.3,True,,,,,0.57072,identity,rank_gauss,,,,,,,,
noise,0.05015,False,0.3711563635030647,3.1172060226903926,1.2856547730066954,1.0,4.783144014433328,,0.2,,,,normal,0.0,,,,,,,,,,,
noise,0.00577,True,0.0,0.0282265302703494,0.3228516460905511,1.0,1.0629389421483093,,0.2,,,,student_t,4.0,,,,,,,,,,,
gaussian,,,0.013305125453121,0.0388516382069691,1.3649517844371803,1.0,1.0912130273355696,,0.3,False,,,,,0.95291,identity,rank_gauss,,,,,,,,
rbig,,,0.0,0.0289395870159548,0.3653756948850339,1.0,0.990194408186676,,2.5,,60.0,800.0,,,,,,pca,,,,,,,
noise,0.01075,True,0.0,0.028273565299504,0.3229529579756348,1.0,1.0630292504609486,,0.2,,,,student_t,4.0,,,,,,,,,,,
gaussian,,,0.0589763258261424,0.2599858535976719,0.6585850510276068,1.0,1.0661768744438394,,0.2,False,,,,,0.40387,diagonal,gaussian,,,,,,,,
rbig,,,0.0004080175818523,0.03956685712753,0.4924500128982562,1.0,1.0058480498559388,,1.2,,25.0,600.0,,,,,,pca,,,,,,,
noise,0.01841,False,0.2150333919487925,0.8611097189546484,0.9114972255138456,1.0,2.1351527505616223,,0.2,,,,student_t,4.0,,,,,,,,,,,
gaussian,,,0.0591511226519905,0.2594823528725036,0.939167893942396,1.0,1.0655946386397726,,0.2,False,,,,,0.64622,diagonal,gaussian,,,,,,,,
noise,0.00856,True,0.0,0.0282543469966317,0.3229087400561926,1.0,1.062986128991287,,0.2,,,,student_t,4.0,,,,,,,,,,,
gaussian,,,0.0167812787307582,0.0388211500167347,1.3800419240969997,1.0,1.0911037704608573,,0.3,False,,,,,0.96989,identity,rank_gauss,,,,,,,,
noise,0.15872,False,0.3808612435578761,10.466324416389272,1.3812029680335949,1.0,14.276065616646742,,0.3,,,,normal,0.0,,,,,,,,,,,
gaussian,,,0.0598621615165751,0.2596397311519244,0.8515249834307121,1.0,1.065782854106409,,0.2,True,,,,,0.57361,diagonal,gaussian,,,,,,,,
noise,0.03279,False,0.3224521189980501,1.7071163214145195,1.172913534709769,1.0,3.320509051535082,,0.2,,,,student_t,4.0,,,,,,,,,,,
gaussian,,,0.0557885607554321,0.2601491893173505,0.5892442278724098,1.0,1.0663101963059058,,0.2,False,,,,,0.33629,diagonal,gaussian,,,,,,,,
noise,0.00972,False,0.10829420801673,0.4284940267302922,0.5799318223652017,1.0,1.49205488670708,,0.2,,,,normal,0.0,,,,,,,,,,,
gaussian,,,0.0621292921619773,0.2593163090231119,1.142597448336969,1.0,1.0646334450893145,,0.2,True,,,,,0.79039,diagonal,gaussian,,,,,,,,
noise,0.00787,False,0.0654663123613839,0.3051898330121658,0.4904674787573435,1.0,1.3725711669482976,,0.2,,,,student_t,8.0,,,,,,,,,,,
gaussian,,,0.0088477121249631,0.0393459146540407,0.6468799499036113,1.0,1.093435778055809,,0.3,True,,,,,0.23276,identity,rank_gauss,,,,,,,,
noise,0.02482,True,0.0,0.0281433330654804,0.3226839365467605,1.0,1.0631595085116552,,0.2,,,,student_t,5.0,,,,,,,,,,,
gaussian,,,0.0582117273664755,0.2603272666190548,0.5049364607569266,1.0,1.0664482696663695,,0.2,True,,,,,0.24235,diagonal,gaussian,,,,,,,,
noise,0.02041,True,0.0,0.0283596722871007,0.3231420721334312,1.0,1.063283278375711,,0.2,,,,student_t,4.0,,,,,,,,,,,
noise,0.10839,True,0.0,0.0309734457979098,0.3192917384506066,1.0,1.069425883317816,,0.2,,,,normal,0.0,,,,,,,,,,,
rbig,,,0.0,0.0371612003798367,0.4085603101315915,1.0,0.959648804954201,,1.2,,30.0,100.0,,,,,,pca,,,,,,,
noise,0.37724,True,0.0067164549020481,0.1045337974606583,0.372722177665728,1.0,1.1410554156523969,,0.2,,,,student_t,10.0,,,,,,,,,,,
gaussian,,,0.1991549573276111,0.6296610773381609,1.2159417952679812,1.0,1.5048723824010886,,0.2,True,,,,,0.84324,identity,gaussian,,,,,,,,
noise,0.1193,True,0.0001494870753332,0.0319342348889105,0.3190472644706864,1.0,1.0708036707647368,,0.2,,,,normal,0.0,,,,,,,,,,,
gaussian,,,0.0071265818514177,0.0393414010653707,0.6123920797090717,1.0,1.093631483899693,,0.3,False,,,,,0.20205,identity,rank_gauss,,,,,,,,
rbig,,,0.0,0.041292880806128,0.4528784704501576,1.0,1.0377860593943755,,1.0,,20.0,1500.0,,,,,,pca,,,,,,,
noise,0.00632,False,0.0261325238510043,0.1751789026785513,0.4126009366959303,1.0,1.2603535131651615,,0.2,,,,student_t,3.0,,,,,,,,,,,
gaussian,,,0.0707314836558101,0.259423300092977,0.9642861418385114,1.0,1.065544232929964,,0.2,True,,,,,0.66671,diagonal,gaussian,,,,,,,,
rbig,,,0.0,0.0343845312189926,0.4743268779530092,1.0,0.978644742191511,,1.3,,30.0,300.0,,,,,,random,,,,,,,
noise,0.24174,True,0.0022478272266905,0.0565245021964502,0.3229815192594198,1.0,1.0949809722449628,,0.2,,,,normal,0.0,,,,,,,,,,,
gaussian,,,0.059078856242964,0.2603513036999642,0.487320839032868,1.0,1.0664810705564371,,0.2,True,,,,,0.21948,diagonal,gaussian,,,,,,,,
noise,0.0446,True,0.0,0.0283650629377025,0.3212878839161686,1.0,1.0639895906804415,,0.2,,,,normal,0.0,,,,,,,,,,,
noise,0.09686,False,0.3805795500013545,6.2761316799763645,1.362981386359059,1.0,8.846549151138701,,0.2,,,,normal,0.0,,,,,,,,,,,
gaussian,,,0.0625747030226158,0.2594019274796001,0.9735000455765614,1.0,1.0655264470041916,,0.2,True,,,,,0.67419,diagonal,gaussian,,,,,,,,
noise,0.01606,True,0.0,0.0281922491818526,0.3222318614515146,1.0,1.0630172852183022,,0.2,,,,normal,0.0,,,,,,,,,,,
gaussian,,,0.1121650875802442,0.4023685750868206,0.5981246653358557,1.0,1.25185460435933,,0.2,False,,,,,0.25504,identity,gaussian,,,,,,,,
noise,0.00626,False,0.0361955122761625,0.2073594259271579,0.4224302019560809,1.0,1.2738289474936932,,0.2,,,,student_t,5.0,,,,,,,,,,,
noise,0.01141,False,0.1475417502642775,0.5337830631644588,0.6578577668936755,1.0,1.6093137627406424,,0.2,,,,normal,0.0,,,,,,,,,,,
gaussian,,,0.0656088509531666,0.2593158239440804,1.1379250317009333,1.0,1.0646299977862657,,0.2,False,,,,,0.78674,diagonal,gaussian,,,,,,,,
noise,0.0069,False,0.0375057478967177,0.2299736762408792,0.4528602098327314,1.0,1.3099859527472664,,0.2,,,,student_t,4.0,,,,,,,,,,,
noise,0.01537,False,0.1923042439355609,0.7181797987121816,0.8169503144784251,1.0,1.9052261936572552,,0.2,,,,student_t,5.0,,,,,,,,,,,
gaussian,,,0.0624032630765928,0.2598229931697953,0.734338617737659,1.0,1.0660172322673935,,0.2,True,,,,,0.47277,diagonal,gaussian,,,,,,,,
rbig,,,0.0,0.0344504438860576,0.4674775215062381,1.0,0.9833747327698508,,1.3,,30.0,600.0,,,,,,random,,,,,,,
noise,0.00784,True,0.0,0.0281816852430367,0.3224907496399009,1.0,1.0629054387608756,,0.2,,,,normal,0.0,,,,,,,,,,,
gaussian,,,0.0120667830566744,0.0388341413045093,1.3756400217739266,1.0,1.0911510096851529,,0.3,False,,,,,0.96492,diagonal,rank_gauss,,,,,,,,
noise,0.45459,False,0.3807426657163251,24.251702421306188,1.403888640719735,1.0,40.3542154218906,,0.3,,,,student_t,3.0,,,,,,,,,,,
gaussian,,,0.0099896975723914,0.0393406200529208,0.6818310195950418,1.0,1.0933650515542976,,0.3,False,,,,,0.26347,diagonal,rank_gauss,,,,,,,,
noise,0.00529,True,0.0,0.0281847134192764,0.3225695798666647,1.0,1.062886040530167,,0.2,,,,normal,0.0,,,,,,,,,,,
gaussian,,,0.1113355139842973,0.412109434839688,0.6204841187371515,1.0,1.2638960099283645,,0.2,False,,,,,0.27625,identity,gaussian,,,,,,,,
noise,0.02149,False,0.2841796580965856,1.1620697610446131,0.9914381104325356,1.0,2.394880395716875,,0.3,,,,student_t,10.0,,,,,,,,,,,
gaussian,,,0.1868143769027705,0.6105619666940214,1.1594415421222026,1.0,1.4875065009267625,,0.2,False,,,,,0.79072,identity,gaussian,,,,,,,,
rbig,,,0.0,0.026277698963312,0.4132587538968167,1.0,0.970432217789136,,1.7,,40.0,600.0,,,,,,random,,,,,,,
noise,0.11572,True,0.0,0.0315982399594753,0.3191220422700824,1.0,1.0703372422648878,,0.2,,,,normal,0.0,,,,,,,,,,,
noise,0.03539,True,0.0002864219082128,0.0281677328884539,0.3226456691080486,1.0,1.063490985747396,,0.2,,,,student_t,5.0,,,,,,,,,,,
gaussian,,,0.0088904491251734,0.039356118386001,0.7346642785365413,1.0,1.0935584501218345,,0.3,False,,,,,0.31166,identity,rank_gauss,,,,,,,,
noise,0.10596,False,0.3810759984691709,6.088636919317603,1.3764958333929591,1.0,9.748517825995538,,0.2,,,,student_t,4.0,,,,,,,,,,,
noise,0.02034,False,0.275150566151688,1.1157764627183968,0.9632895097870448,1.0,2.286767814640748,,0.2,,,,normal,0.0,,,,,,,,,,,
gaussian,,,0.1978902241706906,0.665797515769736,1.3219839230214503,1.0,1.5351291577360875,,0.2,True,,,,,0.9406,identity,gaussian,,,,,,,,
noise,0.00519,True,0.0,0.0281848212393031,0.3225726565345019,1.0,1.06288542744953,,0.2,,,,normal,0.0,,,,,,,,,,,
gaussian,,,0.0079805143119792,0.039316758282591,0.5063627164914646,1.0,1.094629924701849,,0.3,True,,,,,0.10261,identity,rank_gauss,,,,,,,,
rbig,,,0.0,0.0313178864557503,0.3619542123168615,1.0,1.0002178141285694,,3.7,,100.0,300.0,,,,,,pca,,,,,,,
noise,0.12575,False,0.3797602827937591,7.277774579781758,1.3841483325269803,1.0,11.5103002454794,,0.2,,,,student_t,4.0,,,,,,,,,,,
gaussian,,,0.0066691448005286,0.0392980048151624,0.971336363036314,1.0,1.093098039058188,,0.3,False,,,,,0.53593,identity,rank_gauss,,,,,,,,
noise,0.01297,False,0.1752567355421877,0.6331499538631361,0.7244070984079085,1.0,1.7216812273672566,,0.2,,,,normal,0.0,,,,,,,,,,,
gaussian,,,0.0131434230063943,0.039042443904644,1.2729129571182012,1.0,1.091878781601047,,0.3,False,,,,,0.85065,diagonal,rank_gauss,,,,,,,,
noise,0.0113,False,0.1516827666174241,0.5268387691612343,0.652954970998092,1.0,1.601526529983856,,0.2,,,,normal,0.0,,,,,,,,,,,
gaussian,,,0.0129814991817959,0.0392280016609167,1.1106468020756477,1.0,1.0927909085454963,,0.3,False,,,,,0.67697,diagonal,rank_gauss,,,,,,,,
noise,0.00574,False,0.0259587321372988,0.1824512068408193,0.4013237516505565,1.0,1.2448081942741611,,0.2,,,,student_t,5.0,,,,,,,,,,,
gaussian,,,0.1237444278351951,0.4420213523918869,0.6780921364613024,1.0,1.3010133729655045,,0.2,False,,,,,0.34137,identity,gaussian,,,,,,,,
noise,0.02338,False,0.2765413740044294,1.2048933861153088,1.0337716540879618,1.0,2.544699240064044,,0.2,,,,student_t,5.0,,,,,,,,,,,
gaussian,,,0.0131268384162372,0.0391934349649305,1.1696901096251069,1.0,1.0927696746004514,,0.3,False,,,,,0.73898,diagonal,rank_gauss,,,,,,,,
noise,0.10335,True,0.0,0.031086394726563,0.3247586758951032,1.0,1.069725659357632,,0.2,,,,student_t,4.0,,,,,,,,,,,
gaussian,,,0.0748555181412709,0.2592963472480749,1.1785623674526489,1.0,1.0646646001973803,,0.2,True,,,,,0.81843,diagonal,gaussian,,,,,,,,
noise,0.01662,False,0.2243670414028287,0.8703071252977258,0.8575085631876173,1.0,1.99587409504646,,0.2,,,,normal,0.0,,,,,,,,,,,
gaussian,,,0.1771841300701934,0.614544267085383,1.1714368783506393,1.0,1.491265893109426,,0.2,False,,,,,0.8019,identity,gaussian,,,,,,,,
noise,0.0318,True,0.0,0.0282545202219922,0.3217181345225331,1.0,1.0634414451257583,,0.2,,,,normal,0.0,,,,,,,,,,,
gaussian,,,0.0113866906170724,0.0393561814947353,0.7350215576306723,1.0,1.0935576492725194,,0.3,True,,,,,0.31198,diagonal,rank_gauss,,,,,,,,
rbig,,,0.0,0.028127884514421,0.3929810145285479,1.0,0.9904677648117566,,2.3,,60.0,800.0,,,,,,random,,,,,,,
noise,0.00878,False,0.07218307341628,0.3382309040980436,0.5375888878158626,1.0,1.4295410380746478,,0.2,,,,student_t,5.0,,,,,,,,,,,
gaussian,,,0.1161302251173753,0.4264375466478178,0.6548250703407368,1.0,1.281516446941874,,0.2,True,,,,,0.30838,identity,gaussian,,,,,,,,
noise,0.10713,True,0.0,0.0311604157488811,0.325295134262392,1.0,1.0701334575381345,,0.2,,,,student_t,10.0,,,,,,,,,,,
gaussian,,,0.0652660717936898,0.2592687634153274,1.052141092124632,1.0,1.0653729426830787,,0.2,False,,,,,0.73746,diagonal,gaussian,,,,,,,,
noise,0.25517,False,0.3817218186501986,16.443302274547662,1.4143486108594725,1.0,22.994511770286216,,0.3,,,,student_t,8.0,,,,,,,,,,,
gaussian,,,0.0726952390286562,0.2591885873971205,1.3888102559995623,1.0,1.0648331191255915,,0.2,True,,,,,0.98106,diagonal,gaussian,,,,,,,,
noise,0.10716,True,0.0,0.0308763556111582,0.3193222192670901,1.0,1.0692787087216256,,0.2,,,,normal,0.0,,,,,,,,,,,
gaussian,,,0.0096225261638799,0.0393749764027808,0.8337686293470192,1.0,1.093997583590257,,0.3,True,,,,,0.40324,identity,rank_gauss,,,,,,,,
noise,0.00811,False,0.0755637897811039,0.331602073514075,0.5026648950994616,1.0,1.3859831721564555,,0.2,,,,normal,0.0,,,,,,,,,,,
gaussian,,,0.0150663311762351,0.0388353147458413,1.375186383202615,1.0,1.091155371298171,,0.3,True,,,,,0.96441,diagonal,rank_gauss,,,,,,,,
noise,0.05379,False,0.3744177327497048,3.3628729245552416,1.298789748349524,1.0,5.096652083937483,,0.2,,,,normal,0.0,,,,,,,,,,,
gaussian,,,0.0101537500259069,0.0393047888603,0.9678508661473096,1.0,1.0931399672613484,,0.3,True,,,,,0.53253,diagonal,rank_gauss,,,,,,,,
rbig,,,0.0003565813744745,0.0450550224069207,0.5182190572977781,1.0,0.9332509165426762,,0.7,,15.0,100.0,,,,,,random,,,,,,,
noise,0.05092,True,0.0,0.0281800231307767,0.3211452252173717,1.0,1.0643835567960998,,0.2,,,,student_t,8.0,,,,,,,,,,,
noise,0.03542,True,0.0,0.0285513062893822,0.323419824612845,1.0,1.0638842895872618,,0.2,,,,student_t,4.0,,,,,,,,,,,
gaussian,,,0.0571315255295034,0.259588767804917,0.8844751628352855,1.0,1.065713775303783,,0.2,True,,,,,0.60114,diagonal,gaussian,,,,,,,,
noise,0.12767,True,0.0003827010008757,0.0327993123191376,0.3188959683125421,1.0,1.0719486375853822,,0.2,,,,normal,0.0,,,,,,,,,,,
gaussian,,,0.0059958842517425,0.0393257860928594,0.5141634817387584,1.0,1.0945906693027967,,0.3,True,,,,,0.10994,identity,rank_gauss,,,,,,,,
noise,0.07952,False,0.3792751172310715,5.102218804903159,1.348700730442526,1.0,7.330887257714866,,0.2,,,,normal,0.0,,,,,,,,,,,
gaussian,,,0.0929750987388075,0.3597637182611876,0.5114297039644041,1.0,1.1986887991868973,,0.2,False,,,,,0.1685,identity,gaussian,,,,,,,,
rbig,,,0.0,0.031842139941778,0.407022087901795,1.0,0.9908038250261776,,3.0,,80.0,300.0,,,,,,pca,,,,,,,
noise,0.01942,True,0.0,0.0282005744398149,0.3221240452640777,1.0,1.0630846738121118,,0.2,,,,normal,0.0,,,,,,,,,,,
noise,0.02084,True,0.0,0.0282049216702671,0.322078154076689,1.0,1.0631169330430226,,0.2,,,,normal,0.0,,,,,,,,,,,
gaussian,,,0.0619367008981696,0.2601786098096956,0.5744590808996153,1.0,1.06633471860766,,0.2,False,,,,,0.32102,diagonal,gaussian,,,,,,,,
noise,0.0128,True,0.0,0.0281856288992728,0.3223353866291742,1.0,1.0629639210367363,,0.2,,,,normal,0.0,,,,,,,,,,,
gaussian,,,0.1718629173449595,0.5814652169536001,1.0709516117531044,1.0,1.458573819994581,,0.2,False,,,,,0.70804,identity,gaussian,,,,,,,,
noise,0.16167,False,0.3822491283943873,10.666229998959292,1.38158461925266,1.0,14.535435320847014,,0.3,,,,normal,0.0,,,,,,,,,,,
gaussian,,,0.0158158178402523,0.038852227852152,1.364537117973508,1.0,1.091214682144138,,0.3,False,,,,,0.95245,diagonal,rank_gauss,,,,,,,,
noise,0.18763,True,0.0007575771388373,0.0429746281986662,0.3192445848959209,1.0,1.082353445021495,,0.2,,,,normal,0.0,,,,,,,,,,,
gaussian,,,0.0062608453003789,0.0393681326764219,0.8215196291156742,1.0,1.0939342816930373,,0.3,True,,,,,0.39165,diagonal,rank_gauss,,,,,,,,
noise,0.03508,True,0.0,0.0282777413721528,0.3216086758621686,1.0,1.0635645486607723,,0.2,,,,normal,0.0,,,,,,,,,,,
gaussian,,,0.0582282375091499,0.2600778092286144,0.6229825372701444,1.0,1.0662468607983917,,0.2,False,,,,,0.36988,diagonal,gaussian,,,,,,,,
noise,0.01445,False,0.1424503166549659,0.5491930320583107,0.763319602199288,1.0,1.7906975384261266,,0.2,,,,student_t,3.0,,,,,,,,,,,
gaussian,,,0.010004266203256,0.0393376538466615,0.6182749681744716,1.0,1.0935757355789246,,0.3,False,,,,,0.20736,diagonal,rank_gauss,,,,,,,,
noise,0.01334,True,0.0,0.0282958599804983,0.3230045906127302,1.0,1.0630871514081115,,0.2,,,,student_t,4.0,,,,,,,,,,,
gaussian,,,0.0123056859960205,0.0389329820837004,1.3345284753506934,1.0,1.0914808506176124,,0.3,False,,,,,0.91901,diagonal,rank_gauss,,,,,,,,
noise,0.00538,True,0.000646865115172,0.0281846549828619,0.3225668099116384,1.0,1.0628866018294825,,0.2,,,,normal,0.0,,,,,,,,,,,
gaussian,,,0.1462420435980455,0.4883325683518138,0.7994706356503992,1.0,1.3558618611040725,,0.2,True,,,,,0.45468,identity,gaussian,,,,,,,,
noise,0.28339,False,0.3815939347630994,16.75793934712301,1.399480921914957,1.0,25.58920125474845,,0.3,,,,student_t,4.0,,,,,,,,,,,
rbig,,,0.0002146629931563,0.0347760682713319,0.4410395340851811,1.0,0.9905074909067412,,2.1,,50.0,400.0,,,,,,pca,,,,,,,
noise,0.21798,False,0.3820161378912336,12.823361136821124,1.3968611557692945,1.0,19.742734682060146,,0.3,,,,student_t,4.0,,,,,,,,,,,
gaussian,,,0.0141765478325377,0.0392001733359813,1.1522925969292386,1.0,1.0927397097187783,,0.3,True,,,,,0.72072,identity,rank_gauss,,,,,,,,
rbig,,,0.0003941353638494,0.0505003166274407,0.5172320702394899,1.0,0.9684784081960058,,0.5,,10.0,100.0,,,,,,random,,,,,,,
noise,0.02052,False,0.210761970500098,0.8574281504324114,0.9551693546351164,1.0,2.252356782154283,,0.3,,,,student_t,3.0,,,,,,,,,,,
gaussian,,,0.0948689752110448,0.3681730069016683,0.526948416025041,1.0,1.2092468653092738,,0.3,False,,,,,0.18478,identity,gaussian,,,,,,,,
noise,0.02557,False,0.3137448867073296,1.4076149420941506,1.082852858358827,1.0,2.723557832707695,,0.3,,,,student_t,8.0,,,,,,,,,,,
gaussian,,,0.0097220825421847,0.0393256736978815,0.9546775240619646,1.0,1.093328788780153,,0.3,False,,,,,0.51976,identity,rank_gauss,,,,,,,,
noise,0.0177,False,0.2459263023124092,0.9412678965432324,0.891052079849301,1.0,2.0793355649638814,,0.2,,,,normal,0.0,,,,,,,,,,,
gaussian,,,0.0127771579030899,0.0388998900751338,1.3455920504063463,1.0,1.0913647561427813,,0.3,False,,,,,0.9313,identity,rank_gauss,,,,,,,,
noise,0.00541,False,0.0292779367735963,0.181793997288355,0.3836036456237691,1.0,1.22674605441569,,0.2,,,,normal,0.0,,,,,,,,,,,
gaussian,,,0.0538619663820554,0.2603922934150146,0.4480085698795467,1.0,1.0665497838236442,,0.2,True,,,,,0.15902,diagonal,gaussian,,,,,,,,
noise,0.04883,False,0.3703795623391485,3.0281607429436965,1.2802509473607215,1.0,4.669707936670783,,0.2,,,,normal,0.0,,,,,,,,,,,
gaussian,,,0.010178552553733,0.039350279302387,0.6918644070042621,1.0,1.093476038941299,,0.3,False,,,,,0.27262,identity,rank_gauss,,,,,,,,
noise,0.03373,True,0.0,0.0281592799633511,0.3226522015597177,1.0,1.063430720992573,,0.2,,,,student_t,5.0,,,,,,,,,,,
gaussian,,,0.0143714938418469,0.0391133386708834,1.2428251811200497,1.0,1.0923082123817849,,0.3,True,,,,,0.81784,identity,rank_gauss,,,,,,,,
rbig,,,0.0,0.0329239451698976,0.36056046397344,1.0,0.9860773775941988,,2.3,,60.0,200.0,,,,,,pca,,,,,,,
noise,0.01293,False,0.1504052098912446,0.5739609242389534,0.7239306696032531,1.0,1.7213023750011172,,0.2,,,,student_t,5.0,,,,,,,,,,,
gaussian,,,0.0648061073050672,0.2603458974259098,0.4937787087560237,1.0,1.066469985754618,,0.2,False,,,,,0.22807,diagonal,gaussian,,,,,,,,
rbig,,,0.0,0.034787627994893,0.4385770396932825,1.0,0.9963891386238596,,2.1,,50.0,1000.0,,,,,,pca,,,,,,,
noise,0.22117,False,0.3811236262156316,11.647003809721005,1.3994021077038097,1.0,19.742266464360103,,0.2,,,,student_t,3.0,,,,,,,,,,,
gaussian,,,0.0162363919920752,0.0389441704643662,1.3309005420749105,1.0,1.0915135728846894,,0.3,False,,,,,0.91497,identity,rank_gauss,,,,,,,,
noise,0.10244,True,0.000385423835115,0.0301360996426183,0.3196950382082175,1.0,1.068832380761718,,0.2,,,,student_t,8.0,,,,,,,,,,,
gaussian,,,0.0158071347636098,0.0389692055088002,1.3087402170354294,1.0,1.0915474634310494,,0.3,False,,,,,0.89027,diagonal,rank_gauss,,,,,,,,
noise,0.00685,True,0.0,0.0281734674065419,0.3228948334627827,1.0,1.0629553887014085,,0.2,,,,student_t,10.0,,,,,,,,,,,
gaussian,,,0.0617766177065849,0.2592346368184355,1.081674479479057,1.0,1.0653180570325915,,0.2,False,,,,,0.76101,diagonal,gaussian,,,,,,,,
rbig,,,0.0001386868511662,0.0357998512014805,0.4438938772387692,1.0,1.0106778099658782,,1.3,,30.0,600.0,,,,,,pca,,,,,,,
noise,0.43626,False,0.3823469319504912,28.324960150271608,1.41748209639503,1.0,39.11885941657913,,0.3,,,,student_t,8.0,,,,,,,,,,,
gaussian,,,0.0111676050950058,0.0393645356655978,0.8120025962002076,1.0,1.0938657124904014,,0.3,False,,,,,0.38277,diagonal,rank_gauss,,,,,,,,
noise,0.19307,False,0.3827086966411178,12.369807395597848,1.4107249156522588,1.0,17.469227620892532,,0.3,,,,student_t,8.0,,,,,,,,,,,
gaussian,,,0.0058500911416942,0.0393304818286836,0.5246704144180936,1.0,1.0945240153630182,,0.3,True,,,,,0.12024,identity,rank_gauss,,,,,,,,
noise,0.00528,True,0.0,0.028164022501193,0.322726834365616,1.0,1.062873409228925,,0.3,,,,student_t,5.0,,,,,,,,,,,
gaussian,,,0.0078639170392501,0.0393050875665582,0.9676416297866722,1.0,1.0931424550510171,,0.3,True,,,,,0.53233,diagonal,rank_gauss,,,,,,,,
noise,0.0099,False,0.1057189117991799,0.4001652217734886,0.5904454417759477,1.0,1.5049118977769154,,0.2,,,,student_t,5.0,,,,,,,,,,,
gaussian,,,0.0077459808924772,0.0392825531863604,0.4332849458889534,1.0,1.095413207821856,,0.3,False,,,,,0.03028,identity,rank_gauss,,,,,,,,
noise,0.05176,True,0.0,0.0283614983035248,0.3225753862065572,1.0,1.0642488942918031,,0.2,,,,student_t,5.0,,,,,,,,,,,
gaussian,,,0.016644319048114,0.0388996225374754,1.3458889363474822,1.0,1.0913633501909152,,0.3,False,,,,,0.93163,identity,rank_gauss,,,,,,,,
rbig,,,0.0003407985653535,0.0358019182116849,0.4409519936642503,1.0,1.014058367216853,,1.4,,30.0,800.0,,,,,,pca,,,,,,,
noise,0.10717,True,0.0,0.0308771330237387,0.3193219692753511,1.0,1.0692798985884775,,0.2,,,,normal,0.0,,,,,,,,,,,
noise,0.03884,True,0.0,0.0286050481739965,0.323481103966246,1.0,1.0640563080381007,,0.2,,,,student_t,4.0,,,,,,,,,,,
noise,0.08791,False,0.3802307558636371,5.670159516573209,1.35668863123809,1.0,8.063620541020533,,0.2,,,,normal,0.0,,,,,,,,,,,
gaussian,,,0.059666252517769,0.2597991418095873,0.7475837384151345,1.0,1.0659888948637628,,0.2,True,,,,,0.48445,diagonal,gaussian,,,,,,,,
noise,0.00834,True,0.0,0.0281811893970051,0.3224752086259256,1.0,1.0629100919097012,,0.2,,,,normal,0.0,,,,,,,,,,,
gaussian,,,0.0138172853967102,0.0392012033054256,1.1544497028633252,1.0,1.0927490467714438,,0.3,True,,,,,0.72296,diagonal,rank_gauss,,,,,,,,
noise,0.02802,False,0.3336690656618449,1.6285457938460648,1.1112997186460305,1.0,2.9100092918151925,,0.2,,,,normal,0.0,,,,,,,,,,,
gaussian,,,0.1225891188550563,0.4426375749234269,0.6796329603629829,1.0,1.301759882900902,,0.2,False,,,,,0.34282,identity,gaussian,,,,,,,,
rbig,,,0.0013837760282363,0.0518805910923772,0.5645340790963235,1.0,1.0016223606546044,,0.6,,10.0,200.0,,,,,,random,,,,,,,
noise,0.00879,False,0.0954659803721684,0.37203743229482,0.5353866381311101,1.0,1.430002521985728,,0.2,,,,normal,0.0,,,,,,,,,,,
gaussian,,,0.1670362679133625,0.557855778088907,0.9993929972656096,1.0,1.43363247122115,,0.2,True,,,,,0.6411,identity,gaussian,,,,,,,,
noise,0.02854,True,0.0,0.028144485102061,0.322671435061489,1.0,1.0632620270711914,,0.2,,,,student_t,5.0,,,,,,,,,,,
gaussian,,,0.0559237417094015,0.2602187695920588,0.5560562630262436,1.0,1.066361118368904,,0.2,True,,,,,0.30145,diagonal,gaussian,,,,,,,,
noise,0.48533,True,0.0202774086626702,0.1557843305094564,0.4064766148301358,1.0,1.1850611562096414,,0.3,,,,normal,0.0,,,,,,,,,,,
gaussian,,,0.1661454956146256,0.5535071052899291,0.9863509469948004,1.0,1.4289382885691435,,0.2,False,,,,,0.62892,identity,gaussian,,,,,,,,
noise,0.45468,True,0.0109328339433835,0.1408204563764391,0.3900287240879303,1.0,1.171165681187182,,0.2,,,,normal,0.0,,,,,,,,,,,
gaussian,,,0.1074876962595502,0.4111239651684902,0.618182879138598,1.0,1.2626794736319844,,0.2,True,,,,,0.27408,identity,gaussian,,,,,,,,
noise,0.07321,False,0.3786058111414161,4.563883558380793,1.3458543061452874,1.0,6.838334728810598,,0.2,,,,student_t,10.0,,,,,,,,,,,
gaussian,,,0.0095966795297656,0.0392812877204653,1.0005344325939152,1.0,1.093020667542325,,0.3,False,,,,,0.56474,diagonal,rank_gauss,,,,,,,,
noise,0.09733,False,0.3820677842926646,5.832642215854706,1.363293789422936,1.0,9.018226956836722,,0.2,,,,student_t,5.0,,,,,,,,,,,
gaussian,,,0.0098362567388919,0.0392390717484678,1.0839922709769785,1.0,1.0928065722495164,,0.3,True,,,,,0.64929,identity,rank_gauss,,,,,,,,
noise,0.48233,True,0.0153162659177883,0.1542964938939354,0.4048086060796321,1.0,1.183673219720829,,0.2,,,,normal,0.0,,,,,,,,,,,
gaussian,,,0.0120585085751245,0.0392829298175343,1.0234033737607109,1.0,1.092989458552657,,0.3,False,,,,,0.58762,identity,rank_gauss,,,,,,,,
noise,0.02217,True,0.0,0.0282081465707615,0.3220350024052208,1.0,1.0631491840147649,,0.2,,,,normal,0.0,,,,,,,,,,,
gaussian,,,0.1375182570682673,0.4696009196148001,0.7490742870380934,1.0,1.333967769638064,,0.2,False,,,,,0.40777,identity,gaussian,,,,,,,,
noise,0.02858,False,0.3329425545381428,1.666067746367767,1.119296651777554,1.0,2.9562758077852527,,0.2,,,,normal,0.0,,,,,,,,,,,
noise,0.25604,True,0.0009416344679397,0.0607028691421861,0.3247174314215612,1.0,1.098815313324652,,0.2,,,,normal,0.0,,,,,,,,,,,
gaussian,,,0.1127037884027101,0.4197963526244329,0.6387000670754764,1.0,1.2733629442559418,,0.2,False,,,,,0.29335,identity,gaussian,,,,,,,,
noise,0.36454,True,0.0055233766826519,0.1002321378179962,0.3507050415584679,1.0,1.1342216797643931,,0.3,,,,normal,0.0,,,,,,,,,,,
gaussian,,,0.1749038298667572,0.6156411978616073,1.1747336255985006,1.0,1.4922922161363263,,0.2,False,,,,,0.80497,identity,gaussian,,,,,,,,
noise,0.01286,True,0.0,0.0281655348315032,0.3230356640410767,1.0,1.0630739658662556,,0.2,,,,student_t,10.0,,,,,,,,,,,
noise,0.25681,True,0.0008541364408213,0.0581110167897695,0.3324491548230366,1.0,1.0981227790575576,,0.2,,,,student_t,5.0,,,,,,,,,,,
gaussian,,,0.0612304655572809,0.2598532944538715,0.7201978813532952,1.0,1.0660491463070532,,0.2,True,,,,,0.46019,diagonal,gaussian,,,,,,,,
noise,0.00939,True,0.0,0.0281558311207201,0.3227213737957984,1.0,1.0628983583908478,,0.2,,,,student_t,5.0,,,,,,,,,,,
gaussian,,,0.0049799518323619,0.0393411867195846,0.6828667127570812,1.0,1.0933760782379591,,0.3,True,,,,,0.26443,diagonal,rank_gauss,,,,,,,,
noise,0.03835,True,0.0,0.0283039332093754,0.3214989352410676,1.0,1.063699186676323,,0.3,,,,normal,0.0,,,,,,,,,,,
gaussian,,,0.0141746825937845,0.039180138437954,1.1927682555562955,1.0,1.092764006863972,,0.3,False,,,,,0.76359,identity,rank_gauss,,,,,,,,
rbig,,,0.0,0.0386102392342128,0.4856930934937467,1.0,0.9908218958252596,,1.1,,25.0,300.0,,,,,,pca,,,,,,,
noise,0.25763,True,0.001619541030325,0.0585994271397668,0.3381932905842623,1.0,1.100896221896548,,0.2,,,,student_t,4.0,,,,,,,,,,,
gaussian,,,0.0073648230078893,0.0393265956415995,0.5157023224913929,1.0,1.094580228150046,,0.3,True,,,,,0.11144,diagonal,rank_gauss,,,,,,,,
rbig,,,0.0,0.040349305376787,0.4523441372927135,1.0,1.027661859002618,,1.0,,20.0,1000.0,,,,,,pca,,,,,,,
noise,0.20667,True,0.0003038209949651,0.0463601456913285,0.3308498969333198,1.0,1.0880123928029557,,0.2,,,,student_t,4.0,,,,,,,,,,,
gaussian,,,0.0074591175887395,0.039354611861371,0.9022686978972384,1.0,1.0937378132549689,,0.3,True,,,,,0.46913,diagonal,rank_gauss,,,,,,,,
noise,0.00529,False,0.0246627849304692,0.1756830366454957,0.3792440813056286,1.0,1.220426835917782,,0.2,,,,normal,0.0,,,,,,,,,,,
gaussian,,,0.1704839293853238,0.5683677699657762,1.0311166615953231,1.0,1.4448583196829323,,0.2,False,,,,,0.67075,identity,gaussian,,,,,,,,
rbig,,,0.0,0.0273672854308138,0.3359116503449957,1.0,0.9685152711164016,,4.0,,100.0,1500.0,,,,,,pca,,,,,,,
noise,0.02845,False,0.3328999234423037,1.6573575695149434,1.1174678323637866,1.0,2.9455276632333174,,0.2,,,,normal,0.0,,,,,,,,,,,
gaussian,,,0.0688153840058879,0.2593269549861355,1.0147309009193657,1.0,1.0654449401350978,,0.2,True,,,,,0.70747,diagonal,gaussian,,,,,,,,
noise,0.31979,True,0.0031866983603561,0.0823928972060439,0.3370958142599333,1.0,1.1183147475169215,,0.2,,,,normal,0.0,,,,,,,,,,,
noise,0.00901,False,0.095250382739275,0.385278447650434,0.5459661510318359,1.0,1.4444955685228489,,0.3,,,,normal,0.0,,,,,,,,,,,
noise,0.05679,True,0.0005582821768271,0.0284542952827646,0.3225533316717197,1.0,1.0645413844603249,,0.2,,,,student_t,5.0,,,,,,,,,,,
noise,0.28887,True,0.0021823899153867,0.0712772119264271,0.3301010950381781,1.0,1.1083775124989406,,0.2,,,,normal,0.0,,,,,,,,,,,
gaussian,,,0.1256501638107496,0.4420170995476939,0.6780815118105089,1.0,1.3010082200061102,,0.2,False,,,,,0.34136,identity,gaussian,,,,,,,,
noise,0.00835,False,0.0646864900974371,0.3149578549158809,0.5172285028379237,1.0,1.4014819223950103,,0.2,,,,student_t,5.0,,,,,,,,,,,
gaussian,,,0.0075945437494487,0.0392839222553838,0.9885847615249512,1.0,1.0930134449393485,,0.3,True,,,,,0.55293,identity,rank_gauss,,,,,,,,
noise,0.03804,True,0.0002136256562282,0.0283009574954511,0.3215093622209861,1.0,1.063685912714988,,0.2,,,,normal,0.0,,,,,,,,,,,
gaussian,,,0.0645049924549224,0.2597340378934852,0.7839569114270558,1.0,1.0659135661376131,,0.2,False,,,,,0.51612,diagonal,gaussian,,,,,,,,
noise,0.00621,True,0.0,0.0281598736427187,0.3225451468993043,1.0,1.0628995217475714,,0.2,,,,student_t,8.0,,,,,,,,,,,
gaussian,,,0.0131175218055231,0.0391855770216017,1.1880131537760088,1.0,1.0927825865568548,,0.3,True,,,,,0.75849,identity,rank_gauss,,,,,,,,
noise,0.03893,True,6.073016839569512e-05,0.0282583222889625,0.3223796300515202,1.0,1.0635366031858775,,0.2,,,,student_t,3.0,,,,,,,,,,,
noise,0.06253,True,0.0,0.0285756160242313,0.3221397385579468,1.0,1.064724788260545,,0.2,,,,student_t,3.0,,,,,,,,,,,
gaussian,,,0.0052458252395776,0.0393372546597504,0.622240974871957,1.0,1.093557440206754,,0.3,False,,,,,0.21092,diagonal,rank_gauss,,,,,,,,
noise,0.01932,True,0.0003576514075633,0.0281458059297497,0.3227001293003093,1.0,1.0630360890033077,,0.2,,,,student_t,5.0,,,,,,,,,,,
gaussian,,,0.0119781132221785,0.0392141445596791,1.1291416660894626,1.0,1.0927351713556033,,0.3,True,,,,,0.69641,diagonal,rank_gauss,,,,,,,,
noise,0.3713,False,0.3811206017910923,24.877583483913124,1.3893528485896145,1.0,32.99397955728769,,0.3,,,,normal,0.0,,,,,,,,,,,
gaussian,,,0.0605303927443986,0.2593181552544711,1.020205702452024,1.0,1.065434118932582,,0.2,False,,,,,0.71187,diagonal,gaussian,,,,,,,,
noise,0.04405,True,0.0,0.0283591002237755,0.3213065088520633,1.0,1.063962293455188,,0.2,,,,normal,0.0,,,,,,,,,,,
gaussian,,,0.0542303878829683,0.2603636487436492,0.4780669561698705,1.0,1.0664974460869134,,0.2,True,,,,,0.20667,diagonal,gaussian,,,,,,,,
noise,0.10192,True,0.0,0.0307290594012124,0.3251355188919188,1.0,1.069489725177693,,0.2,,,,student_t,10.0,,,,,,,,,,,
gaussian,,,0.0666954269468108,0.2589636293614845,1.2275688074804636,1.0,1.065070835556441,,0.2,False,,,,,0.87595,diagonal,gaussian,,,,,,,,
noise,0.40289,True,0.0075744640103269,0.1168249265135955,0.365603713803486,1.0,1.1491808918404325,,0.2,,,,normal,0.0,,,,,,,,,,,
gaussian,,,0.0083668250635843,0.0393412303320752,0.941915997201243,1.0,1.0934966649505178,,0.3,False,,,,,0.50741,identity,rank_gauss,,,,,,,,
noise,0.0228,True,0.0,0.0281831720925648,0.3225282430875237,1.0,1.0630672621397408,,0.2,,,,student_t,3.0,,,,,,,,,,,
gaussian,,,0.0986825253059009,0.3964318466157571,0.5849244277817296,1.0,1.244497656974435,,0.2,True,,,,,0.24238,identity,gaussian,,,,,,,,
noise,0.00681,True,0.0,0.0281598339652048,0.3227250407130241,1.0,1.0628805036925626,,0.2,,,,student_t,5.0,,,,,,,,,,,
gaussian,,,0.0546146906647077,0.2597478945018445,0.4081685785488888,1.0,1.0645844798390351,,0.3,False,,,,,0.02241,diagonal,gaussian,,,,,,,,
noise,0.01309,True,0.0,0.0281863914349802,0.3223262218139908,1.0,1.0629681884404,,0.2,,,,normal,0.0,,,,,,,,,,,
gaussian,,,0.0131357835065996,0.0391815163541597,1.19134605805379,1.0,1.0927693226956636,,0.3,False,,,,,0.76207,identity,rank_gauss,,,,,,,,
rbig,,,0.0,0.0421344454535471,0.5546222640044407,1.0,0.9883513890230916,,0.7,,15.0,600.0,,,,,,random,,,,,,,
noise,0.27731,True,0.0021631373941032,0.0673950626113623,0.3279745007057458,1.0,1.1048919917601023,,0.2,,,,normal,0.0,,,,,,,,,,,
gaussian,,,0.0675022025965295,0.2933209437692754,0.4237677848869403,1.0,1.113653138171622,,0.2,False,,,,,0.05347,identity,gaussian,,,,,,,,
noise,0.10908,True,0.0,0.0304877774560021,0.3218113155781809,1.0,1.0687822564711975,,0.2,,,,student_t,3.0,,,,,,,,,,,
gaussian,,,0.0055615247308449,0.0393548874807517,0.7296015814566215,1.0,1.0935648741966053,,0.3,False,,,,,0.30702,diagonal,rank_gauss,,,,,,,,
noise,0.1482,False,0.3815284542955057,9.753496065118457,1.3796454291239686,1.0,13.351360555726652,,0.2,,,,normal,0.0,,,,,,,,,,,
noise,0.00896,True,0.0,0.0281809978299873,0.322455899804151,1.0,1.0629162486512744,,0.2,,,,normal,0.0,,,,,,,,,,,
gaussian,,,0.0534691516018502,0.2604159751841942,0.4244819654994194,1.0,1.06659357267815,,0.2,False,,,,,0.10747,diagonal,gaussian,,,,,,,,
noise,0.38184,False,0.382304047703372,25.00063864099664,1.4018605171789873,1.0,34.234321277621014,,0.3,,,,student_t,10.0,,,,,,,,,,,
gaussian,,,0.0086347686153701,0.0393513991841151,0.7075289371151361,1.0,1.0935277703505537,,0.3,True,,,,,0.2867,diagonal,rank_gauss,,,,,,,,
noise,0.13145,True,0.0003557003915917,0.0332329429157274,0.31883952323234,1.0,1.072490676577626,,0.2,,,,normal,0.0,,,,,,,,,,,
gaussian,,,0.1390518894278131,0.4950178652361195,0.8179026160005399,1.0,1.3636037664291387,,0.2,False,,,,,0.47183,identity,gaussian,,,,,,,,
noise,0.03189,False,0.3427578923908956,1.8167931974179743,1.1746616131722023,1.0,3.2522570561396584,,0.2,,,,student_t,8.0,,,,,,,,,,,
gaussian,,,0.0064011443167699,0.039297035778477,0.4682741127888239,1.0,1.0950607162202095,,0.3,True,,,,,0.06609,identity,rank_gauss,,,,,,,,
noise,0.00626,False,0.0457582181252832,0.2267006846139819,0.4175530111902224,1.0,1.2736292218720018,,0.2,,,,normal,0.0,,,,,,,,,,,
gaussian,,,0.0067846690202227,0.0393797406968109,0.8573502809892518,1.0,1.093988702146056,,0.3,True,,,,,0.42566,diagonal,rank_gauss,,,,,,,,
noise,0.18586,False,0.3830258671824663,11.400272171748847,1.3847637288703654,1.0,16.939428742910557,,0.2,,,,student_t,5.0,,,,,,,,,,,
gaussian,,,0.0096928898518976,0.0391939004018197,1.1704628408076376,1.0,1.092772526558352,,0.3,True,,,,,0.73981,identity,rank_gauss,,,,,,,,
noise,0.02366,False,0.3089665696265525,1.3368326708195388,1.0370779411969375,1.0,2.5532157084718703,,0.2,,,,normal,0.0,,,,,,,,,,,
noise,0.01883,False,0.2630796299862574,1.015805083445871,0.92357622771095,1.0,2.1675650116269183,,0.2,,,,normal,0.0,,,,,,,,,,,
gaussian,,,0.014011583949771,0.0389605967162981,1.3188717970502764,1.0,1.0915560280844503,,0.3,False,,,,,0.90159,identity,rank_gauss,,,,,,,,
noise,0.13052,False,0.381222533557621,7.56444906022197,1.3855191342297504,1.0,11.935356648967929,,0.3,,,,student_t,4.0,,,,,,,,,,,
gaussian,,,0.0099060562439282,0.0393283609122159,0.5313672663382937,1.0,1.0944686919470683,,0.3,False,,,,,0.12673,identity,rank_gauss,,,,,,,,
noise,0.01019,False,0.1199418320533366,0.4574555966144215,0.60208665240822,1.0,1.524126570274703,,0.2,,,,normal,0.0,,,,,,,,,,,
noise,0.28755,True,0.0026420089401957,0.0708256366057008,0.329845185059172,1.0,1.1079732539229306,,0.2,,,,normal,0.0,,,,,,,,,,,
noise,0.08924,True,0.0,0.0297142973699183,0.319819558759478,1.0,1.067322614117814,,0.2,,,,normal,0.0,,,,,,,,,,,
gaussian,,,0.0646921295379507,0.2599222722379235,0.6863556979333231,1.0,1.066122188867447,,0.2,True,,,,,0.42959,diagonal,gaussian,,,,,,,,
noise,0.05405,False,0.3738493008588827,3.380426112427544,1.2996411936424457,1.0,5.119080363347196,,0.2,,,,normal,0.0,,,,,,,,,,,
noise,0.10462,False,0.3761400319475778,5.358643403773543,1.378045532948179,1.0,9.474770225535703,,0.3,,,,student_t,3.0,,,,,,,,,,,
gaussian,,,0.0661840538594683,0.2593162077176873,1.1414578823761805,1.0,1.0646325767317504,,0.2,False,,,,,0.7895,diagonal,gaussian,,,,,,,,
noise,0.0086,False,0.0877507196747239,0.3606638106014398,0.5262408727629702,1.0,1.417584058925539,,0.2,,,,normal,0.0,,,,,,,,,,,
gaussian,,,0.0596649277102057,0.2596444464793994,0.8475157839322994,1.0,1.0657906613900732,,0.2,True,,,,,0.57024,diagonal,gaussian,,,,,,,,
noise,0.19307,True,0.0005961605692439,0.0430693681335757,0.3252216942930172,1.0,1.0829413570865407,,0.2,,,,student_t,5.0,,,,,,,,,,,
gaussian,,,0.0094693918733096,0.0393817970525811,0.8482285874952596,1.0,1.094018757897006,,0.3,True,,,,,0.41699,identity,rank_gauss,,,,,,,,
noise,0.12236,True,0.0,0.0318592173520102,0.3193428275297075,1.0,1.0713310252953967,,0.2,,,,student_t,8.0,,,,,,,,,,,
gaussian,,,0.0150057598640139,0.0392200558595795,1.1196003171443745,1.0,1.0927565884649084,,0.3,False,,,,,0.68633,identity,rank_gauss,,,,,,,,
noise,0.01371,False,0.189051316540718,0.6807979884489912,0.7539649865773325,1.0,1.7761222283953508,,0.2,,,,normal,0.0,,,,,,,,,,,
gaussian,,,0.2033386435733445,0.672906559622469,1.3428787859455946,1.0,1.5407328295631466,,0.2,True,,,,,0.95955,identity,gaussian,,,,,,,,
noise,0.0198,False,0.2338679645142823,0.9416847373663298,0.9492626599595338,1.0,2.245438045278588,,0.2,,,,student_t,4.0,,,,,,,,,,,
noise,0.02111,False,0.2867337201286463,1.1669252686927405,0.9819650095938164,1.0,2.348066855260665,,0.2,,,,normal,0.0,,,,,,,,,,,
gaussian,,,0.0084214094026043,0.039330138536537,0.5284545075177257,1.0,1.094493783477319,,0.3,False,,,,,0.12388,diagonal,rank_gauss,,,,,,,,
noise,0.13092,True,0.0001467817016543,0.0331706274779072,0.3188469614543222,1.0,1.072413741809492,,0.2,,,,normal,0.0,,,,,,,,,,,
gaussian,,,0.0075360810565028,0.039295295105335,0.4702960909471771,1.0,1.0950221538579965,,0.4,False,,,,,0.06799,diagonal,rank_gauss,,,,,,,,
noise,0.00533,False,0.0275983519488109,0.1777122061167933,0.3806836466932135,1.0,1.2225244951394063,,0.2,,,,normal,0.0,,,,,,,,,,,
gaussian,,,0.0576452592801961,0.2598120858600118,0.7397920309697964,1.0,1.0660049943297003,,0.2,True,,,,,0.47759,diagonal,gaussian,,,,,,,,
noise,0.27971,False,0.3830224240279235,18.667659420658214,1.3880725959819675,1.0,24.925538884064206,,0.3,,,,normal,0.0,,,,,,,,,,,
gaussian,,,0.0111717788940778,0.0392831019589627,1.0290663361960957,1.0,1.0930169192391987,,0.3,True,,,,,0.59328,diagonal,rank_gauss,,,,,,,,
noise,0.25446,False,0.3828650710985165,16.955768589913294,1.3874094371584706,1.0,22.70178872563489,,0.3,,,,normal,0.0,,,,,,,,,,,
gaussian,,,0.0692592889206423,0.2592118110766356,1.409619381175146,1.0,1.0648529687607728,,0.2,False,,,,,0.99703,diagonal,gaussian,,,,,,,,
rbig,,,0.0026148926459773,0.0687131278248816,0.4113184183596127,1.0,1.0617734086577943,,0.4,,5.0,400.0,,,,,,pca,,,,,,,
noise,0.02313,True,0.0,0.0281703784700468,0.3232702260706852,1.0,1.0633689189736106,,0.2,,,,student_t,10.0,,,,,,,,,,,
gaussian,,,0.0097526141135537,0.0393405863674416,0.9382118839654764,1.0,1.0935173227325945,,0.3,True,,,,,0.50381,identity,rank_gauss,,,,,,,,
noise,0.4326,False,0.3806206458514656,29.034018870027744,1.389762564021236,1.0,38.39528123957127,,0.3,,,,normal,0.0,,,,,,,,,,,
gaussian,,,0.0056965083346754,0.0393021200847775,0.4636646678723665,1.0,1.0951478450449543,,0.3,False,,,,,0.06159,identity,rank_gauss,,,,,,,,
noise,0.25005,False,0.3812767633249935,16.656799750253313,1.3872720185897642,1.0,22.31344627547545,,0.3,,,,normal,0.0,,,,,,,,,,,
gaussian,,,0.1594090757245859,0.5196702671723303,0.8875165278230193,1.0,1.3917223018184957,,0.2,False,,,,,0.53668,identity,gaussian,,,,,,,,
noise,0.00782,True,0.0,0.0281817041608972,0.3224913707102159,1.0,1.0629052584286265,,0.2,,,,normal,0.0,,,,,,,,,,,
gaussian,,,0.0076029392510651,0.0393405552372521,0.6139837412297701,1.0,1.093613915120871,,0.3,True,,,,,0.20349,identity,rank_gauss,,,,,,,,
noise,0.2086,False,0.382760033836965,13.846972915626536,1.385543825099201,1.0,18.664227535705734,,0.3,,,,normal,0.0,,,,,,,,,,,
noise,0.44666,False,0.381640762723357,29.007358760045516,1.417554694082321,1.0,40.04511774122015,,0.3,,,,student_t,8.0,,,,,,,,,,,
gaussian,,,0.1685396819037418,0.5583862090914025,1.0009875927700715,1.0,1.4342033115551764,,0.2,False,,,,,0.64259,identity,gaussian,,,,,,,,
noise,0.13421,False,0.381785317177585,8.59984802164617,1.3862700291275716,1.0,12.229048596171424,,0.2,,,,student_t,10.0,,,,,,,,,,,
noise,0.06983,True,0.0,0.02891205994546,0.3243041373705567,1.0,1.0661757953957436,,0.2,,,,student_t,10.0,,,,,,,,,,,
gaussian,,,0.0082205724307302,0.0393721323479479,0.7843604938489463,1.0,1.0936945599671457,,0.3,True,,,,,0.3571,identity,rank_gauss,,,,,,,,
noise,0.05186,False,0.3697368543132156,3.2325916799857213,1.292126955156666,1.0,4.930304212350668,,0.2,,,,normal,0.0,,,,,,,,,,,
gaussian,,,0.0080869483907595,0.0393468537146486,0.6593427088334479,1.0,1.0933701524514812,,0.3,False,,,,,0.24368,diagonal,rank_gauss,,,,,,,,
noise,0.15734,True,0.0,0.0370423849228847,0.3186980413172341,1.0,1.0766177483160724,,0.2,,,,normal,0.0,,,,,,,,,,,
gaussian,,,0.1320439299152548,0.4576380710842493,0.71782320130514,1.0,1.319797401093595,,0.3,False,,,,,0.37861,identity,gaussian,,,,,,,,
noise,0.0617,False,0.3692877668110627,3.433154516970599,1.326672036229129,1.0,5.828973649847217,,0.2,,,,student_t,4.0,,,,,,,,,,,
gaussian,,,0.0122642488870646,0.0391241693193832,1.2360761121699708,1.0,1.0923898095752609,,0.3,False,,,,,0.81048,identity,rank_gauss,,,,,,,,
noise,0.01353,True,0.0,0.0281873468802069,0.3223122998136906,1.0,1.0629748420267409,,0.2,,,,normal,0.0,,,,,,,,,,,
gaussian,,,0.0107301317822111,0.0393573443594088,0.8836328744288389,1.0,1.0938047101447237,,0.3,True,,,,,0.45101,diagonal,rank_gauss,,,,,,,,
noise,0.07257,False,0.3749332266166933,4.084423420640205,1.347131481208821,1.0,6.78708883111171,,0.2,,,,student_t,4.0,,,,,,,,,,,
rbig,,,0.0,0.0340324536740885,0.4314950481336891,1.0,1.0105124536815446,,2.8,,80.0,300.0,,,,,,random,,,,,,,
noise,0.16506,True,0.0,0.0384206050862192,0.3273399057441869,1.0,1.0793360000689671,,0.2,,,,student_t,4.0,,,,,,,,,,,
gaussian,,,0.0077490822034944,0.039360176928589,0.5680066921343487,1.0,1.0941809080448317,,0.3,True,,,,,0.16181,identity,rank_gauss,,,,,,,,
rbig,,,0.0,0.0300543835677546,0.3741874464393861,1.0,0.9934637708999718,,2.3,,60.0,600.0,,,,,,pca,,,,,,,
noise,0.08884,False,0.3802982638180661,5.7331236012520055,1.35743401861735,1.0,8.144920612196739,,0.2,,,,normal,0.0,,,,,,,,,,,
gaussian,,,0.1554477665211142,0.5295609571151552,0.9159895210073556,1.0,1.4027527021815285,,0.2,True,,,,,0.56323,identity,gaussian,,,,,,,,
noise,0.06156,False,0.3619666957323318,3.040699348800161,1.3274882572929203,1.0,5.711408702086305,,0.2,,,,student_t,3.0,,,,,,,,,,,
gaussian,,,0.0097706942388048,0.039226370414133,1.0942964890339624,1.0,1.092783751948856,,0.3,False,,,,,0.65993,identity,rank_gauss,,,,,,,,
noise,0.03482,True,0.0,0.0282281707559007,0.3235298132642811,1.0,1.0638462986554535,,0.2,,,,student_t,10.0,,,,,,,,,,,
gaussian,,,0.0078622624806736,0.0393118978839391,0.9632503899933728,1.0,1.093199524072143,,0.3,True,,,,,0.52803,diagonal,rank_gauss,,,,,,,,
noise,0.02918,False,0.3301486233429275,1.6410548138198202,1.1399272790288943,1.0,3.0241611298941256,,0.2,,,,student_t,8.0,,,,,,,,,,,
gaussian,,,0.0580327968645463,0.259937438790214,0.6791790269152571,1.0,1.06613670928178,,0.2,False,,,,,0.423,diagonal,gaussian,,,,,,,,
noise,0.05479,True,0.0,0.0284144775717279,0.3225620393447582,1.0,1.0644217336299635,,0.2,,,,student_t,5.0,,,,,,,,,,,
noise,0.00753,False,0.0745695275528166,0.2978335561722911,0.4750300816427986,1.0,1.3494724639932865,,0.2,,,,normal,0.0,,,,,,,,,,,
gaussian,,,0.0118763141348983,0.0390558034087581,1.2665432635456624,1.0,1.0919431770893635,,0.3,True,,,,,0.84372,identity,rank_gauss,,,,,,,,
noise,0.35143,False,0.3805496833682869,23.530316428570742,1.3891652516372155,1.0,31.243345121551783,,0.3,,,,normal,0.0,,,,,,,,,,,
gaussian,,,0.0113073925122502,0.0392837986385847,1.0130623012602764,1.0,1.0929904042068128,,0.3,False,,,,,0.57725,identity,rank_gauss,,,,,,,,
noise,0.00864,False,0.0567422026505372,0.2735270900338789,0.5123433974266755,1.0,1.3946402095960722,,0.2,,,,student_t,3.0,,,,,,,,,,,
gaussian,,,0.0639616729526911,0.2603248699788449,0.5060259318481598,1.0,1.066446167383742,,0.2,True,,,,,0.24371,diagonal,gaussian,,,,,,,,
noise,0.20003,False,0.3834201928954617,12.95793317371718,1.3960535149452482,1.0,18.070953499264217,,0.2,,,,student_t,10.0,,,,,,,,,,,
gaussian,,,0.0084558592932326,0.0393549883423441,0.7334895565279423,1.0,1.093559678348741,,0.3,True,,,,,0.31061,identity,rank_gauss,,,,,,,,
noise,0.01958,True,0.0,0.028200978602377,0.3221188839059897,1.0,1.0630881964064216,,0.2,,,,normal,0.0,,,,,,,,,,,
gaussian,,,0.0101320333037976,0.0392276553081523,1.1014633090221175,1.0,1.0927970834581138,,0.3,True,,,,,0.66734,identity,rank_gauss,,,,,,,,
noise,0.09357,True,5.958616979673259e-05,0.0296198316694199,0.3218764842218858,1.0,1.067179774104927,,0.2,,,,student_t,3.0,,,,,,,,,,,
noise,0.06355,True,0.0,0.028717899658376,0.3206462249280166,1.0,1.0651351372843223,,0.2,,,,normal,0.0,,,,,,,,,,,
gaussian,,,0.0760300681369419,0.2990160001480923,0.4284952932949907,1.0,1.1211041560654549,,0.2,True,,,,,0.06242,identity,gaussian,,,,,,,,
noise,0.29811,False,0.3821330693006928,19.454304331268016,1.4004530579156746,1.0,26.7883492385436,,0.3,,,,student_t,10.0,,,,,,,,,,,
gaussian,,,0.060536686888716,0.2601605437168403,0.5830026490619137,1.0,1.066320967991962,,0.2,True,,,,,0.32989,diagonal,gaussian,,,,,,,,
noise,0.06332,True,0.0,0.0287119474100761,0.3206539500203438,1.0,1.0651188471721065,,0.2,,,,normal,0.0,,,,,,,,,,,
noise,0.02819,False,0.3108540939049254,1.5020977276505127,1.1159784279481282,1.0,2.944845946942732,,0.2,,,,student_t,5.0,,,,,,,,,,,
gaussian,,,0.0119801816919664,0.0388369985346509,1.3745487285557842,1.0,1.091161794496733,,0.3,False,,,,,0.9637,diagonal,rank_gauss,,,,,,,,
noise,0.04209,False,0.3659211241078041,2.5739566775280425,1.2461148063228524,1.0,4.092986069032943,,0.2,,,,normal,0.0,,,,,,,,,,,
gaussian,,,0.1718329464640218,0.533607846744924,0.9276957174242376,1.0,1.4072124844603708,,0.2,False,,,,,0.57415,identity,gaussian,,,,,,,,
noise,0.01246,False,0.1621056811514907,0.5867074911348962,0.7062453452435893,1.0,1.6939702035118054,,0.2,,,,student_t,10.0,,,,,,,,,,,
gaussian,,,0.0065366332948434,0.0393546826699471,0.6983723635457155,1.0,1.0935134793924308,,0.3,False,,,,,0.2785,identity,rank_gauss,,,,,,,,
noise,0.00847,True,0.0001286021560863,0.0281510808323741,0.3224768278839249,1.0,1.062921297097113,,0.2,,,,student_t,8.0,,,,,,,,,,,
gaussian,,,0.0068066949808706,0.0392806854906668,0.4166733445953846,1.0,1.0955163508154675,,0.3,False,,,,,0.01261,diagonal,rank_gauss,,,,,,,,
noise,0.01117,False,0.1400618838693947,0.5186424766314964,0.6471249691903923,1.0,1.5923478548260406,,0.2,,,,normal,0.0,,,,,,,,,,,
noise,0.04026,False,0.3568256123637443,2.253707223675523,1.2356284798948864,1.0,3.9763617945423504,,0.2,,,,student_t,5.0,,,,,,,,,,,
gaussian,,,0.0070728111384359,0.0392737534971366,0.4262887125037725,1.0,1.0954240180875865,,0.3,False,,,,,0.02293,diagonal,rank_gauss,,,,,,,,
noise,0.01386,False,0.1248275390113664,0.5200241787118155,0.7404436896733887,1.0,1.7478462225098716,,0.2,,,,student_t,3.0,,,,,,,,,,,
gaussian,,,0.0641916823800587,0.259014115088082,1.204984857547752,1.0,1.065103695555843,,0.2,True,,,,,0.8583,diagonal,gaussian,,,,,,,,
noise,0.2896,False,0.3808703140219889,17.92897819450659,1.3891970261138422,1.0,26.24404559581756,,0.3,,,,student_t,5.0,,,,,,,,,,,
gaussian,,,0.0083693029939716,0.0393505327866873,0.7245729650956672,1.0,1.0935486446855909,,0.3,False,,,,,0.30239,diagonal,rank_gauss,,,,,,,,
noise,0.06275,False,0.3710024692828277,3.661740360310481,1.3223790703709573,1.0,5.946301364455233,,0.3,,,,student_t,5.0,,,,,,,,,,,
gaussian,,,0.0500654104257657,0.2600889950425141,0.6184034398655434,1.0,1.066255454394231,,0.2,True,,,,,0.36541,diagonal,gaussian,,,,,,,,
noise,0.14301,True,0.0,0.0333500932216204,0.3219950160781148,1.0,1.073135431173033,,0.2,,,,student_t,3.0,,,,,,,,,,,
gaussian,,,0.0594751943497341,0.2597607006882296,0.4086358859484161,1.0,1.0645658360260404,,0.2,False,,,,,0.03532,diagonal,gaussian,,,,,,,,
noise,0.03645,True,0.0,0.0281755042020285,0.3226414134963083,1.0,1.063531067260193,,0.2,,,,student_t,5.0,,,,,,,,,,,
gaussian,,,0.0068381318962323,0.0393538179105216,0.7031318713260979,1.0,1.0935180061560568,,0.3,False,,,,,0.28268,diagonal,rank_gauss,,,,,,,,
noise,0.21935,False,0.3818174858283807,14.575665767349582,1.3860863305598117,1.0,19.61047700223898,,0.3,,,,normal,0.0,,,,,,,,,,,
gaussian,,,0.0576487936007926,0.259257313741268,1.0616193419712647,1.0,1.0653552834890694,,0.2,False,,,,,0.74503,diagonal,gaussian,,,,,,,,
noise,0.00524,False,0.0274659424933021,0.1731570784132849,0.3774636886543559,1.0,1.2178175821574313,,0.2,,,,normal,0.0,,,,,,,,,,,
gaussian,,,0.0647411956938505,0.2601421176648811,0.5930795055230536,1.0,1.066303183059885,,0.2,True,,,,,0.34019,diagonal,gaussian,,,,,,,,
rbig,,,0.0,0.0288665228847218,0.4204174878844947,1.0,0.9870556975195754,,2.0,,50.0,800.0,,,,,,random,,,,,,,
noise,0.06491,True,2.157506191491354e-05,0.0287534543995402,0.3206006135257738,1.0,1.065232658426374,,0.2,,,,normal,0.0,,,,,,,,,,,
noise,0.29573,True,0.0039422416027142,0.073653853903447,0.3314870681006689,1.0,1.1105042841083157,,0.2,,,,normal,0.0,,,,,,,,,,,
gaussian,,,0.0639153535363074,0.2602341582073332,0.5479324961675285,1.0,1.0663731715397962,,0.2,False,,,,,0.29258,diagonal,gaussian,,,,,,,,
noise,0.03324,True,0.0,0.0280995241547414,0.3217063579021133,1.0,1.063531691109053,,0.2,,,,student_t,8.0,,,,,,,,,,,
gaussian,,,0.0581940170584844,0.2604187711043336,0.4235209870959693,1.0,1.0665957720249633,,0.2,False,,,,,0.10472,diagonal,gaussian,,,,,,,,
noise,0.00549,True,0.0,0.028184633062345,0.3225634231843743,1.0,1.0628873001185846,,0.2,,,,normal,0.0,,,,,,,,,,,
noise,0.00802,False,0.0568413377929145,0.297319595777389,0.5016671777402504,1.0,1.38031880448951,,0.2,,,,student_t,5.0,,,,,,,,,,,
gaussian,,,0.0088529939226608,0.0392805388337049,0.9965160127720868,1.0,1.0930260223811266,,0.3,True,,,,,0.56083,identity,rank_gauss,,,,,,,,
noise,0.43676,True,0.0114475107359439,0.132324299666472,0.3810673618141946,1.0,1.1633386062749929,,0.3,,,,normal,0.0,,,,,,,,,,,
gaussian,,,0.0581242514269885,0.259502758572732,0.9298909492512925,1.0,1.0656138435280904,,0.2,True,,,,,0.63862,diagonal,gaussian,,,,,,,,
noise,0.47092,False,0.3810179716338739,31.63231306291807,1.389929102333794,1.0,41.77204163437813,,0.3,,,,normal,0.0,,,,,,,,,,,
gaussian,,,0.0541026088377112,0.2598499620446998,0.7219448777974391,1.0,1.0660453326852228,,0.2,False,,,,,0.46175,diagonal,gaussian,,,,,,,,
noise,0.27751,True,0.0011763397166218,0.0641293481311441,0.3421351693281932,1.0,1.1065769712038709,,0.2,,,,student_t,4.0,,,,,,,,,,,
gaussian,,,0.0093153874813722,0.0393667181904839,0.8053686216245229,1.0,1.0938279370173911,,0.3,False,,,,,0.37644,diagonal,rank_gauss,,,,,,,,
noise,0.00678,False,0.0556340622741553,0.2553064649589603,0.4403713836539693,1.0,1.3039310963601174,,0.2,,,,normal,0.0,,,,,,,,,,,
gaussian,,,0.0141956310818222,0.0391574673136538,1.208130910411371,1.0,1.0926096264820442,,0.3,False,,,,,0.78013,identity,rank_gauss,,,,,,,,
noise,0.00561,True,0.000159103587658,0.0281762354083221,0.3226808411951181,1.0,1.062866508933665,,0.2,,,,student_t,3.0,,,,,,,,,,,
gaussian,,,0.0973261722509334,0.3805007763300591,0.5512150396191313,1.0,1.2246808994215674,,0.2,False,,,,,0.20938,identity,gaussian,,,,,,,,
noise,0.04332,True,8.310663400090679e-05,0.02835161691508,0.321331216400226,1.0,1.063926581589744,,0.2,,,,normal,0.0,,,,,,,,,,,
gaussian,,,0.0068087898760784,0.0393490750062564,0.6575361533850468,1.0,1.093386669951961,,0.3,True,,,,,0.2421,identity,rank_gauss,,,,,,,,
noise,0.17114,False,0.3825130247252516,11.307978887893338,1.3826788540504624,1.0,15.368214675266444,,0.3,,,,normal,0.0,,,,,,,,,,,
gaussian,,,0.0554228868669887,0.2597470933752037,0.7766238912932819,1.0,1.0659286265785588,,0.2,True,,,,,0.50978,diagonal,gaussian,,,,,,,,
noise,0.08964,False,0.3759674434763004,4.55164469868391,1.368073725351576,1.0,8.161093228166497,,0.2,,,,student_t,3.0,,,,,,,,,,,
gaussian,,,0.0066686063625714,0.0393751837415427,0.7720634876131794,1.0,1.093636922005344,,0.3,True,,,,,0.34585,diagonal,rank_gauss,,,,,,,,
noise,0.00695,True,0.0,0.0281733690187925,0.3228971999800148,1.0,1.062957035233,,0.3,,,,student_t,10.0,,,,,,,,,,,
gaussian,,,0.071831912364407,0.2591855545312698,1.348245751867594,1.0,1.0647948623009784,,0.2,True,,,,,0.94986,diagonal,gaussian,,,,,,,,
rbig,,,0.0003009122495744,0.0373571789679034,0.4643731462638891,1.0,0.9952872352931668,,1.1,,25.0,1000.0,,,,,,random,,,,,,,
noise,0.0632,True,0.0,0.028708831504738,0.3206579817497003,1.0,1.0651103712349554,,0.2,,,,normal,0.0,,,,,,,,,,,
gaussian,,,0.0625642031539926,0.2596302228741692,0.8583772248920082,1.0,1.065769165195381,,0.2,True,,,,,0.57936,diagonal,gaussian,,,,,,,,
noise,0.4317,True,0.013026605940382,0.1299618564267362,0.3786291268571295,1.0,1.161170024204449,,0.2,,,,normal,0.0,,,,,,,,,,,
gaussian,,,0.191266216998159,0.6649611894367158,1.3195313589876922,1.0,1.5344637563314962,,0.2,True,,,,,0.93837,identity,gaussian,,,,,,,,
rbig,,,0.0,0.0270604303756457,0.346740750235117,1.0,0.9766279433051543,,3.8,,100.0,1000.0,,,,,,pca,,,,,,,
noise,0.05981,True,0.0,0.0286254197412217,0.3207721930167543,1.0,1.0648775150371417,,0.2,,,,normal,0.0,,,,,,,,,,,
gaussian,,,0.0092181074732526,0.0393548606085027,0.5587137559945111,1.0,1.094296520519772,,0.3,False,,,,,0.15319,diagonal,rank_gauss,,,,,,,,
noise,0.00868,False,0.0865112820019772,0.3654462702818899,0.5300931499913839,1.0,1.4228028566389734,,0.2,,,,normal,0.0,,,,,,,,,,,
gaussian,,,0.0062733255560799,0.0392796850580187,0.410870297611102,1.0,1.0955654243480502,,0.3,False,,,,,0.00631,diagonal,rank_gauss,,,,,,,,
noise,0.14886,True,0.000435471581503,0.0356536009685884,0.3186919013723258,1.0,1.0751868717945985,,0.2,,,,normal,0.0,,,,,,,,,,,
noise,0.00547,False,0.0291741429706036,0.1848753583587449,0.385827915303008,1.0,1.2299346346255415,,0.2,,,,normal,0.0,,,,,,,,,,,
noise,0.13535,True,0.0001516457211563,0.0336643289052352,0.3228200789472752,1.0,1.0727163379479894,,0.3,,,,student_t,5.0,,,,,,,,,,,
gaussian,,,0.0624232103280593,0.2596081983989707,0.8730827428647328,1.0,1.0657385743683134,,0.2,False,,,,,0.59166,diagonal,gaussian,,,,,,,,
noise,0.01103,False,0.1366990449927295,0.4986139115915932,0.6444766974295264,1.0,1.590779918223625,,0.2,,,,student_t,10.0,,,,,,,,,,,
gaussian,,,0.0112497569043609,0.0392804281363172,1.0031360409889831,1.0,1.0930126445466974,,0.3,True,,,,,0.5673,identity,rank_gauss,,,,,,,,
noise,0.16362,False,0.3801398163845989,10.798374016521324,1.381825971266884,1.0,14.706896943841668,,0.4,,,,normal,0.0,,,,,,,,,,,
gaussian,,,0.152989499011229,0.5365608374560341,0.9362877881370154,1.0,1.4104592911967493,,0.2,False,,,,,0.58217,identity,gaussian,,,,,,,,
noise,0.00941,True,0.0,0.0281806293747648,0.3224418591214897,1.0,1.0629209854845978,,0.2,,,,normal,0.0,,,,,,,,,,,
gaussian,,,0.0074690193608508,0.0393240988699917,0.9557285459193016,1.0,1.0933153529545978,,0.3,False,,,,,0.5208,identity,rank_gauss,,,,,,,,
noise,0.04755,True,0.0002573539303439,0.0284010659071131,0.3211878725356278,1.0,1.064141736775494,,0.2,,,,normal,0.0,,,,,,,,,,,
gaussian,,,0.0055053443768268,0.0392965246707285,0.4688943717138427,1.0,1.095047831239235,,0.3,False,,,,,0.06668,diagonal,rank_gauss,,,,,,,,
noise,0.01391,True,0.0,0.0281879698200867,0.3223002600778441,1.0,1.0629807618609282,,0.2,,,,normal,0.0,,,,,,,,,,,
gaussian,,,0.0711139293605103,0.2591862106695085,1.3464671365865832,1.0,1.0647931110123343,,0.2,False,,,,,0.94849,diagonal,gaussian,,,,,,,,
noise,0.0595,True,0.0,0.0286184873292523,0.3207826637649575,1.0,1.06485685671144,,0.2,,,,normal,0.0,,,,,,,,,,,
gaussian,,,0.0048351895934101,0.0392827393592397,0.4330738218173677,1.0,1.0954145647467757,,0.3,True,,,,,0.03006,identity,rank_gauss,,,,,,,,
rbig,,,2.1109919563055968e-05,0.0399605844540337,0.4862792373191617,1.0,0.9949439142026736,,1.0,,20.0,1500.0,,,,,,random,,,,,,,
noise,0.18316,True,0.0004349404307193,0.0420163422950462,0.3191056390268699,1.0,1.081445838817494,,0.3,,,,normal,0.0,,,,,,,,,,,
gaussian,,,0.1703890587518929,0.5978227805590247,1.1206915333984335,1.0,1.475096181647517,,0.2,True,,,,,0.75455,identity,gaussian,,,,,,,,
noise,0.09133,False,0.3791802120766883,5.901700124347647,1.3593199179363895,1.0,8.362662337263355,,0.3,,,,normal,0.0,,,,,,,,,,,
gaussian,,,0.1850201027522036,0.6715073948508056,1.338757559259896,1.0,1.5396370818373757,,0.2,False,,,,,0.95582,identity,gaussian,,,,,,,,
rbig,,,0.0019654729215177,0.0713166196455783,0.4218025286374682,1.0,1.0880607981488444,,0.4,,5.0,600.0,,,,,,pca,,,,,,,
noise,0.02345,False,0.2603334485243522,1.1550551756415168,1.0330234040756292,1.0,2.5406370557756834,,0.3,,,,student_t,4.0,,,,,,,,,,,
gaussian,,,0.0160763889148968,0.0387823427624182,1.3998401045300088,1.0,1.0910382803236904,,0.3,True,,,,,0.99218,identity,rank_gauss,,,,,,,,
noise,0.02124,True,0.0,0.0282060747155514,0.322065193115706,1.0,1.063126425478036,,0.2,,,,normal,0.0,,,,,,,,,,,
gaussian,,,0.0716506057404309,0.2591872485147662,1.34379413520658,1.0,1.0647904489302085,,0.2,False,,,,,0.94643,diagonal,gaussian,,,,,,,,
noise,0.33554,True,0.0061580971607594,0.088440535183533,0.341409241316187,1.0,1.123714421656294,,0.2,,,,normal,0.0,,,,,,,,,,,
gaussian,,,0.1169365713839629,0.4251257571888575,0.6516101650034795,1.0,1.279906601320863,,0.2,False,,,,,0.30539,identity,gaussian,,,,,,,,
noise,0.16285,False,0.3820659073263039,10.746194176283922,1.3817318153354752,1.0,14.639190459287544,,0.3,,,,normal,0.0,,,,,,,,,,,
gaussian,,,0.0615207116422613,0.2597486702063049,0.4081726101419149,1.0,1.0645836253303382,,0.3,False,,,,,0.02304,diagonal,gaussian,,,,,,,,
noise,0.04987,True,0.0,0.0288176877460292,0.3236762376214416,1.0,1.0646996752121425,,0.2,,,,student_t,4.0,,,,,,,,,,,
gaussian,,,0.0598653463277591,0.2600149734553472,0.6465691950666471,1.0,1.0662008091267603,,0.3,True,,,,,0.39254,diagonal,gaussian,,,,,,,,
noise,0.35335,True,0.0047510776406416,0.0955928394114598,0.346912951883801,1.0,1.1300817671592884,,0.2,,,,normal,0.0,,,,,,,,,,,
gaussian,,,0.0078127624921356,0.03932771304927,0.5210840965027989,1.0,1.094543449811725,,0.3,True,,,,,0.11665,diagonal,rank_gauss,,,,,,,,
noise,0.20925,True,0.0028663549910388,0.0479558312025025,0.3202518645513638,1.0,1.0870375802044048,,0.2,,,,normal,0.0,,,,,,,,,,,
gaussian,,,0.0085333372234354,0.0393561781407283,0.7347868827657891,1.0,1.0935581113636452,,0.3,True,,,,,0.31177,diagonal,rank_gauss,,,,,,,,
noise,0.06874,True,0.0,0.0287564190307119,0.3225053891463417,1.0,1.0653484308137755,,0.2,,,,student_t,5.0,,,,,,,,,,,
gaussian,,,0.0492246939538489,0.2603448207188124,0.4946810787920747,1.0,1.0664682383621915,,0.2,False,,,,,0.22925,diagonal,gaussian,,,,,,,,
noise,0.00669,True,0.0,0.0281830150583245,0.3225263896477326,1.0,1.0628957936003878,,0.2,,,,normal,0.0,,,,,,,,,,,
gaussian,,,0.0630868159499622,0.2603932583836657,0.4353038865976329,1.0,1.066571291797913,,0.2,False,,,,,0.13395,diagonal,gaussian,,,,,,,,
noise,0.01394,False,0.187682911445274,0.6792175860116585,0.7653530264650005,1.0,1.803737409010896,,0.2,,,,student_t,10.0,,,,,,,,,,,
gaussian,,,0.01300297676408,0.0390173999283036,1.2856684316713047,1.0,1.091744583672062,,0.3,False,,,,,0.86469,identity,rank_gauss,,,,,,,,
noise,0.47249,False,0.3829312483171602,31.738767029052344,1.389935064292268,1.0,41.91039435947893,,0.3,,,,normal,0.0,,,,,,,,,,,
gaussian,,,0.1498768708444139,0.5299659205370082,0.9171581779915808,1.0,1.403199872875168,,0.2,False,,,,,0.56432,identity,gaussian,,,,,,,,
noise,0.07824,False,0.3798413094886979,5.015599825882129,1.3472575857229363,1.0,7.219229584641502,,0.2,,,,normal,0.0,,,,,,,,,,,
gaussian,,,0.0619218649321037,0.3009219631274155,0.4302090808914981,1.0,1.1235879154308797,,0.2,False,,,,,0.06545,identity,gaussian,,,,,,,,
noise,0.00615,False,0.0365625009798626,0.2207529220492673,0.4128934062589113,1.0,1.267367024870497,,0.2,,,,normal,0.0,,,,,,,,,,,
noise,0.07411,False,0.3749268967277033,4.176747045371051,1.349355049329975,1.0,6.923157917495901,,0.2,,,,student_t,4.0,,,,,,,,,,,
gaussian,,,0.0617596517510461,0.2592459844624252,1.0717191879961403,1.0,1.0653363649601828,,0.2,False,,,,,0.75308,diagonal,gaussian,,,,,,,,
noise,0.13198,False,0.3816743580258135,8.654590509883391,1.3764392554592897,1.0,11.926429932191215,,0.2,,,,normal,0.0,,,,,,,,,,,
gaussian,,,0.012599318443732,0.0391862477656754,1.187235118970205,1.0,1.0927822288870317,,0.3,True,,,,,0.75765,diagonal,rank_gauss,,,,,,,,
noise,0.05819,False,0.3731014389515117,3.571799556173043,1.3151270705724023,1.0,5.522278502825492,,0.2,,,,student_t,10.0,,,,,,,,,,,
gaussian,,,0.0096237222790149,0.0392834848799902,1.030857731887935,1.0,1.0930268068653135,,0.3,False,,,,,0.59509,diagonal,rank_gauss,,,,,,,,
noise,0.00528,False,0.0258885271141471,0.1696554840816046,0.3772841629038313,1.0,1.221410052528053,,0.2,,,,student_t,8.0,,,,,,,,,,,
noise,0.43389,True,0.0061922070230064,0.1032809786377284,0.3803487148556325,1.0,1.1531835755149271,,0.2,,,,student_t,3.0,,,,,,,,,,,
rbig,,,0.0001592024597918,0.0267482742109441,0.4201343698044331,1.0,0.9763681678806556,,1.7,,40.0,1000.0,,,,,,random,,,,,,,
noise,0.16521,True,0.0003345537089448,0.0384454498637863,0.31875620195181,1.0,1.078014348798134,,0.2,,,,normal,0.0,,,,,,,,,,,
gaussian,,,0.0065336758596035,0.0393398182727377,0.624575391997516,1.0,1.09354619557271,,0.3,True,,,,,0.21298,diagonal,rank_gauss,,,,,,,,
noise,0.07437,True,0.0,0.0290569420584199,0.3202875640065457,1.0,1.0659676203395576,,0.2,,,,normal,0.0,,,,,,,,,,,
noise,0.04077,True,0.0,0.0283263420607373,0.3214173892358901,1.0,1.0638064811192005,,0.2,,,,normal,0.0,,,,,,,,,,,
gaussian,,,0.1448423304954017,0.4818848874238169,0.7819316149820091,1.0,1.3483672393210897,,0.2,True,,,,,0.43836,identity,gaussian,,,,,,,,
noise,0.04951,False,0.3708812842996201,3.074029321019612,1.283081820603202,1.0,4.728127066077178,,0.2,,,,normal,0.0,,,,,,,,,,,
gaussian,,,0.1628616806842932,0.550148277348005,0.9763266734384808,1.0,1.4252973232082682,,0.2,False,,,,,0.61956,identity,gaussian,,,,,,,,
rbig,,,0.0003768107240466,0.0297812956003168,0.4113181501275439,1.0,0.9854825275292556,,3.7,,100.0,600.0,,,,,,random,,,,,,,
noise,0.0159,False,0.224439271378384,0.8231677382943324,0.8337341519709618,1.0,1.9407580488659784,,0.2,,,,normal,0.0,,,,,,,,,,,
noise,0.14447,True,0.0,0.0346155283823276,0.3192044580993258,1.0,1.07460722357319,,0.2,,,,student_t,8.0,,,,,,,,,,,
gaussian,,,0.0097088163278538,0.0393516552316781,0.9195850833382996,1.0,1.0936410397340457,,0.3,False,,,,,0.48578,identity,rank_gauss,,,,,,,,
noise,0.00795,False,0.074103545314162,0.3160975048124321,0.5020649879062207,1.0,1.3821056392848203,,0.2,,,,student_t,10.0,,,,,,,,,,,
gaussian,,,0.1439993572701927,0.4967450678124708,0.822697062871524,1.0,1.365595417695723,,0.2,False,,,,,0.47629,identity,gaussian,,,,,,,,
noise,0.44066,True,0.0096658258248212,0.1294740488618999,0.3864646003269306,1.0,1.164274674058799,,0.2,,,,student_t,8.0,,,,,,,,,,,
gaussian,,,0.0083862636769296,0.0392813121346882,1.0260205548745958,1.0,1.0929954120432883,,0.3,False,,,,,0.59023,diagonal,rank_gauss,,,,,,,,
noise,0.13984,True,2.2885798498073484e-05,0.0342360936589061,0.322909574742874,1.0,1.0733846932260662,,0.2,,,,student_t,5.0,,,,,,,,,,,
noise,0.18017,False,0.3811612420280914,10.549213677497908,1.3939042718360974,1.0,16.36526474828628,,0.2,,,,student_t,4.0,,,,,,,,,,,
gaussian,,,0.1781611876040313,0.6041588387432315,1.1399751389199826,1.0,1.4813232878073133,,0.2,True,,,,,0.77256,identity,gaussian,,,,,,,,
rbig,,,0.0001198611285081,0.0293191346410802,0.409289780682463,1.0,0.9813471725562568,,3.8,,100.0,800.0,,,,,,random,,,,,,,
noise,0.2039,False,0.3803039987556058,13.52838338067632,1.385274406598837,1.0,18.250561203064134,,0.2,,,,normal,0.0,,,,,,,,,,,
gaussian,,,0.1225246541517116,0.4499320843349956,0.6980492779613656,1.0,1.310565099926168,,0.2,False,,,,,0.36011,identity,gaussian,,,,,,,,
noise,0.09812,False,0.3813213527606686,5.882290123539727,1.3637807735709535,1.0,9.088683065137449,,0.2,,,,student_t,5.0,,,,,,,,,,,
gaussian,,,0.1477668172392109,0.5145750364697237,0.8729594114996613,1.0,1.3859802288963865,,0.2,False,,,,,0.52311,identity,gaussian,,,,,,,,
noise,0.07528,False,0.3778842800790264,4.700719621666268,1.348838505079724,1.0,7.020319115529643,,0.2,,,,student_t,10.0,,,,,,,,,,,
gaussian,,,0.2011621380290777,0.6614517274943308,1.3092513310467355,1.0,1.5316571116406714,,0.2,True,,,,,0.92901,identity,gaussian,,,,,,,,
noise,0.02741,True,0.0003762886115026,0.028227781558904,0.3218634915724203,1.0,1.063295411718944,,0.2,,,,normal,0.0,,,,,,,,,,,
noise,0.07198,False,0.3782533917496435,4.592157529463458,1.3391168571166965,1.0,6.6737580479529255,,0.2,,,,normal,0.0,,,,,,,,,,,
gaussian,,,0.0130844967537041,0.0387894603634186,1.3959905810199758,1.0,1.0910353318311417,,0.3,False,,,,,0.98784,diagonal,rank_gauss,,,,,,,,
noise,0.00622,False,0.0432050987590836,0.224533110605911,0.4158510561248908,1.0,1.271345810379936,,0.2,,,,normal,0.0,,,,,,,,,,,
gaussian,,,0.0577398090127987,0.2603896519499227,0.4427125944410821,1.0,1.0665584201020983,,0.2,False,,,,,0.14911,diagonal,gaussian,,,,,,,,
noise,0.00522,True,0.0,0.0281642852786423,0.3225749489607514,1.0,1.0628917701497536,,0.3,,,,student_t,8.0,,,,,,,,,,,
gaussian,,,0.1483514342145718,0.4821591571933189,0.7826730087122902,1.0,1.3486867083866956,,0.3,True,,,,,0.43905,identity,gaussian,,,,,,,,
noise,0.03222,False,0.3171380702111189,1.6732992320909268,1.1666089591766438,1.0,3.272201260074629,,0.2,,,,student_t,4.0,,,,,,,,,,,
gaussian,,,0.0041515682408506,0.0393532692437877,0.5759101821438802,1.0,1.0940530071116046,,0.3,False,,,,,0.16899,diagonal,rank_gauss,,,,,,,,
noise,0.11657,True,0.0,0.03129143762191,0.3194263750343916,1.0,1.0705602524787343,,0.2,,,,student_t,8.0,,,,,,,,,,,
noise,0.19732,True,0.0004348699287261,0.0451367117804388,0.3196245373468746,1.0,1.0843929167217117,,0.2,,,,normal,0.0,,,,,,,,,,,
gaussian,,,0.0568705441749466,0.2598187991142395,0.736452086355612,1.0,1.0660124076190425,,0.2,True,,,,,0.47464,diagonal,gaussian,,,,,,,,
noise,0.0257,False,0.3216336955062398,1.4732225802541614,1.0746193616202795,1.0,2.719329006870516,,0.2,,,,normal,0.0,,,,,,,,,,,
gaussian,,,0.0083595114363573,0.0393798245321853,0.8570048464011922,1.0,1.0939902599273628,,0.3,True,,,,,0.42533,diagonal,rank_gauss,,,,,,,,
noise,0.09171,False,0.3786642091364014,5.479537534956017,1.3594769026817868,1.0,8.517263391473056,,0.2,,,,student_t,5.0,,,,,,,,,,,
gaussian,,,0.0123042918334934,0.0393685261215095,0.8232495527834877,1.0,1.09394957338391,,0.3,False,,,,,0.39325,diagonal,rank_gauss,,,,,,,,
rbig,,,0.0003714187695285,0.0370674424018805,0.4753283445660297,1.0,0.9905703244009582,,1.1,,25.0,800.0,,,,,,random,,,,,,,
noise,0.03215,True,0.0,0.028256765009722,0.3217064871019441,1.0,1.0634540108142845,,0.2,,,,normal,0.0,,,,,,,,,,,
gaussian,,,0.0069313767714543,0.0393815436591448,0.8470788100865141,1.0,1.0940235007279986,,0.3,True,,,,,0.41589,diagonal,rank_gauss,,,,,,,,
noise,0.00812,False,0.0693658062499883,0.3192298149509108,0.5025600553787003,1.0,1.388512219699959,,0.2,,,,student_t,8.0,,,,,,,,,,,
gaussian,,,0.0109722084554316,0.0392264243807236,1.113777658342045,1.0,1.0927774274256197,,0.3,True,,,,,0.68028,diagonal,rank_gauss,,,,,,,,
noise,0.08822,True,0.0,0.0296629582053282,0.3198503730800373,1.0,1.0672218854109237,,0.2,,,,normal,0.0,,,,,,,,,,,
gaussian,,,0.0744347048392682,0.3201972841663929,0.4510540006715398,1.0,1.1485198770759664,,0.2,True,,,,,0.0972,identity,gaussian,,,,,,,,
noise,0.01683,True,0.0,0.0281944880804489,0.3222072515760905,1.0,1.0630316178684878,,0.2,,,,normal,0.0,,,,,,,,,,,
gaussian,,,0.0110864006082836,0.0392192736585129,1.1202688428730248,1.0,1.092752122718808,,0.3,True,,,,,0.68703,identity,rank_gauss,,,,,,,,
noise,0.02599,True,0.0,0.02822014411911,0.3219101960597297,1.0,1.0632527660249331,,0.2,,,,normal,0.0,,,,,,,,,,,
gaussian,,,0.011680887137389,0.0392593850241377,1.0587060287995833,1.0,1.0929283953991238,,0.3,False,,,,,0.62347,diagonal,rank_gauss,,,,,,,,
noise,0.48561,True,0.0190556845766523,0.155923508800498,0.4066329262925455,1.0,1.1851910083884534,,0.3,,,,normal,0.0,,,,,,,,,,,
gaussian,,,0.0056551143734608,0.0393005045942174,0.488655424055266,1.0,1.094745043561134,,0.3,False,,,,,0.08558,identity,rank_gauss,,,,,,,,
noise,0.34302,False,0.3817503814453774,22.429114796196256,1.401343680286776,1.0,30.78185332747958,,0.3,,,,student_t,10.0,,,,,,,,,,,
gaussian,,,0.0651838028677089,0.2590304923311715,1.1975171909499682,1.0,1.0651152353804056,,0.3,True,,,,,0.85245,diagonal,gaussian,,,,,,,,
noise,0.10168,True,0.0001773916122882,0.0304728590980801,0.3194643204725149,1.0,1.0686431334080009,,0.3,,,,normal,0.0,,,,,,,,,,,
gaussian,,,0.0098703607262289,0.0392804550539957,1.0064989568001153,1.0,1.0930061000040443,,0.3,True,,,,,0.57064,diagonal,rank_gauss,,,,,,,,
noise,0.32384,False,0.3818904732254171,17.190622961522667,1.4025443152224937,1.0,28.80584307086769,,0.3,,,,student_t,3.0,,,,,,,,,,,
gaussian,,,0.0067307865988881,0.0393833418218505,0.8456425733748799,1.0,1.0940279839968572,,0.3,False,,,,,0.41453,identity,rank_gauss,,,,,,,,
noise,0.06364,True,0.0,0.0286007033475554,0.3221285566483725,1.0,1.0647952289392435,,0.2,,,,student_t,3.0,,,,,,,,,,,
gaussian,,,0.1976699061803764,0.6783091105709126,1.358799389616106,1.0,1.5449230121539403,,0.2,True,,,,,0.97392,identity,gaussian,,,,,,,,
noise,0.14693,False,0.3810879724398778,7.640329487327248,1.3917434301810188,1.0,13.196289700535385,,0.2,,,,student_t,3.0,,,,,,,,,,,
gaussian,,,0.0077533335837791,0.0393398272058014,0.6142921375088904,1.0,1.0936098269486112,,0.3,True,,,,,0.20377,identity,rank_gauss,,,,,,,,
noise,0.00633,False,0.0371230327084307,0.2107803795183653,0.4253834890806549,1.0,1.2778324928521134,,0.2,,,,student_t,5.0,,,,,,,,,,,
gaussian,,,0.0567854287667431,0.2604092029462332,0.4275025667938201,1.0,1.0665874409659566,,0.2,False,,,,,0.11559,diagonal,gaussian,,,,,,,,
noise,0.01241,True,0.0,0.0281841955318799,0.3223476978240584,1.0,1.062958329830381,,0.2,,,,normal,0.0,,,,,,,,,,,
gaussian,,,0.0101904389421018,0.0393422943946302,0.937246259182748,1.0,1.0935270176405494,,0.3,True,,,,,0.50289,identity,rank_gauss,,,,,,,,
noise,0.00628,False,0.0417037301735757,0.227786507686535,0.4184069189810228,1.0,1.2747734061807237,,0.2,,,,normal,0.0,,,,,,,,,,,
gaussian,,,0.0145171903815358,0.0392263170963909,1.0990741485618338,1.0,1.0927948616714591,,0.3,False,,,,,0.66488,identity,rank_gauss,,,,,,,,
noise,0.01808,False,0.1798036193753228,0.732181846980601,0.887167371680957,1.0,2.0629424064155275,,0.2,,,,student_t,3.0,,,,,,,,,,,
gaussian,,,0.0130019932177908,0.0392167008358873,1.1227200296588589,1.0,1.0927409748560175,,0.3,False,,,,,0.68959,identity,rank_gauss,,,,,,,,
noise,0.00853,True,0.0,0.0281810781728252,0.3224692958650828,1.0,1.062911933139855,,0.2,,,,normal,0.0,,,,,,,,,,,
gaussian,,,0.1457354045993618,0.4875668528140755,0.7973748992859997,1.0,1.3549730431937872,,0.2,True,,,,,0.45273,identity,gaussian,,,,,,,,
noise,0.03253,False,0.3207165067270507,1.691688297760686,1.1700674927286243,1.0,3.2984649289327725,,0.2,,,,student_t,4.0,,,,,,,,,,,
gaussian,,,0.0089944149055621,0.0393526863199124,0.9064186986705178,1.0,1.0937189895228931,,0.3,True,,,,,0.47317,diagonal,rank_gauss,,,,,,,,
noise,0.33376,False,0.3809196410227008,22.33223378232764,1.3889684264658642,1.0,29.686630442492756,,0.3,,,,normal,0.0,,,,,,,,,,,
gaussian,,,0.1851724709658875,0.6093272592664485,1.155698586650486,1.0,1.4863256563527534,,0.2,True,,,,,0.78723,identity,gaussian,,,,,,,,
noise,0.14127,False,0.3815907638767227,9.067213023184689,1.38798069635704,1.0,12.854988252682524,,0.2,,,,student_t,10.0,,,,,,,,,,,
gaussian,,,0.0095789840288915,0.0393078330126328,0.9647879713256274,1.0,1.0931717387680358,,0.3,True,,,,,0.52951,diagonal,rank_gauss,,,,,,,,
noise,0.0101,False,0.1277621664248084,0.4518893457471732,0.5978680151851984,1.0,1.5179517914417535,,0.2,,,,normal,0.0,,,,,,,,,,,
gaussian,,,0.0092676086477656,0.0392823215956773,1.009100737598562,1.0,1.09299829933457,,0.3,False,,,,,0.57325,diagonal,rank_gauss,,,,,,,,
noise,0.14838,False,0.3824045456966721,9.7656918338815,1.3796750316283997,1.0,13.367179374702085,,0.3,,,,normal,0.0,,,,,,,,,,,
gaussian,,,0.0573270555925953,0.2603926532756077,0.4531355744096653,1.0,1.0665414451887534,,0.2,False,,,,,0.16805,diagonal,gaussian,,,,,,,,
noise,0.13632,True,0.0,0.0326642107683016,0.3219114999850672,1.0,1.0721849387718614,,0.2,,,,student_t,3.0,,,,,,,,,,,
noise,0.02417,False,0.3062822055104596,1.3173460584508632,1.0567270416675514,1.0,2.6081756372156546,,0.2,,,,student_t,8.0,,,,,,,,,,,
gaussian,,,0.0062537639294402,0.0393456627354659,0.6094600813853711,1.0,1.093666717321383,,0.3,False,,,,,0.19935,identity,rank_gauss,,,,,,,,
rbig,,,0.0001100555797991,0.0270243623395795,0.3489317327040896,1.0,0.9806277378706098,,3.9,,100.0,800.0,,,,,,pca,,,,,,,
noise,0.00588,True,0.0,0.0281842558498007,0.3225514048357255,1.0,1.0628898845085637,,0.2,,,,normal,0.0,,,,,,,,,,,
noise,0.11639,False,0.3800095098033919,6.715308017224293,1.380998206006001,1.0,10.676649849921509,,0.2,,,,student_t,4.0,,,,,,,,,,,
gaussian,,,0.0121548440261048,0.0392846622283798,0.9830644587447972,1.0,1.0930220428603077,,0.3,False,,,,,0.54753,identity,rank_gauss,,,,,,,,
noise,0.01751,True,0.0,0.0281963073533913,0.3221854692272723,1.0,1.0630448243688222,,0.2,,,,normal,0.0,,,,,,,,,,,
gaussian,,,0.0527155683004373,0.2601485557708165,0.5896070486176462,1.0,1.0663095552166737,,0.2,True,,,,,0.33666,diagonal,gaussian,,,,,,,,
noise,0.00553,True,6.4938434980788e-05,0.0281845959171985,0.3225621913127846,1.0,1.0628875573846,,0.2,,,,normal,0.0,,,,,,,,,,,
gaussian,,,0.0561465155095209,0.2597638033378383,0.4089320424368746,1.0,1.0645602221709622,,0.2,False,,,,,0.03918,diagonal,gaussian,,,,,,,,
noise,0.01082,False,0.1345138531637713,0.4966681452629713,0.63124882149369,1.0,1.56778167377677,,0.2,,,,normal,0.0,,,,,,,,,,,
gaussian,,,0.0616555869002533,0.2603608257745885,0.4801068433448365,1.0,1.0664938649608997,,0.2,True,,,,,0.20955,diagonal,gaussian,,,,,,,,
noise,0.01859,True,0.0,0.0281987513406863,0.32215078062502,1.0,1.0630668578888822,,0.2,,,,normal,0.0,,,,,,,,,,,
gaussian,,,0.1857008647530126,0.6103422134223204,1.1587764798848432,1.0,1.487296967725081,,0.2,True,,,,,0.7901,identity,gaussian,,,,,,,,
noise,0.01533,True,0.0,0.0281640625637612,0.3230927458515469,1.0,1.063134267302152,,0.2,,,,student_t,10.0,,,,,,,,,,,
gaussian,,,0.0648290096000435,0.259556951085742,0.9003041255520368,1.0,1.065677742608376,,0.2,False,,,,,0.61426,diagonal,gaussian,,,,,,,,
rbig,,,0.0,0.0255783387415184,0.3961236727282847,1.0,0.9662521896237016,,1.5,,40.0,400.0,,,,,,random,,,,,,,
noise,0.00638,False,0.0443182106888742,0.2332325987136292,0.4227054662374957,1.0,1.2805202142589254,,0.2,,,,normal,0.0,,,,,,,,,,,
noise,0.06966,True,0.0002728387039938,0.0289057629746025,0.3243002099344136,1.0,1.0661612333306316,,0.2,,,,student_t,10.0,,,,,,,,,,,
noise,0.02534,True,0.0,0.0282175734381419,0.3219315203096177,1.0,1.0632339939210904,,0.2,,,,normal,0.0,,,,,,,,,,,
gaussian,,,0.0615153043461966,0.2600506521513697,0.6337211209362432,1.0,1.0662261937793889,,0.2,False,,,,,0.38027,diagonal,gaussian,,,,,,,,
noise,0.00731,False,0.0664488510816515,0.2852159761737594,0.4646990173942182,1.0,1.3359068634310391,,0.2,,,,normal,0.0,,,,,,,,,,,
gaussian,,,0.0069257084108761,0.0393340156354474,0.6687477674845606,1.0,1.0933121246672426,,0.3,False,,,,,0.25179,diagonal,rank_gauss,,,,,,,,
noise,0.21954,False,0.3832262164735492,14.58854499731591,1.3860951862006636,1.0,19.62720258766893,,0.3,,,,normal,0.0,,,,,,,,,,,
noise,0.11195,True,0.000785815448706,0.0312691868659653,0.3192066761759587,1.0,1.069861176348526,,0.2,,,,normal,0.0,,,,,,,,,,,
gaussian,,,0.0094441623756921,0.0393703753718173,0.7970400215229274,1.0,1.0937913559618948,,0.3,False,,,,,0.36881,diagonal,rank_gauss,,,,,,,,
noise,0.00763,True,0.0,0.0281818396295903,0.3224972686866235,1.0,1.062903567500122,,0.2,,,,normal,0.0,,,,,,,,,,,
noise,0.02838,True,0.0,0.0281811037221547,0.3224793616740804,1.0,1.063197984422764,,0.2,,,,student_t,3.0,,,,,,,,,,,
noise,0.34772,False,0.382868819504049,20.62789123104661,1.4007769507102263,1.0,31.34143878543324,,0.3,,,,student_t,4.0,,,,,,,,,,,
gaussian,,,0.0126876523527457,0.038855496311895,1.3631923687395215,1.0,1.0912265567192334,,0.3,False,,,,,0.95094,diagonal,rank_gauss,,,,,,,,
noise,0.01855,False,0.2474956102948545,0.9575123172483432,0.92264830464227,1.0,2.1542621401023334,,0.2,,,,student_t,8.0,,,,,,,,,,,
gaussian,,,0.1994838132645456,0.6682699248597539,1.3292387676957702,1.0,1.5370881442019877,,0.2,True,,,,,0.94719,identity,gaussian,,,,,,,,
noise,0.22233,True,0.0007892276790518,0.0502391103589206,0.3223581025918693,1.0,1.0902500090728595,,0.2,,,,student_t,8.0,,,,,,,,,,,
gaussian,,,0.0636545907739505,0.2597670328763974,0.7662486249785627,1.0,1.065950551813197,,0.2,False,,,,,0.50077,diagonal,gaussian,,,,,,,,
noise,0.07262,False,0.3681733196262783,3.635426438807741,1.348767819593172,1.0,6.673466393086287,,0.2,,,,student_t,3.0,,,,,,,,,,,
gaussian,,,0.0179051246530457,0.0389698995920392,1.3127773461167551,1.0,1.091564640553874,,0.3,True,,,,,0.89478,identity,rank_gauss,,,,,,,,
noise,0.11467,False,0.3814292319004606,7.229218947854018,1.3955319219121642,1.0,10.5053839360931,,0.2,,,,student_t,8.0,,,,,,,,,,,
gaussian,,,0.0121171847704121,0.0391992020539171,1.1448158648816509,1.0,1.0927329609902838,,0.3,True,,,,,0.71291,diagonal,rank_gauss,,,,,,,,
noise,0.06392,True,0.0001287497380391,0.0283688541229249,0.3207396145899124,1.0,1.0652305804995907,,0.2,,,,student_t,8.0,,,,,,,,,,,
noise,0.05395,True,0.0,0.0285100616053524,0.3209706339518585,1.0,1.0645050304759738,,0.2,,,,normal,0.0,,,,,,,,,,,
noise,0.19807,False,0.38124260040569,12.168449487120885,1.3856837517769585,1.0,18.033915061528766,,0.2,,,,student_t,5.0,,,,,,,,,,,
gaussian,,,0.0597490833676794,0.2593167169281065,1.1476055961250713,1.0,1.0646373926311417,,0.2,True,,,,,0.7943,diagonal,gaussian,,,,,,,,
noise,0.05903,True,0.0,0.028283620633113,0.3208907231210968,1.0,1.0648900605487217,,0.2,,,,student_t,8.0,,,,,,,,,,,
gaussian,,,0.1514743971522598,0.5046828080368521,0.8449009174344969,1.0,1.37471284028606,,0.2,False,,,,,0.49697,identity,gaussian,,,,,,,,
noise,0.00953,True,0.0,0.0281688825276382,0.3229579810710922,1.0,1.063003335463672,,0.2,,,,student_t,10.0,,,,,,,,,,,
gaussian,,,0.0629198892902899,0.2593398982744969,1.005507859101178,1.0,1.0654628133233313,,0.2,True,,,,,0.70005,diagonal,gaussian,,,,,,,,
noise,0.16309,True,0.0002902630341667,0.0376311117885332,0.3236039895706679,1.0,1.0771904658652125,,0.2,,,,student_t,5.0,,,,,,,,,,,
gaussian,,,0.0045865668255318,0.0393020899094231,0.4623371834279333,1.0,1.0951682702815622,,0.3,False,,,,,0.06031,identity,rank_gauss,,,,,,,,
noise,0.0425,False,0.3332399875184161,2.018676682147798,1.2515509180754598,1.0,4.070499150387818,,0.2,,,,student_t,3.0,,,,,,,,,,,
gaussian,,,0.0059833378276688,0.0393429733388297,0.6629144281555568,1.0,1.0933466538689285,,0.3,True,,,,,0.24674,diagonal,rank_gauss,,,,,,,,
noise,0.01603,False,0.2000524204959522,0.7576253384954466,0.8397815857414621,1.0,1.9560970158994948,,0.2,,,,student_t,5.0,,,,,,,,,,,
gaussian,,,0.0849046137750867,0.3506159866533817,0.4955555411146519,1.0,1.187168153839751,,0.2,True,,,,,0.15124,identity,gaussian,,,,,,,,
noise,0.01627,True,0.0,0.0281925948668109,0.3222251555429769,1.0,1.0630211286310216,,0.2,,,,normal,0.0,,,,,,,,,,,
gaussian,,,0.0103776325878004,0.0390802555511959,1.2548031935763126,1.0,1.0921030881227851,,0.3,False,,,,,0.83091,identity,rank_gauss,,,,,,,,
noise,0.07404,True,2.6234114518519647e-06,0.0290446918699462,0.3202983304434544,1.0,1.0659403168915067,,0.2,,,,normal,0.0,,,,,,,,,,,
noise,0.02346,True,0.0001008517959771,0.0282107772786529,0.3219929966572135,1.0,1.063182346587688,,0.2,,,,normal,0.0,,,,,,,,,,,
gaussian,,,0.0079816925191839,0.0393277073536741,0.5210940566553486,1.0,1.0945433944009937,,0.3,False,,,,,0.11666,identity,rank_gauss,,,,,,,,
noise,0.00868,True,0.0,0.0281810732245839,0.3224646251106335,1.0,1.0629134151536352,,0.2,,,,normal,0.0,,,,,,,,,,,
gaussian,,,0.155691195171042,0.5375550849971347,0.9391904373355802,1.0,1.4115509955191572,,0.2,True,,,,,0.58488,identity,gaussian,,,,,,,,
noise,0.09813,False,0.3810293272494133,6.3621242641738025,1.3637376728567434,1.0,8.957735937302509,,0.2,,,,normal,0.0,,,,,,,,,,,
noise,0.03089,False,0.3413589385791633,1.8209576667122465,1.1493215794671503,1.0,3.1480273012993343,,0.2,,,,normal,0.0,,,,,,,,,,,
gaussian,,,0.0713367457043134,0.2593092561269906,1.162374787041755,1.0,1.0646492099743774,,0.2,False,,,,,0.80582,diagonal,gaussian,,,,,,,,
noise,0.00748,False,0.0679385408555496,0.2949575164525121,0.4726753805452834,1.0,1.3463751503024812,,0.3,,,,normal,0.0,,,,,,,,,,,
gaussian,,,0.0052712092794934,0.0393535135830826,0.5891624987653707,1.0,1.0938579806980857,,0.3,False,,,,,0.18089,diagonal,rank_gauss,,,,,,,,
noise,0.09672,False,0.3797992920154633,6.2666525207292505,1.362896470715882,1.0,8.834293791034506,,0.2,,,,normal,0.0,,,,,,,,,,,
gaussian,,,0.0044251983387701,0.0393196190320321,0.5087825070051795,1.0,1.094614463407861,,0.3,True,,,,,0.10486,identity,rank_gauss,,,,,,,,
noise,0.00737,True,0.0,0.0281727208349486,0.3229071306099713,1.0,1.0629640713204735,,0.2,,,,student_t,10.0,,,,,,,,,,,
gaussian,,,0.0605723436145843,0.2604334909153166,0.4160238910783853,1.0,1.0666126816437522,,0.2,False,,,,,0.07877,diagonal,gaussian,,,,,,,,
noise,0.04975,False,0.3607279229412637,2.718238384769508,1.2891620917886797,1.0,4.782358209675482,,0.2,,,,student_t,4.0,,,,,,,,,,,
gaussian,,,0.0090169275506249,0.0393228644558814,0.9563836954081842,1.0,1.0933086527830522,,0.3,True,,,,,0.52145,identity,rank_gauss,,,,,,,,
noise,0.00607,True,1.0491876838547576e-05,0.0281758893947445,0.3226764778052507,1.0,1.0628679254206874,,0.3,,,,student_t,3.0,,,,,,,,,,,
gaussian,,,0.0125560182203031,0.0392827457334305,1.0375822393638314,1.0,1.093052764198796,,0.3,False,,,,,0.60188,diagonal,rank_gauss,,,,,,,,
noise,0.00729,True,0.000334951997303,0.0281820913294941,0.3225078130493647,1.0,1.0629006420161435,,0.2,,,,normal,0.0,,,,,,,,,,,
gaussian,,,0.0638457485067914,0.2593121151703973,1.0238785248988187,1.0,1.0654266850487126,,0.2,True,,,,,0.71482,diagonal,gaussian,,,,,,,,
noise,0.01276,False,0.1676873045433403,0.6196787184673188,0.7157808885192788,1.0,1.7063580780302663,,0.2,,,,normal,0.0,,,,,,,,,,,
gaussian,,,0.1444896813220684,0.502223025838546,0.8379883691210194,1.0,1.371893612453484,,0.2,False,,,,,0.49053,identity,gaussian,,,,,,,,
noise,0.28181,True,0.0027525587320541,0.0688853934723309,0.3287718308557467,1.0,1.1062338985813276,,0.2,,,,normal,0.0,,,,,,,,,,,
gaussian,,,0.0099053449629924,0.0393506527123963,0.9154758600281526,1.0,1.0936569031950032,,0.3,False,,,,,0.4819,identity,rank_gauss,,,,,,,,
noise,0.00869,True,0.0,0.0281810756942461,0.3224643136396999,1.0,1.0629135148458766,,0.2,,,,normal,0.0,,,,,,,,,,,
gaussian,,,0.0133641283132629,0.0391991365267221,1.1440054905655035,1.0,1.092730650955892,,0.3,True,,,,,0.71206,diagonal,rank_gauss,,,,,,,,
noise,0.10567,True,0.0,0.030761357750851,0.3193598592369713,1.0,1.0691026416935014,,0.2,,,,normal,0.0,,,,,,,,,,,
gaussian,,,0.1339799508560857,0.4804873854587043,0.7781604524395016,1.0,1.3467385534868448,,0.2,True,,,,,0.43485,identity,gaussian,,,,,,,,
noise,0.27398,False,0.3826771029828493,17.67734629562862,1.4149963318658374,1.0,24.6687812681091,,0.3,,,,student_t,8.0,,,,,,,,,,,
gaussian,,,0.0595366225542854,0.2592612352398915,1.0582110204007231,1.0,1.0653617690645023,,0.2,True,,,,,0.74231,diagonal,gaussian,,,,,,,,
noise,0.0155,True,0.0,0.028183278648992,0.3225873210822589,1.0,1.0629468093559131,,0.2,,,,student_t,3.0,,,,,,,,,,,
gaussian,,,0.0632325761690356,0.2598053905324743,0.743740560564707,1.0,1.06599666838154,,0.2,False,,,,,0.48107,diagonal,gaussian,,,,,,,,
noise,0.00708,True,4.388264673860221e-05,0.0281742796159743,0.3226667560756701,1.0,1.0628718931664105,,0.2,,,,student_t,3.0,,,,,,,,,,,
noise,0.02522,True,0.0,0.0282170237755455,0.3219354532698682,1.0,1.0632305797284825,,0.2,,,,normal,0.0,,,,,,,,,,,
gaussian,,,0.0149640341053326,0.0390121124874417,1.2899106874045196,1.0,1.0917139012253965,,0.3,True,,,,,0.86939,diagonal,rank_gauss,,,,,,,,
noise,0.00704,True,0.0,0.0281591238151833,0.3227247463829024,1.0,1.062881795090851,,0.2,,,,student_t,5.0,,,,,,,,,,,
gaussian,,,0.057075372136784,0.2598586076321448,0.7173572392929896,1.0,1.0660554045990156,,0.2,False,,,,,0.45765,diagonal,gaussian,,,,,,,,
noise,0.00528,True,0.0,0.028184728981015,0.3225698875836664,1.0,1.0628859787206952,,0.3,,,,normal,0.0,,,,,,,,,,,
gaussian,,,0.0096612441132308,0.0392555121639238,1.0625504727725643,1.0,1.0929022575080338,,0.3,False,,,,,0.62734,diagonal,rank_gauss,,,,,,,,
noise,0.13262,False,0.3831315348126278,8.494593542169671,1.3858446178172454,1.0,12.088110184467078,,0.3,,,,student_t,10.0,,,,,,,,,,,
gaussian,,,0.0066403219136106,0.0392970589898975,0.4814797445085834,1.0,1.09483733194403,,0.3,False,,,,,0.07871,identity,rank_gauss,,,,,,,,
noise,0.32913,False,0.3831365966222549,21.295812444192677,1.416252715730444,1.0,29.578701447139508,,0.3,,,,student_t,8.0,,,,,,,,,,,
gaussian,,,0.0094068421375513,0.0393643526801086,0.8123049542032941,1.0,1.0938675595886145,,0.3,False,,,,,0.38305,diagonal,rank_gauss,,,,,,,,
noise,0.00962,True,0.0,0.0281766324628701,0.3226414547228353,1.0,1.0628870800016883,,0.3,,,,student_t,3.0,,,,,,,,,,,
gaussian,,,0.0131737838418394,0.0391602665329533,1.202553850264707,1.0,1.0926609055254566,,0.3,True,,,,,0.77408,identity,rank_gauss,,,,,,,,
noise,0.09435,False,0.3786975594414826,5.391235092631445,1.3696065531822137,1.0,8.716683208812556,,0.3,,,,student_t,4.0,,,,,,,,,,,
gaussian,,,0.0122231365350374,0.039282436722451,1.008899688338606,1.0,1.0929995452677996,,0.3,False,,,,,0.57305,diagonal,rank_gauss,,,,,,,,
noise,0.16873,True,0.0004034749825547,0.0391076552633147,0.3187999414334018,1.0,1.0786603870518163,,0.2,,,,normal,0.0,,,,,,,,,,,
gaussian,,,0.0089172231404346,0.0393699320458892,0.7927930109674105,1.0,1.0937662386843878,,0.3,True,,,,,0.36481,diagonal,rank_gauss,,,,,,,,
noise,0.02436,False,0.2921580895580414,1.2652451906392457,1.052840748654199,1.0,2.6254677957134787,,0.2,,,,student_t,5.0,,,,,,,,,,,
gaussian,,,0.0704867610216086,0.2592771817540356,1.2000086732114184,1.0,1.0646847495270428,,0.2,True,,,,,0.83511,diagonal,gaussian,,,,,,,,
noise,0.07143,False,0.3750710600863526,4.206239621575603,1.337915829712143,1.0,6.714383196869209,,0.2,,,,student_t,5.0,,,,,,,,,,,
gaussian,,,0.1925118815022706,0.666885093401755,1.3251749413589946,1.0,1.5359925236928282,,0.3,True,,,,,0.9435,identity,gaussian,,,,,,,,
noise,0.04239,True,0.0,0.0283012023510655,0.3236953704734945,1.0,1.0642357877495077,,0.2,,,,student_t,10.0,,,,,,,,,,,
noise,0.01682,True,0.0,0.0281944575883167,0.3222075715635278,1.0,1.0630314274977466,,0.2,,,,normal,0.0,,,,,,,,,,,
gaussian,,,0.1499217607305411,0.5045113332257526,0.8444178488126255,1.0,1.3745164172740478,,0.3,True,,,,,0.49652,identity,gaussian,,,,,,,,
noise,0.47515,False,0.3828578996170953,28.294504082312063,1.4020475122331475,1.0,42.73913705504897,,0.3,,,,student_t,4.0,,,,,,,,,,,
gaussian,,,0.061417424992987,0.2592902637858539,1.1867613750210773,1.0,1.0646730948621654,,0.2,True,,,,,0.82481,diagonal,gaussian,,,,,,,,
noise,0.33055,False,0.3823155600631508,21.38898501757299,1.4162776941535813,1.0,29.70513814463059,,0.3,,,,student_t,8.0,,,,,,,,,,,
gaussian,,,0.0072841298151192,0.0393769124786347,0.7659664569519413,1.0,1.0936136449092968,,0.3,False,,,,,0.34036,identity,rank_gauss,,,,,,,,
noise,0.00998,False,0.1160670920631522,0.4444838371994506,0.5922256326961044,1.0,1.5097430237921017,,0.3,,,,normal,0.0,,,,,,,,,,,
gaussian,,,0.0079898026759522,0.0393449007600556,0.5515763385514979,1.0,1.0943169626156586,,0.3,False,,,,,0.14634,identity,rank_gauss,,,,,,,,
noise,0.03347,True,0.0,0.0281580767394185,0.3226532092988222,1.0,1.0634215588498468,,0.3,,,,student_t,5.0,,,,,,,,,,,
gaussian,,,0.1815298300699449,0.6721751006254547,1.340723727397602,1.0,1.540160445307824,,0.2,False,,,,,0.9576,identity,gaussian,,,,,,,,
noise,0.04626,False,0.3583822960551052,2.628753983888454,1.269357930267456,1.0,4.49777991628886,,0.2,,,,student_t,5.0,,,,,,,,,,,
gaussian,,,0.1909101211555163,0.6671589899482853,1.3259785735192455,1.0,1.5362095366390922,,0.2,True,,,,,0.94423,identity,gaussian,,,,,,,,
noise,0.05908,False,0.3761920323459019,3.7201933733702695,1.3141775163264562,1.0,5.553773563325209,,0.2,,,,normal,0.0,,,,,,,,,,,
gaussian,,,0.0099752454400107,0.0392897152752267,0.9786046884131524,1.0,1.0930450753006933,,0.3,True,,,,,0.54311,identity,rank_gauss,,,,,,,,
rbig,,,0.0006389407787235,0.0342426190008261,0.4535155752438509,1.0,0.9789478565675266,,1.3,,30.0,400.0,,,,,,random,,,,,,,
noise,0.05061,True,0.0001511140122545,0.0283663041150627,0.3222616303799933,1.0,1.0640509229084434,,0.2,,,,student_t,3.0,,,,,,,,,,,
gaussian,,,0.0662305278633386,0.2818265095914484,0.4160894850239636,1.0,1.098442300252623,,0.3,True,,,,,0.03587,identity,gaussian,,,,,,,,
noise,0.07112,True,0.0,0.0289597189737056,0.3243340469887075,1.0,1.0662873267375708,,0.3,,,,student_t,10.0,,,,,,,,,,,
gaussian,,,0.0109181910623307,0.0393823142892407,0.8497631217921847,1.0,1.0940190068636126,,0.3,True,,,,,0.41847,diagonal,rank_gauss,,,,,,,,
noise,0.21373,False,0.3817954122099349,13.153825445355048,1.3866397862728412,1.0,19.43799888132228,,0.3,,,,student_t,5.0,,,,,,,,,,,
gaussian,,,0.0063028136822533,0.0392792558758558,0.4104452099080137,1.0,1.0955677448157073,,0.3,False,,,,,0.00584,diagonal,rank_gauss,,,,,,,,
noise,0.06407,False,0.377185962998718,4.057354895907904,1.3255487439968132,1.0,5.986254959158615,,0.2,,,,normal,0.0,,,,,,,,,,,
gaussian,,,0.0074847182466398,0.039359956318133,0.5619219982087565,1.0,1.094270699014753,,0.3,True,,,,,0.1562,diagonal,rank_gauss,,,,,,,,
noise,0.04286,True,0.0004120514561266,0.0283469155423074,0.3213467774401219,1.0,1.0639043822912078,,0.2,,,,normal,0.0,,,,,,,,,,,
gaussian,,,0.0149447168827205,0.0388571760380291,1.3626437496011838,1.0,1.0912327085773967,,0.3,False,,,,,0.95032,diagonal,rank_gauss,,,,,,,,
noise,0.07501,True,0.0,0.0289780580248131,0.3224851471751442,1.0,1.0658349320405611,,0.2,,,,student_t,5.0,,,,,,,,,,,
gaussian,,,0.0100045103770588,0.039349354569616,0.9136742068479906,1.0,1.0936622226619348,,0.3,True,,,,,0.48017,identity,rank_gauss,,,,,,,,
noise,0.00864,True,0.0,0.028181072417107,0.3224658708852697,1.0,1.0629130174988208,,0.2,,,,normal,0.0,,,,,,,,,,,
gaussian,,,0.0129604437913413,0.0391996198401023,1.151895550241402,1.0,1.092736519724347,,0.3,True,,,,,0.72031,identity,rank_gauss,,,,,,,,
noise,0.07819,False,0.3814234266226863,5.0122166239572845,1.347199893762296,1.0,7.214868850712124,,0.2,,,,normal,0.0,,,,,,,,,,,
gaussian,,,0.0131945923195313,0.0390677344227253,1.259190044083044,1.0,1.092021457692529,,0.3,True,,,,,0.83573,diagonal,rank_gauss,,,,,,,,
noise,0.21137,True,0.0012661257610631,0.0435410846455466,0.3247179282921132,1.0,1.085314904181678,,0.2,,,,student_t,3.0,,,,,,,,,,,
gaussian,,,0.0563018759165826,0.2601907384606625,0.5686562151121917,1.0,1.066343384040224,,0.2,False,,,,,0.31492,diagonal,gaussian,,,,,,,,
noise,0.07731,False,0.37106569487314,3.887815356867818,1.3553160253620893,1.0,7.082703300808584,,0.3,,,,student_t,3.0,,,,,,,,,,,
gaussian,,,0.0168465341488364,0.0389821164770381,1.3015075956508153,1.0,1.0915930787134929,,0.3,True,,,,,0.88226,identity,rank_gauss,,,,,,,,
noise,0.08835,True,0.0,0.029607929313153,0.3224616769703775,1.0,1.0670140651340856,,0.3,,,,student_t,5.0,,,,,,,,,,,
gaussian,,,0.0668164363123166,0.259445085806209,0.9547544041471898,1.0,1.0655627156222525,,0.3,False,,,,,0.65895,diagonal,gaussian,,,,,,,,
noise,0.08746,False,0.3799058748179731,5.639693459746071,1.3563186092852677,1.0,8.024287497920124,,0.3,,,,normal,0.0,,,,,,,,,,,
gaussian,,,0.0630168737085616,0.2595385496504198,0.9099430386699215,1.0,1.0656561037864476,,0.2,True,,,,,0.62222,diagonal,gaussian,,,,,,,,
noise,0.01046,False,0.0675172470531156,0.3566166842837311,0.595491580159587,1.0,1.5114594848982543,,0.2,,,,student_t,3.0,,,,,,,,,,,
noise,0.16422,False,0.381607593378883,10.839033445299508,1.3818984198527833,1.0,14.759656068281547,,0.3,,,,normal,0.0,,,,,,,,,,,
gaussian,,,0.1347675854724862,0.4710846423926386,0.7530035571522533,1.0,1.3357153552707897,,0.2,False,,,,,0.41143,identity,gaussian,,,,,,,,
noise,0.11293,False,0.3812621901260394,6.813213934372476,1.3710600249850378,1.0,10.41077128569034,,0.3,,,,student_t,5.0,,,,,,,,,,,
gaussian,,,0.0630067421224344,0.2594177630682143,0.9665869495397726,1.0,1.0655398640610074,,0.2,True,,,,,0.66858,diagonal,gaussian,,,,,,,,
noise,0.01657,True,0.0,0.0283252198261745,0.3230680102540976,1.0,1.0631698405512755,,0.2,,,,student_t,4.0,,,,,,,,,,,
gaussian,,,0.0074249720924671,0.0393528025634342,0.57707205408901,1.0,1.0940345213170484,,0.3,False,,,,,0.17006,identity,rank_gauss,,,,,,,,
noise,0.00538,True,6.103721482231261e-05,0.0281635295963274,0.322570137694031,1.0,1.0628929491675898,,0.2,,,,student_t,8.0,,,,,,,,,,,
gaussian,,,0.0054486320981568,0.0393472974583372,0.6061790077026392,1.0,1.0936945836798626,,0.3,False,,,,,0.19631,identity,rank_gauss,,,,,,,,
noise,0.12838,True,0.0,0.0328785942181558,0.3188847723029765,1.0,1.072049266080525,,0.2,,,,normal,0.0,,,,,,,,,,,
gaussian,,,0.0101294831290206,0.0392429699341326,1.0708125486937048,1.0,1.092823756207548,,0.3,False,,,,,0.63575,diagonal,rank_gauss,,,,,,,,
noise,0.00722,False,0.0611244611718554,0.2800851174704267,0.4605047418639265,1.0,1.3304053256957626,,0.2,,,,normal,0.0,,,,,,,,,,,
gaussian,,,0.0077766675968734,0.0393763512281216,0.7665223924355642,1.0,1.0936136118103044,,0.3,False,,,,,0.34085,identity,rank_gauss,,,,,,,,
noise,0.11473,True,0.0,0.0311255078476228,0.3194564040084077,1.0,1.0703229359817867,,0.2,,,,student_t,8.0,,,,,,,,,,,
gaussian,,,0.0048421249163955,0.0392978985804322,0.4563638861830285,1.0,1.095237200485519,,0.3,False,,,,,0.05436,diagonal,rank_gauss,,,,,,,,
noise,0.032,False,0.3413908654888582,1.8954553186802967,1.1622513637539948,1.0,3.2406502766806837,,0.2,,,,normal,0.0,,,,,,,,,,,
gaussian,,,0.0113271058570758,0.0392837538153115,1.0132398229031585,1.0,1.0929902669918818,,0.3,False,,,,,0.57742,identity,rank_gauss,,,,,,,,
noise,0.00856,True,0.0004889365325164,0.0281704975841989,0.3229351910704697,1.0,1.062985065308817,,0.2,,,,student_t,10.0,,,,,,,,,,,
gaussian,,,0.0094044173763324,0.0393065679493759,0.9667128554957608,1.0,1.093151408710996,,0.3,True,,,,,0.53142,diagonal,rank_gauss,,,,,,,,
noise,0.33339,True,0.0040104120504682,0.0872115631192443,0.3573426737271359,1.0,1.1249672064458542,,0.3,,,,student_t,10.0,,,,,,,,,,,
gaussian,,,0.0607540440570403,0.2591925497412917,1.3334058566114897,1.0,1.064781197131096,,0.3,True,,,,,0.93842,diagonal,gaussian,,,,,,,,
noise,0.20347,False,0.3808860992612155,10.69146698400681,1.398327798850356,1.0,18.18065005827161,,0.3,,,,student_t,3.0,,,,,,,,,,,
gaussian,,,0.0130839242315025,0.0393786709717841,0.8644455905371234,1.0,1.0939709701761369,,0.3,False,,,,,0.43237,identity,rank_gauss,,,,,,,,
noise,0.05857,True,3.792173586270042e-05,0.0285991399338136,0.3208140983665195,1.0,1.0647955206646005,,0.3,,,,normal,0.0,,,,,,,,,,,
noise,0.00961,False,0.1015892869693808,0.42175139399265,0.5747028837458868,1.0,1.4846110195781337,,0.2,,,,normal,0.0,,,,,,,,,,,
gaussian,,,0.0695097037061033,0.259394444819639,0.976595910277922,1.0,1.065520231371099,,0.2,True,,,,,0.6767,diagonal,gaussian,,,,,,,,
noise,0.18953,True,0.0003516291055012,0.0426447624752468,0.3201792088095151,1.0,1.0828951894194154,,0.2,,,,student_t,8.0,,,,,,,,,,,
gaussian,,,0.2058180387462165,0.6857871376349907,1.3808944779728545,1.0,1.550621234352882,,0.2,False,,,,,0.99376,identity,gaussian,,,,,,,,
noise,0.01126,True,0.0,0.0281814615979985,0.3223839065963529,1.0,1.062942829406879,,0.3,,,,normal,0.0,,,,,,,,,,,
gaussian,,,0.0557583687265131,0.2602420108665112,0.5440380172994618,1.0,1.06637928544953,,0.3,True,,,,,0.28827,diagonal,gaussian,,,,,,,,
noise,0.03583,True,0.0,0.0282829245365788,0.3215835564661907,1.0,1.06359437815932,,0.2,,,,normal,0.0,,,,,,,,,,,
gaussian,,,0.0624046318130067,0.2596806391300019,0.8215940838200341,1.0,1.0658404286115355,,0.3,False,,,,,0.54833,diagonal,gaussian,,,,,,,,
noise,0.03923,True,0.0,0.0281067879741641,0.3215162072882385,1.0,1.06378151664955,,0.3,,,,student_t,8.0,,,,,,,,,,,
gaussian,,,0.0775057233011373,0.3449137206238771,0.4862149449266785,1.0,1.1799662053350386,,0.3,True,,,,,0.14072,identity,gaussian,,,,,,,,
noise,0.10918,False,0.3814331328980938,7.110381482099278,1.3692513142830258,1.0,9.925847465071351,,0.3,,,,normal,0.0,,,,,,,,,,,
gaussian,,,0.0685378818407149,0.2592020859368425,1.3089365807796718,1.0,1.064760866504671,,0.2,True,,,,,0.91952,diagonal,gaussian,,,,,,,,
noise,0.00843,False,0.084171891459769,0.3505302853926886,0.5180552260972218,1.0,1.4065486966803684,,0.2,,,,normal,0.0,,,,,,,,,,,
noise,0.48383,True,0.0147280391630846,0.1492660260209994,0.4094810322838845,1.0,1.1833838979336675,,0.3,,,,student_t,8.0,,,,,,,,,,,
gaussian,,,0.1522949350857989,0.4997604575804562,0.8310969348333712,1.0,1.369065347644293,,0.2,True,,,,,0.48411,identity,gaussian,,,,,,,,
noise,0.44376,True,0.0065831767553531,0.1066320436103978,0.3847581706090942,1.0,1.1570749466480903,,0.2,,,,student_t,3.0,,,,,,,,,,,
gaussian,,,0.0558718691666974,0.2603830144931483,0.463892887566192,1.0,1.066523674493468,,0.3,True,,,,,0.18561,diagonal,gaussian,,,,,,,,
noise,0.02073,False,0.2365464075510016,0.9958360980382794,0.972633578824571,1.0,2.31993915700387,,0.2,,,,student_t,4.0,,,,,,,,,,,
gaussian,,,0.0116524141448117,0.039000577298941,1.2954615791809634,1.0,1.0916603000162235,,0.3,False,,,,,0.87555,diagonal,rank_gauss,,,,,,,,
noise,0.01479,True,0.0002651152974463,0.028146366541123,0.3227111748006189,1.0,1.0629596689575256,,0.3,,,,student_t,5.0,,,,,,,,,,,
gaussian,,,0.0107017474362499,0.0391175958853552,1.2416648544461788,1.0,1.0923299107477795,,0.3,True,,,,,0.81657,identity,rank_gauss,,,,,,,,
noise,0.37704,False,0.3813973175382812,20.06347727330686,1.4032565463907865,1.0,33.50421502622049,,0.3,,,,student_t,3.0,,,,,,,,,,,
gaussian,,,0.011672087469067,0.0392194441283297,1.120077152017056,1.0,1.0927532021244677,,0.3,False,,,,,0.68683,identity,rank_gauss,,,,,,,,
noise,0.0395,True,0.0,0.0282633984399801,0.322374017789791,1.0,1.0635583033623603,,0.3,,,,student_t,3.0,,,,,,,,,,,
gaussian,,,0.0084987897291008,0.039317506979363,0.501621875315872,1.0,1.094672796882168,,0.3,True,,,,,0.0981,diagonal,rank_gauss,,,,,,,,
noise,0.02309,True,0.0,0.0281424659733603,0.3226893390992444,1.0,1.0631170660138525,,0.2,,,,student_t,5.0,,,,,,,,,,,
gaussian,,,0.013138944052479,0.0388278472062883,1.3774100662627211,1.0,1.0911308267769666,,0.3,False,,,,,0.96692,diagonal,rank_gauss,,,,,,,,
noise,0.07707,False,0.377311785653586,4.936440018521077,1.3458815039161816,1.0,7.117204330069169,,0.3,,,,normal,0.0,,,,,,,,,,,
gaussian,,,0.1762404352625233,0.6093908628175757,1.1558916144883251,1.0,1.486386643269594,,0.2,False,,,,,0.78741,identity,gaussian,,,,,,,,
noise,0.24783,False,0.3807547441357907,16.123967103972202,1.3988243241580194,1.0,22.318519186101803,,0.3,,,,student_t,10.0,,,,,,,,,,,
gaussian,,,0.00696347204236,0.0392967441009673,0.4821769521322168,1.0,1.0948228238888418,,0.3,True,,,,,0.07936,diagonal,rank_gauss,,,,,,,,
noise,0.12606,False,0.3817671463946633,8.253595199655702,1.3749497080673931,1.0,11.40666846377327,,0.3,,,,normal,0.0,,,,,,,,,,,
gaussian,,,0.0070935892296025,0.0393797900858258,0.8571729367044598,1.0,1.0939895258611485,,0.3,False,,,,,0.42549,identity,rank_gauss,,,,,,,,
noise,0.01086,True,0.0,0.0281812766805445,0.3223964680030734,1.0,1.0629377833107327,,0.2,,,,normal,0.0,,,,,,,,,,,
gaussian,,,0.1288882145550273,0.4790790539684258,0.7743688651596682,1.0,1.3450947328938092,,0.3,False,,,,,0.43132,identity,gaussian,,,,,,,,
noise,0.04772,True,6.251807016455224e-05,0.028403588749907,0.3211821045734024,1.0,1.0641507990072816,,0.2,,,,normal,0.0,,,,,,,,,,,
gaussian,,,0.0049629111989586,0.0392783859241011,0.4079779770901382,1.0,1.0955873441109027,,0.3,False,,,,,0.00311,identity,rank_gauss,,,,,,,,
noise,0.27124,False,0.3818099631961327,18.093397806246493,1.387871788245335,1.0,24.179550664278544,,0.3,,,,normal,0.0,,,,,,,,,,,
gaussian,,,0.0116866682342792,0.0391901472358653,1.1782146426845526,1.0,1.092783533738482,,0.3,True,,,,,0.74805,identity,rank_gauss,,,,,,,,
noise,0.00534,False,0.0207067343858333,0.1587526440542271,0.3897746294323866,1.0,1.2233586181764682,,0.3,,,,student_t,4.0,,,,,,,,,,,
gaussian,,,0.0072310969191858,0.0392997038963789,0.4866982995458503,1.0,1.0947623714081525,,0.3,True,,,,,0.0837,identity,rank_gauss,,,,,,,,
noise,0.03429,False,0.3016702224732273,1.5810949727392198,1.1849335007103174,1.0,3.376264097364898,,0.2,,,,student_t,3.0,,,,,,,,,,,
gaussian,,,0.0592637392271603,0.2595221947181935,0.9192342624751756,1.0,1.065635857595746,,0.3,False,,,,,0.62987,diagonal,gaussian,,,,,,,,
noise,0.12425,False,0.3816665165842933,8.131005577659934,1.374448322060785,1.0,11.247792363924097,,0.2,,,,normal,0.0,,,,,,,,,,,
gaussian,,,0.0563324257774537,0.2592205838667837,1.2731202009891631,1.0,1.064735904934842,,0.2,False,,,,,0.89182,diagonal,gaussian,,,,,,,,
noise,0.17621,False,0.3802978205118806,11.380471456193956,1.3937200739033273,1.0,15.955439051645673,,0.3,,,,student_t,10.0,,,,,,,,,,,
gaussian,,,0.0107071896361339,0.0392705966565402,1.049694294938562,1.0,1.0930075324246,,0.3,False,,,,,0.61414,diagonal,rank_gauss,,,,,,,,
noise,0.14744,True,0.0,0.0354314570429178,0.3186962948357717,1.0,1.0749547164209503,,0.2,,,,normal,0.0,,,,,,,,,,,
gaussian,,,0.1643254908713757,0.5430049180501575,0.9551792188225936,1.0,1.4175193015277745,,0.2,True,,,,,0.59981,identity,gaussian,,,,,,,,
noise,0.2425,True,0.0014195441563754,0.0543562310042617,0.3303051546870736,1.0,1.0943781897983804,,0.2,,,,student_t,5.0,,,,,,,,,,,
gaussian,,,0.0154430159329083,0.0388527110733119,1.3642406039254078,1.0,1.0912165826808136,,0.3,False,,,,,0.95212,diagonal,rank_gauss,,,,,,,,
noise,0.05362,False,0.3716755808294053,3.2702786954489858,1.3009978730891585,1.0,5.123941043848854,,0.2,,,,student_t,10.0,,,,,,,,,,,
gaussian,,,0.1859077524530134,0.6122113904341338,1.1644186929169087,1.0,1.4890710714623148,,0.2,True,,,,,0.79536,identity,gaussian,,,,,,,,
noise,0.04577,True,0.0,0.0283786122598745,0.3212482390806379,1.0,1.0640487769496336,,0.2,,,,normal,0.0,,,,,,,,,,,
gaussian,,,0.125070036718441,0.4480204027467119,0.6931951885116812,1.0,1.308264728510902,,0.2,True,,,,,0.35556,identity,gaussian,,,,,,,,
noise,0.00839,False,0.083731901910694,0.3481535999291261,0.5161289366717475,1.0,1.4039626449948694,,0.2,,,,normal,0.0,,,,,,,,,,,
gaussian,,,0.1732320759386162,0.5824424215878093,1.073934250894767,1.0,1.4595830124534763,,0.2,False,,,,,0.71083,identity,gaussian,,,,,,,,
noise,0.00885,False,0.0957032020190735,0.3756413218744312,0.5382732040591583,1.0,1.4339429705021305,,0.2,,,,normal,0.0,,,,,,,,,,,
gaussian,,,0.0544246796736095,0.2598752937688148,0.7087574795529039,1.0,1.0660741178935993,,0.2,False,,,,,0.44993,diagonal,gaussian,,,,,,,,
rbig,,,0.0017375130612189,0.0648453809668971,0.3967090794274835,1.0,0.998002988858361,,0.4,,5.0,100.0,,,,,,pca,,,,,,,
noise,0.03563,False,0.3553412633304091,2.139297038120164,1.1985891871513916,1.0,3.5453365437621978,,0.2,,,,normal,0.0,,,,,,,,,,,
gaussian,,,0.2076192325704642,0.6729553337821799,1.3430225009676002,1.0,1.540770957730964,,0.2,False,,,,,0.95968,identity,gaussian,,,,,,,,
noise,0.04424,True,0.0,0.0283063606968467,0.322326669445272,1.0,1.063752271613685,,0.2,,,,student_t,3.0,,,,,,,,,,,
gaussian,,,0.014036232365749,0.0387925553186649,1.3935379616494132,1.0,1.0910331785519287,,0.3,True,,,,,0.98507,identity,rank_gauss,,,,,,,,
noise,0.12002,False,0.3832664768712937,7.84452648007056,1.3731863626946386,1.0,10.876577481437874,,0.2,,,,normal,0.0,,,,,,,,,,,
gaussian,,,0.1697219114040426,0.5516824930354408,0.980899699047666,1.0,1.4269618810661364,,0.2,True,,,,,0.62383,identity,gaussian,,,,,,,,
noise,0.36516,True,0.0060564737717789,0.092412255470402,0.3677085470648864,1.0,1.1357604869850406,,0.2,,,,student_t,4.0,,,,,,,,,,,
rbig,,,0.0,0.0389739028497707,0.4824604660621345,1.0,0.9879465783003358,,0.9,,20.0,1000.0,,,,,,random,,,,,,,
noise,0.01126,True,0.0,0.0282782925043434,0.3229631811369094,1.0,1.063040060317518,,0.2,,,,student_t,4.0,,,,,,,,,,,
gaussian,,,0.0598354433241506,0.2592935472113647,1.1825332831576767,1.0,1.0646686743757003,,0.2,True,,,,,0.82152,diagonal,gaussian,,,,,,,,
noise,0.0753,False,0.3792161409199463,4.81670774581807,1.3436784991078723,1.0,6.962922738522678,,0.2,,,,normal,0.0,,,,,,,,,,,
gaussian,,,0.0095237438930513,0.0393723100582622,0.8250864220270445,1.0,1.0939669468744142,,0.3,False,,,,,0.39499,identity,rank_gauss,,,,,,,,
noise,0.09863,True,0.0,0.0302696069865445,0.3195475321235092,1.0,1.0683036489026014,,0.2,,,,normal,0.0,,,,,,,,,,,
gaussian,,,0.0574628523059209,0.2597572342987851,0.4084279109545767,1.0,1.0645710427674897,,0.2,True,,,,,0.03178,diagonal,gaussian,,,,,,,,
noise,0.05662,False,0.3760959122059345,3.5540032697902197,1.3075033656281267,1.0,5.340996661460954,,0.2,,,,normal,0.0,,,,,,,,,,,
gaussian,,,0.0079402180926293,0.0393511649845743,0.7491729295849946,1.0,1.093501802571022,,0.3,False,,,,,0.32488,identity,rank_gauss,,,,,,,,
noise,0.00668,True,0.0,0.0281735428030891,0.3228908085427829,1.0,1.062952614955378,,0.2,,,,student_t,10.0,,,,,,,,,,,
gaussian,,,0.0131201258928325,0.0389371954181931,1.3329218118773691,1.0,1.0914924184796924,,0.3,False,,,,,0.91721,diagonal,rank_gauss,,,,,,,,
noise,0.34667,True,0.0042424258673479,0.0928731335861191,0.344771539435431,1.0,1.1276613589391695,,0.2,,,,normal,0.0,,,,,,,,,,,
gaussian,,,0.0086448794884401,0.0393698299030405,0.7939423574558624,1.0,1.0937749981424507,,0.3,True,,,,,0.3659,diagonal,rank_gauss,,,,,,,,
noise,0.01379,True,0.0,0.0282999350337933,0.3230134899234723,1.0,1.0630979741560185,,0.2,,,,student_t,4.0,,,,,,,,,,,
gaussian,,,0.0057890650299072,0.039335361282548,0.5383515401078466,1.0,1.0944080039323574,,0.3,True,,,,,0.13355,diagonal,rank_gauss,,,,,,,,
noise,0.00838,False,0.0782607244029047,0.3339652839540337,0.5151819129485999,1.0,1.4052893863854072,,0.2,,,,student_t,8.0,,,,,,,,,,,
gaussian,,,0.0059214996031067,0.0393528169748789,0.5772187392933983,1.0,1.0940321424827717,,0.3,False,,,,,0.1702,identity,rank_gauss,,,,,,,,
noise,0.20682,True,0.0008439003062385,0.0473679336967454,0.3201090010073113,1.0,1.0864869219112714,,0.2,,,,normal,0.0,,,,,,,,,,,
gaussian,,,0.0073705854718941,0.039341134825904,0.9377311950704224,1.0,1.0935214272111526,,0.3,True,,,,,0.50335,identity,rank_gauss,,,,,,,,
noise,0.00649,False,0.0331617243626825,0.210538687827113,0.4350856753338377,1.0,1.286158483401168,,0.2,,,,student_t,4.0,,,,,,,,,,,
noise,0.0164,False,0.2438991737301664,0.855889416557385,0.8503640222981607,1.0,1.9789864392649783,,0.2,,,,normal,0.0,,,,,,,,,,,
gaussian,,,0.1380243230657483,0.4598583102376222,0.7235718154860379,1.0,1.3224413486593047,,0.2,False,,,,,0.38398,identity,gaussian,,,,,,,,
noise,0.1695,True,4.370085734772822e-05,0.0387014311614928,0.3194997834408897,1.0,1.0789459195407112,,0.2,,,,student_t,8.0,,,,,,,,,,,
gaussian,,,0.0675191416067878,0.2593158931611412,1.1391281443520096,1.0,1.0646308755221694,,0.2,False,,,,,0.78768,diagonal,gaussian,,,,,,,,
noise,0.02185,True,0.0,0.0281855989909094,0.3225362564010076,1.0,1.063048342248777,,0.2,,,,student_t,3.0,,,,,,,,,,,
noise,0.0847,False,0.3791167795557849,5.265543404515305,1.3762706322628435,1.0,7.853485772172081,,0.2,,,,student_t,8.0,,,,,,,,,,,
gaussian,,,0.0078213934250143,0.0393452117862699,0.6380609180577046,1.0,1.0934721622407726,,0.3,False,,,,,0.22505,identity,rank_gauss,,,,,,,,
noise,0.18789,True,0.0004095653331933,0.0435336179352636,0.3297083845092924,1.0,1.083822114811714,,0.2,,,,student_t,10.0,,,,,,,,,,,
gaussian,,,0.0520408717550279,0.2603547102397994,0.4842580014746375,1.0,1.0664863103845108,,0.2,False,,,,,0.21531,diagonal,gaussian,,,,,,,,
noise,0.02926,True,0.0,0.0281458488736509,0.3226688847058336,1.0,1.0632836437661293,,0.2,,,,student_t,5.0,,,,,,,,,,,
gaussian,,,0.1132860996660183,0.4007978080399573,0.5945997418433068,1.0,1.2499093532897698,,0.2,True,,,,,0.25167,identity,gaussian,,,,,,,,
noise,0.14837,False,0.380554239391609,9.765014292541764,1.3796733899443383,1.0,13.366300548245215,,0.2,,,,normal,0.0,,,,,,,,,,,
gaussian,,,0.1643309537187504,0.5690112943979704,1.0330621020725523,1.0,1.445538040799742,,0.2,True,,,,,0.67257,identity,gaussian,,,,,,,,
noise,0.00826,False,0.0832589292555543,0.3404523372220088,0.5098739357381996,1.0,1.3955879459849003,,0.2,,,,normal,0.0,,,,,,,,,,,
gaussian,,,0.0065002450535146,0.0393358342611171,0.5386480554710046,1.0,1.094405791817978,,0.3,False,,,,,0.13384,diagonal,rank_gauss,,,,,,,,
noise,0.26915,False,0.3814563431589825,17.95169763865118,1.3878182978586848,1.0,23.995480984682604,,0.3,,,,normal,0.0,,,,,,,,,,,
gaussian,,,0.1896095101035594,0.6635510298250746,1.315398600713503,1.0,1.5333389283744636,,0.3,True,,,,,0.93461,identity,gaussian,,,,,,,,
noise,0.01527,False,0.1814385494489487,0.7122202229416089,0.8134007896833815,1.0,1.8975563860663245,,0.2,,,,student_t,5.0,,,,,,,,,,,
gaussian,,,0.0125148778896704,0.03900687676345,1.2916176249242022,1.0,1.0916916156694154,,0.3,True,,,,,0.87128,diagonal,rank_gauss,,,,,,,,
noise,0.18136,True,0.0002886635167762,0.0416383730862214,0.3190558442117058,1.0,1.0810863245190938,,0.2,,,,normal,0.0,,,,,,,,,,,
noise,0.22876,False,0.3810127847618103,15.21353843253826,1.3864988364358373,1.0,20.43888178867444,,0.3,,,,normal,0.0,,,,,,,,,,,
gaussian,,,0.0102510838588689,0.0391930409035629,1.171637577542039,1.0,1.0927743407341963,,0.3,False,,,,,0.74107,identity,rank_gauss,,,,,,,,
noise,0.268,False,0.3808547658051464,17.285013045785355,1.4148061922126292,1.0,24.13648061652581,,0.3,,,,student_t,8.0,,,,,,,,,,,
gaussian,,,0.011829345703767,0.0391931835356406,1.171937041874514,1.0,1.092774417686503,,0.3,True,,,,,0.74139,identity,rank_gauss,,,,,,,,
noise,0.04454,False,0.3683748865937154,2.73894992666156,1.2599377406580592,1.0,4.302088816090794,,0.2,,,,normal,0.0,,,,,,,,,,,
gaussian,,,0.1675200781994137,0.5744733973856947,1.049628714483286,1.0,1.45128636374184,,0.2,True,,,,,0.68808,identity,gaussian,,,,,,,,
noise,0.29364,True,0.0028551786646694,0.0688489564465618,0.3395808472488784,1.0,1.1086500799185908,,0.2,,,,student_t,5.0,,,,,,,,,,,
gaussian,,,0.0541358242292104,0.2603921134949399,0.4549602695794033,1.0,1.0665386902315588,,0.2,False,,,,,0.17115,diagonal,gaussian,,,,,,,,
noise,0.03135,True,0.0,0.028200788729566,0.3234533964858074,1.0,1.0636888677352343,,0.2,,,,student_t,10.0,,,,,,,,,,,
gaussian,,,0.0073491467006722,0.0393790793764931,0.8578496389643555,1.0,1.0939852900793463,,0.3,True,,,,,0.42613,identity,rank_gauss,,,,,,,,
noise,0.04327,True,0.0,0.0283110300316697,0.3237145590894559,1.0,1.0642851597644758,,0.2,,,,student_t,10.0,,,,,,,,,,,
gaussian,,,0.0544764787392599,0.2604312203826314,0.4189071899119737,1.0,1.0666068558208677,,0.2,True,,,,,0.08997,diagonal,gaussian,,,,,,,,
noise,0.31115,False,0.3810421179491232,19.285417951874287,1.3896017151039082,1.0,28.17787125840885,,0.3,,,,student_t,5.0,,,,,,,,,,,
gaussian,,,0.0130033694988609,0.0391368142907052,1.21911785887573,1.0,1.0924855838187737,,0.3,True,,,,,0.79202,identity,rank_gauss,,,,,,,,
noise,0.23618,False,0.381684383004009,15.71652747722597,1.3867900967291766,1.0,21.0921597620737,,0.3,,,,normal,0.0,,,,,,,,,,,
gaussian,,,0.0864082809080606,0.3401282171160912,0.4787262776868482,1.0,1.173912221371785,,0.2,True,,,,,0.13204,identity,gaussian,,,,,,,,
noise,0.06599,False,0.3773241575724313,4.187129598498454,1.329258308124084,1.0,6.152928416434053,,0.2,,,,normal,0.0,,,,,,,,,,,
gaussian,,,0.0643048974800416,0.2600657330446934,0.6276793139720918,1.0,1.0662379942351918,,0.2,False,,,,,0.37444,diagonal,gaussian,,,,,,,,
noise,0.01334,True,0.0,0.0281869474060144,0.3223183140602662,1.0,1.0629719424304005,,0.2,,,,normal,0.0,,,,,,,,,,,
gaussian,,,0.1886914310012108,0.6255957253382415,1.2041054160279665,1.0,1.5013060931628124,,0.2,False,,,,,0.83227,identity,gaussian,,,,,,,,
noise,0.0062,False,0.0392310479751197,0.2234514285094465,0.4150030210610855,1.0,1.2702066209178444,,0.2,,,,normal,0.0,,,,,,,,,,,
gaussian,,,0.0553658744964025,0.2603998118463901,0.4322886114879405,1.0,1.0665773632641735,,0.3,True,,,,,0.12721,diagonal,gaussian,,,,,,,,
noise,0.03588,False,0.3511233536335252,2.0759375906040867,1.2159506579514563,1.0,3.5910542598734274,,0.3,,,,student_t,8.0,,,,,,,,,,,
gaussian,,,0.0119478708702505,0.0391873488909127,1.183941967709127,1.0,1.0927764316307376,,0.3,False,,,,,0.7541,identity,rank_gauss,,,,,,,,
noise,0.01937,True,0.0,0.0281860272933275,0.3225567264708487,1.0,1.0630035261793074,,0.2,,,,student_t,3.0,,,,,,,,,,,
gaussian,,,0.0137943354743341,0.0390857069953593,1.25309290809652,1.0,1.092137893008259,,0.3,True,,,,,0.82905,diagonal,rank_gauss,,,,,,,,
noise,0.00786,True,0.0001149092617754,0.0281748521849861,0.3226591158052375,1.0,1.0628757638692996,,0.2,,,,student_t,3.0,,,,,,,,,,,
gaussian,,,0.1477314845290398,0.5435028417685727,0.9566462243327716,1.0,1.4180631137401418,,0.2,False,,,,,0.60118,identity,gaussian,,,,,,,,
noise,0.28264,True,0.0011664667716216,0.0589814564971935,0.3334731156171644,1.0,1.1026286545880488,,0.2,,,,student_t,3.0,,,,,,,,,,,
gaussian,,,0.0057710229176495,0.0392884197670064,0.4365225959593566,1.0,1.0954126841230378,,0.3,True,,,,,0.03375,diagonal,rank_gauss,,,,,,,,
noise,0.01156,True,0.0,0.0281818506393638,0.3223744743483163,1.0,1.0629467309554692,,0.2,,,,normal,0.0,,,,,,,,,,,
gaussian,,,0.0110167858920695,0.0393165735877408,0.96099895266998,1.0,1.0932460207702444,,0.3,False,,,,,0.5259,identity,rank_gauss,,,,,,,,
noise,0.00508,True,0.0,0.0281848537407639,0.322576039579742,1.0,1.0628847659303098,,0.2,,,,normal,0.0,,,,,,,,,,,
noise,0.03312,False,0.303236105144512,1.5189456941563866,1.172454804503137,1.0,3.27835997513711,,0.2,,,,student_t,3.0,,,,,,,,,,,
noise,0.05041,True,0.0,0.0284473621189712,0.3210907983055137,1.0,1.0642984658143768,,0.2,,,,normal,0.0,,,,,,,,,,,
gaussian,,,0.005683889425485,0.0393516607305774,0.5539247617737523,1.0,1.0943250590744449,,0.3,False,,,,,0.14864,diagonal,rank_gauss,,,,,,,,
noise,0.07,True,0.0,0.0289067656101632,0.3204311258133315,1.0,1.0656158106870834,,0.2,,,,normal,0.0,,,,,,,,,,,
gaussian,,,0.010283804052325,0.0392391527344732,1.0847082976743518,1.0,1.0928040956335745,,0.3,True,,,,,0.65002,diagonal,rank_gauss,,,,,,,,
noise,0.02304,True,0.0,0.0282100045016053,0.322006689099223,1.0,1.0631713460611438,,0.2,,,,normal,0.0,,,,,,,,,,,
gaussian,,,0.0088219185382297,0.0393530308627638,0.6959097083101066,1.0,1.0935016833935605,,0.3,False,,,,,0.27629,diagonal,rank_gauss,,,,,,,,
noise,0.00902,True,0.0,0.0281698236414724,0.3229460079224591,1.0,1.0629935999144589,,0.2,,,,student_t,10.0,,,,,,,,,,,
gaussian,,,0.0657616947197271,0.2591818364220874,1.3706787453319842,1.0,1.064817103517646,,0.2,True,,,,,0.96712,diagonal,gaussian,,,,,,,,
noise,0.03832,False,0.3572093665503228,2.3202067020498367,1.2206494222649518,1.0,3.772662287577487,,0.2,,,,normal,0.0,,,,,,,,,,,
noise,0.05002,True,3.669970611852591e-06,0.0284407235388672,0.3211040387809435,1.0,1.0642765590445855,,0.2,,,,normal,0.0,,,,,,,,,,,
gaussian,,,0.0753533770291873,0.2591890524504765,1.3894222712501867,1.0,1.0648336643641425,,0.2,True,,,,,0.98153,diagonal,gaussian,,,,,,,,
noise,0.08669,False,0.3800363760888726,5.587563468497638,1.3556716475325463,1.0,7.956992844347373,,0.2,,,,normal,0.0,,,,,,,,,,,
noise,0.03575,False,0.3299091619537663,1.882982713218336,1.2021775971147626,1.0,3.572482860771716,,0.2,,,,student_t,4.0,,,,,,,,,,,
gaussian,,,0.0088717318601801,0.0393501831278342,0.7205411965417221,1.0,1.0935542946920864,,0.3,True,,,,,0.29879,diagonal,rank_gauss,,,,,,,,
noise,0.02582,True,0.0,0.0282195362228132,0.3219157765301665,1.0,1.0632478109828496,,0.2,,,,normal,0.0,,,,,,,,,,,
gaussian,,,0.1645718066372715,0.5533567345139385,0.985901112458908,1.0,1.4287755242199185,,0.3,False,,,,,0.6285,identity,gaussian,,,,,,,,
noise,0.03443,True,0.0,0.028162651793549,0.322649467311295,1.0,1.063455761082553,,0.2,,,,student_t,5.0,,,,,,,,,,,
gaussian,,,0.0569689272917365,0.2600588184058381,0.630430474155956,1.0,1.0662326445751806,,0.3,True,,,,,0.3771,diagonal,gaussian,,,,,,,,
noise,0.01553,False,0.2168531423834557,0.779665623935399,0.8231155092038781,1.0,1.9244245689712385,,0.3,,,,student_t,10.0,,,,,,,,,,,
gaussian,,,0.0060588361423615,0.0393601704882436,0.5661584576802917,1.0,1.0942104070285634,,0.3,True,,,,,0.16014,identity,rank_gauss,,,,,,,,
noise,0.03314,True,0.0,0.0285185357363793,0.3233786394038525,1.0,1.0637768395754392,,0.2,,,,student_t,4.0,,,,,,,,,,,
gaussian,,,0.0106695380272322,0.0393753759110047,0.767687880294221,1.0,1.0936163802924164,,0.3,True,,,,,0.3419,identity,rank_gauss,,,,,,,,
noise,0.00844,False,0.038590532259212,0.2646554122469763,0.5032522967916501,1.0,1.3823411408671538,,0.2,,,,student_t,3.0,,,,,,,,,,,
gaussian,,,0.0085990954216966,0.0393643283895401,0.8762303149690425,1.0,1.093872238944242,,0.3,True,,,,,0.44373,diagonal,rank_gauss,,,,,,,,
noise,0.0396,True,0.0,0.0283157830305769,0.3214568459231369,1.0,1.0637537945639148,,0.2,,,,normal,0.0,,,,,,,,,,,
gaussian,,,0.1975783381918361,0.658348055869166,1.300141131487686,1.0,1.5291464613191117,,0.2,True,,,,,0.9207,identity,gaussian,,,,,,,,
noise,0.33551,True,0.0027284199088567,0.0728661857196497,0.345290527977314,1.0,1.1182701197481704,,0.2,,,,student_t,3.0,,,,,,,,,,,
gaussian,,,0.1835060241404921,0.621534876503355,1.192247272453921,1.0,1.497695361273114,,0.2,True,,,,,0.82126,identity,gaussian,,,,,,,,
noise,0.00789,True,0.0,0.0281716461869458,0.3229194061652177,1.0,1.062973052699298,,0.2,,,,student_t,10.0,,,,,,,,,,,
gaussian,,,0.0638129487606663,0.259313791388843,1.112908038355272,1.0,1.0646118234662123,,0.3,False,,,,,0.76718,diagonal,gaussian,,,,,,,,
gaussian,,,0.0055333397776974,0.0393512531177916,0.7240151707130436,1.0,1.0935505606676523,,0.3,True,,,,,0.30192,diagonal,rank_gauss,,,,,,,,
rbig,,,8.886513177597255e-05,0.0454210496010108,0.3869687800646544,1.0,0.9968655138583766,,0.6,,10.0,400.0,,,,,,pca,,,,,,,
noise,0.18106,False,0.3817381184134724,11.980281828925436,1.3836370760345182,1.0,16.240801316144953,,0.3,,,,normal,0.0,,,,,,,,,,,
gaussian,,,0.0551136159540737,0.2597353682882887,0.408847556648678,1.0,1.064606616965507,,0.2,True,,,,,0.00453,diagonal,gaussian,,,,,,,,
noise,0.00625,True,0.0,0.0281837201551413,0.3225399871761703,1.0,1.0628924930260066,,0.2,,,,normal,0.0,,,,,,,,,,,
gaussian,,,0.0044777287245472,0.0392971893292768,0.4680958256649601,1.0,1.0950645470643066,,0.3,True,,,,,0.06592,diagonal,rank_gauss,,,,,,,,
noise,0.01577,True,0.0012214678362766,0.0281641049117523,0.3231028676372955,1.0,1.0631457162949285,,0.3,,,,student_t,10.0,,,,,,,,,,,
gaussian,,,0.1808598206989076,0.6069711687959415,1.148536898975951,1.0,1.4840556374548357,,0.2,False,,,,,0.78055,identity,gaussian,,,,,,,,
noise,0.02079,False,0.2563654131199045,0.999335416861608,0.97409061377965,1.0,2.324763727625636,,0.2,,,,student_t,4.0,,,,,,,,,,,
gaussian,,,0.0088124881293655,0.03919331266391,1.169596561974549,1.0,1.0927693485760617,,0.3,True,,,,,0.73888,identity,rank_gauss,,,,,,,,
noise,0.40384,True,0.0074718906098684,0.1066042687461828,0.3832052759847273,1.0,1.150604547557364,,0.2,,,,student_t,4.0,,,,,,,,,,,
gaussian,,,0.1964875372781338,0.6694330292959179,1.3326555167455418,1.0,1.5380059095060363,,0.3,True,,,,,0.95029,identity,gaussian,,,,,,,,
noise,0.0804,False,0.3779804581734034,4.7692880722834605,1.3493544422811437,1.0,7.51066004104285,,0.2,,,,student_t,5.0,,,,,,,,,,,
gaussian,,,0.1661060542806268,0.5606212886390353,1.007719259217814,1.0,1.4366052354157133,,0.2,True,,,,,0.64888,identity,gaussian,,,,,,,,
rbig,,,0.0003860064509212,0.0293962751897975,0.420234448417789,1.0,0.9879016459558878,,1.9,,50.0,300.0,,,,,,random,,,,,,,
noise,0.01725,True,0.0,0.0283309755508363,0.3230812286475419,1.0,1.0631887309026702,,0.2,,,,student_t,4.0,,,,,,,,,,,
gaussian,,,0.1882711057016651,0.6477258702648149,1.2689161787962513,1.0,1.5203700317109026,,0.2,True,,,,,0.8921,identity,gaussian,,,,,,,,
noise,0.00632,True,0.0,0.0281835642811724,0.3225378253685177,1.0,1.062893003688308,,0.2,,,,normal,0.0,,,,,,,,,,,
noise,0.01337,True,0.0009465653562527,0.0281486347937669,0.3227141789755517,1.0,1.0629404069340238,,0.3,,,,student_t,5.0,,,,,,,,,,,
gaussian,,,0.1986726508184022,0.6684875854301685,1.3298778415768526,1.0,1.537260047217342,,0.2,False,,,,,0.94777,identity,gaussian,,,,,,,,
noise,0.08826,True,8.745734355730672e-05,0.0296649346029547,0.3198491604886032,1.0,1.0672258139847748,,0.2,,,,normal,0.0,,,,,,,,,,,
gaussian,,,0.0117261613743183,0.0392844971024488,1.0175119928948346,1.0,1.0929908100353536,,0.3,False,,,,,0.58164,identity,rank_gauss,,,,,,,,
noise,0.10373,False,0.3787452490610196,5.310679322800627,1.3775703338793603,1.0,9.39663854178266,,0.2,,,,student_t,3.0,,,,,,,,,,,
gaussian,,,0.066742289366398,0.2599439062115892,0.6763266088239209,1.0,1.066142568815154,,0.2,False,,,,,0.42037,diagonal,gaussian,,,,,,,,
noise,0.00511,False,0.0222365376648887,0.16664202879151,0.3729384411582469,1.0,1.211101099805768,,0.2,,,,normal,0.0,,,,,,,,,,,
gaussian,,,0.0066583310446369,0.0392943868286779,0.475437032166616,1.0,1.094943946326491,,0.3,True,,,,,0.07288,diagonal,rank_gauss,,,,,,,,
noise,0.19454,True,0.0004527101388137,0.0445047087449461,0.3195040645336015,1.0,1.0837978860587518,,0.2,,,,normal,0.0,,,,,,,,,,,
gaussian,,,0.0648493877680421,0.2590488479094435,1.1894951429657423,1.0,1.065129086338923,,0.2,True,,,,,0.84616,diagonal,gaussian,,,,,,,,
noise,0.01414,True,0.0,0.0281329854172019,0.3223037422805146,1.0,1.0630009006316308,,0.2,,,,student_t,8.0,,,,,,,,,,,
gaussian,,,0.005305315004741,0.0392981227007801,0.4798688672251571,1.0,1.094870957040879,,0.3,False,,,,,0.07719,diagonal,rank_gauss,,,,,,,,
noise,0.21708,False,0.3814249326061136,14.42179179848254,1.3859780894563378,1.0,19.410652695257745,,0.3,,,,normal,0.0,,,,,,,,,,,
gaussian,,,0.1716275279918283,0.6004375156849806,1.1286432821345025,1.0,1.4776766286843592,,0.2,True,,,,,0.76198,identity,gaussian,,,,,,,,
noise,0.21762,False,0.3823650545141683,14.458395947138047,1.38600409231914,1.0,19.458187491953066,,0.3,,,,normal,0.0,,,,,,,,,,,
gaussian,,,0.1338451126540449,0.4799848738277774,0.7768070457945511,1.0,1.3461524828621,,0.2,True,,,,,0.43359,identity,gaussian,,,,,,,,
noise,0.01056,True,0.0,0.0281427406360927,0.3224133014373633,1.0,1.0629464841001997,,0.3,,,,student_t,8.0,,,,,,,,,,,
noise,0.02481,False,0.2494719206974602,1.0806093788905144,1.0504841825203988,1.0,2.594318775609413,,0.2,,,,student_t,3.0,,,,,,,,,,,
gaussian,,,0.0145322601830673,0.0392145950785664,1.1262801427174978,1.0,1.0927314237430532,,0.3,False,,,,,0.69335,diagonal,rank_gauss,,,,,,,,
noise,0.00794,True,0.0,0.028174985108476,0.3226583256822272,1.0,1.0628762006058374,,0.3,,,,student_t,3.0,,,,,,,,,,,
gaussian,,,0.0615000202839532,0.2599277095129466,0.6837483818463318,1.0,1.0661275457298576,,0.3,True,,,,,0.4272,diagonal,gaussian,,,,,,,,
noise,0.00876,False,0.0879780661598497,0.3702377275766675,0.5339433832302793,1.0,1.428035991564006,,0.3,,,,normal,0.0,,,,,,,,,,,
gaussian,,,0.0577863257181139,0.260166045513415,0.5803212477049606,1.0,1.0663253477331185,,0.2,False,,,,,0.32712,diagonal,gaussian,,,,,,,,
rbig,,,0.0,0.0362998321183259,0.4520221921363638,1.0,0.9816225383469656,,1.9,,50.0,200.0,,,,,,pca,,,,,,,
noise,0.01036,False,0.1227672660694584,0.4493473426235413,0.6104352532832461,1.0,1.5386258722181465,,0.2,,,,student_t,8.0,,,,,,,,,,,
gaussian,,,0.0070001170985619,0.0393377079302133,0.6167752123920971,1.0,1.0935857346037117,,0.3,False,,,,,0.20604,diagonal,rank_gauss,,,,,,,,
noise,0.02363,True,9.957579759900526e-05,0.0281095514807851,0.3220092394609051,1.0,1.063214017988433,,0.3,,,,student_t,8.0,,,,,,,,,,,
gaussian,,,0.0109119877300721,0.0389564191671233,1.3223037122162884,1.0,1.091550170156109,,0.3,True,,,,,0.90544,diagonal,rank_gauss,,,,,,,,
noise,0.14702,False,0.3824574331228174,8.957090775370592,1.380070642743382,1.0,13.4599977427582,,0.2,,,,student_t,5.0,,,,,,,,,,,
gaussian,,,0.0573799114636448,0.2595861360279193,0.8859565456825481,1.0,1.0657105635502828,,0.2,True,,,,,0.60237,diagonal,gaussian,,,,,,,,
noise,0.04181,False,0.3515938906258703,2.350544612273039,1.24548421197584,1.0,4.1106612141558525,,0.2,,,,student_t,5.0,,,,,,,,,,,
gaussian,,,0.0058023911804466,0.0392965159318725,0.4778657218347301,1.0,1.0949070478472598,,0.3,True,,,,,0.07525,identity,rank_gauss,,,,,,,,
noise,0.36489,False,0.3837684949800597,24.44295890916104,1.389297635207267,1.0,32.429220507745654,,0.3,,,,normal,0.0,,,,,,,,,,,
gaussian,,,0.1398771486242571,0.4805870352418074,0.7784290260805511,1.0,1.346854751156075,,0.2,True,,,,,0.4351,identity,gaussian,,,,,,,,
noise,0.02944,False,0.3349350693726783,1.723694850578444,1.131005935421214,1.0,3.027496270252973,,0.3,,,,normal,0.0,,,,,,,,,,,
gaussian,,,0.2064502510765849,0.6847168671619974,1.3777228953975549,1.0,1.5498117715242716,,0.2,True,,,,,0.99092,identity,gaussian,,,,,,,,
noise,0.1221,True,0.0,0.0322104858160541,0.3189928357094698,1.0,1.071178209018129,,0.2,,,,normal,0.0,,,,,,,,,,,
gaussian,,,0.0581173093788971,0.2597818611269774,0.7572141428383958,1.0,1.06596932904582,,0.2,False,,,,,0.49289,diagonal,gaussian,,,,,,,,
noise,0.02909,True,0.0,0.0281455034701586,0.322669490511321,1.0,1.0632784879328527,,0.3,,,,student_t,5.0,,,,,,,,,,,
noise,0.05138,True,0.0,0.0288504579913857,0.3237028507056918,1.0,1.064798266582225,,0.2,,,,student_t,4.0,,,,,,,,,,,
gaussian,,,0.2005999126710761,0.6652687142072227,1.3204331081547669,1.0,1.5347085856604523,,0.2,False,,,,,0.93919,identity,gaussian,,,,,,,,
noise,0.06717,True,0.0,0.0288168509610801,0.3205251010457766,1.0,1.0653992431512442,,0.2,,,,normal,0.0,,,,,,,,,,,
gaussian,,,0.1769668177180834,0.6177449547100647,1.181030264486172,1.0,1.494244288340295,,0.2,False,,,,,0.81083,identity,gaussian,,,,,,,,
noise,0.31904,True,0.0045823141927725,0.0799998303796945,0.339200232733196,1.0,1.1179871893723348,,0.3,,,,student_t,8.0,,,,,,,,,,,
noise,0.00886,False,0.0828470389301486,0.3685741780411996,0.5446452919586563,1.0,1.441392537867234,,0.3,,,,student_t,10.0,,,,,,,,,,,
gaussian,,,0.1771939479612014,0.6122256386931266,1.1644616005335502,1.0,1.489084530719845,,0.3,True,,,,,0.7954,identity,gaussian,,,,,,,,
noise,0.01237,False,0.1109086327329352,0.4473087043965039,0.6794439575091515,1.0,1.6418189630429496,,0.3,,,,student_t,3.0,,,,,,,,,,,
gaussian,,,0.1718190813453105,0.5867675600700295,1.0870847933733412,1.0,1.4640045101907078,,0.3,True,,,,,0.72313,identity,gaussian,,,,,,,,
noise,0.24205,False,0.382045904460881,16.114456745539464,1.3870034622623997,1.0,21.609009176342,,0.3,,,,normal,0.0,,,,,,,,,,,
noise,0.06374,True,0.0,0.028722878733749,0.3206398457356889,1.0,1.0651486385104358,,0.2,,,,normal,0.0,,,,,,,,,,,
gaussian,,,0.0140909342236704,0.0389592041740118,1.319694184759113,1.0,1.0915538176521866,,0.3,False,,,,,0.90252,identity,rank_gauss,,,,,,,,
noise,0.00788,False,0.0758284873999202,0.3181211977584617,0.4916504416363094,1.0,1.3713816867364914,,0.2,,,,normal,0.0,,,,,,,,,,,
gaussian,,,0.005494931058545,0.0392939698474388,0.4414985401032706,1.0,1.0953908313066674,,0.3,True,,,,,0.03901,diagonal,rank_gauss,,,,,,,,
noise,0.47593,True,0.0167606413293052,0.1511387982059794,0.4012908156594376,1.0,1.1807324709793376,,0.2,,,,normal,0.0,,,,,,,,,,,
gaussian,,,0.0121789799256873,0.0392461282973508,1.0693050691635928,1.0,1.0928381037800745,,0.3,True,,,,,0.6342,identity,rank_gauss,,,,,,,,
gaussian,,,0.0071562679245517,0.0392943616314648,0.4752448432121327,1.0,1.094946381156972,,0.3,False,,,,,0.07269,identity,rank_gauss,,,,,,,,
noise,0.14209,False,0.3812172312178716,9.339518578527398,1.3785646361226327,1.0,12.81446291447923,,0.3,,,,normal,0.0,,,,,,,,,,,
noise,0.03571,False,0.3517646744665263,2.1446751758740907,1.1993001374912342,1.0,3.5520796255537683,,0.2,,,,normal,0.0,,,,,,,,,,,
noise,0.23646,False,0.3823041085089473,15.735508450971182,1.3868005919739037,1.0,21.11681291016515,,0.3,,,,normal,0.0,,,,,,,,,,,
gaussian,,,0.0086301483215482,0.0393772908463054,0.7654429730786279,1.0,1.093612329936717,,0.3,False,,,,,0.33989,diagonal,rank_gauss,,,,,,,,
noise,0.03108,False,0.3362846734975857,1.833707999654112,1.151600154707357,1.0,3.163860712738908,,0.2,,,,normal,0.0,,,,,,,,,,,
gaussian,,,0.0058124553358168,0.0393554050339674,0.5601041861679256,1.0,1.0942834832779011,,0.3,True,,,,,0.15449,diagonal,rank_gauss,,,,,,,,
noise,0.09805,True,0.0,0.0302313942902101,0.3195636647440317,1.0,1.0682402460779366,,0.3,,,,normal,0.0,,,,,,,,,,,
gaussian,,,0.1089705630946725,0.4022290130752206,0.5978105267169379,1.0,1.2516817978147343,,0.3,False,,,,,0.25474,identity,gaussian,,,,,,,,
noise,0.45633,False,0.3831598962227399,30.64303705633872,1.389871100101793,1.0,40.48634639249637,,0.3,,,,normal,0.0,,,,,,,,,,,
noise,0.14116,False,0.3802162286415917,8.588514632440072,1.3789856603411157,1.0,12.935434727013876,,0.2,,,,student_t,5.0,,,,,,,,,,,
gaussian,,,0.0045721464587006,0.0393398370693613,0.6246565662704618,1.0,1.0935454385975627,,0.3,True,,,,,0.21305,diagonal,rank_gauss,,,,,,,,
noise,0.02808,True,0.0,0.0281798913375988,0.3224820649823545,1.0,1.063190104724001,,0.2,,,,student_t,3.0,,,,,,,,,,,
gaussian,,,0.0652268718667998,0.2601783428353439,0.5745738403551951,1.0,1.0663345427638131,,0.2,False,,,,,0.32114,diagonal,gaussian,,,,,,,,
noise,0.02629,False,0.3223542550574598,1.5127038022089117,1.0845132660358092,1.0,2.767656475199366,,0.2,,,,normal,0.0,,,,,,,,,,,
gaussian,,,0.1476345246355537,0.5106152264025767,0.8616914869372732,1.0,1.381487852452395,,0.2,True,,,,,0.51261,identity,gaussian,,,,,,,,
noise,0.11495,True,0.0,0.0315298523674378,0.3191388517524371,1.0,1.070238747744197,,0.2,,,,normal,0.0,,,,,,,,,,,
gaussian,,,0.0593020534898351,0.2593146882119322,1.1147620526373896,1.0,1.064613288616049,,0.2,False,,,,,0.76863,diagonal,gaussian,,,,,,,,
noise,0.10188,True,0.0,0.0300456562767151,0.3218327950991852,1.0,1.0680071094179344,,0.3,,,,student_t,3.0,,,,,,,,,,,
gaussian,,,0.0053313528131784,0.0393513114930631,0.7077449067263895,1.0,1.09352782570302,,0.3,False,,,,,0.28689,identity,rank_gauss,,,,,,,,
noise,0.02537,False,0.250042164059818,1.1099597869327194,1.0609855352415347,1.0,2.6396421669776644,,0.2,,,,student_t,3.0,,,,,,,,,,,
gaussian,,,0.1452691275839401,0.5003906950207861,0.8328574011429738,1.0,1.3697895705092915,,0.2,True,,,,,0.48575,identity,gaussian,,,,,,,,
noise,0.0092,False,0.0695234119948546,0.3460292458681605,0.5594897742682348,1.0,1.4545862646001193,,0.2,,,,student_t,4.0,,,,,,,,,,,
gaussian,,,0.0145554582286913,0.0389385544548344,1.3323763789829732,1.0,1.0914955610923922,,0.3,True,,,,,0.9166,identity,rank_gauss,,,,,,,,
noise,0.32033,False,0.3814331377903738,21.42166540353238,1.388793080230864,1.0,28.50352996233637,,0.3,,,,normal,0.0,,,,,,,,,,,
gaussian,,,0.0094576705683445,0.0392956366219601,0.4450973081340715,1.0,1.0953641617819143,,0.3,True,,,,,0.04273,identity,rank_gauss,,,,,,,,
noise,0.21746,False,0.3817682409587923,14.112407594408808,1.3972906031676418,1.0,19.619532162607783,,0.3,,,,student_t,10.0,,,,,,,,,,,
gaussian,,,0.1915751232239751,0.6557545736741484,1.2925141869735144,1.0,1.5270272942008478,,0.2,False,,,,,0.91373,identity,gaussian,,,,,,,,
noise,0.04025,False,0.3332467691014242,1.8985754802806716,1.236339519697896,1.0,3.879163076769302,,0.3,,,,student_t,3.0,,,,,,,,,,,
gaussian,,,0.1056467598222948,0.4279894629482421,0.6586446352175285,1.0,1.2834198929006824,,0.2,True,,,,,0.31193,identity,gaussian,,,,,,,,
noise,0.42532,False,0.3814002512068991,27.607135453460323,1.4173999435517557,1.0,38.14452711563332,,0.3,,,,student_t,8.0,,,,,,,,,,,
gaussian,,,0.0128703088157771,0.0391264250160983,1.227908936660635,1.0,1.0924347510554544,,0.3,True,,,,,0.80159,identity,rank_gauss,,,,,,,,
noise,0.03189,True,0.0,0.0282034252558964,0.3224471455623744,1.0,1.0632973651881543,,0.2,,,,student_t,3.0,,,,,,,,,,,
gaussian,,,0.0649769853347834,0.2593157912311442,1.1286729043393389,1.0,1.0646236811910308,,0.2,False,,,,,0.77951,diagonal,gaussian,,,,,,,,
noise,0.26776,False,0.3815219360974003,17.857457278311816,1.387782127860441,1.0,23.873062956364432,,0.3,,,,normal,0.0,,,,,,,,,,,
gaussian,,,0.0053779096400334,0.0392837482026508,0.4345997779357478,1.0,1.0954097188087015,,0.3,False,,,,,0.03167,identity,rank_gauss,,,,,,,,
noise,0.14247,False,0.381767081878627,8.282667253768333,1.3883567300093869,1.0,13.000750196500125,,0.2,,,,student_t,4.0,,,,,,,,,,,
gaussian,,,0.0531849974766679,0.2602838256937357,0.5243551831434204,1.0,1.066411979983348,,0.2,False,,,,,0.26583,diagonal,gaussian,,,,,,,,
gaussian,,,0.0084032113104197,0.0393770912232344,0.8396701861034052,1.0,1.0940229116903073,,0.3,False,,,,,0.40883,identity,rank_gauss,,,,,,,,
noise,0.00554,False,0.0272241103491243,0.1884888080325573,0.3884600166257539,1.0,1.2336790177443642,,0.2,,,,normal,0.0,,,,,,,,,,,
gaussian,,,0.1955040293956234,0.6430656818516414,1.2552113419767237,1.0,1.5164336141941397,,0.2,True,,,,,0.8795,identity,gaussian,,,,,,,,
noise,0.02432,False,0.2864987237910925,1.2627787140257491,1.052087130611459,1.0,2.622162252570752,,0.2,,,,student_t,5.0,,,,,,,,,,,
gaussian,,,0.0051662684717143,0.0392959383605272,0.4696477869924229,1.0,1.0950334865393108,,0.3,True,,,,,0.06738,diagonal,rank_gauss,,,,,,,,
gaussian,,,0.0096724439407812,0.0393492749478411,0.9131826129194196,1.0,1.0936635313401886,,0.3,True,,,,,0.47969,identity,rank_gauss,,,,,,,,
noise,0.06881,True,0.0,0.0288662839820671,0.3204705559662563,1.0,1.0655236659414478,,0.2,,,,normal,0.0,,,,,,,,,,,
gaussian,,,0.0077072018757667,0.0392596487761989,1.0580183968474874,1.0,1.0929327375575113,,0.3,False,,,,,0.62276,diagonal,rank_gauss,,,,,,,,
noise,0.02981,False,0.3388336884592473,1.7485044409296375,1.135844943537304,1.0,3.058201452797068,,0.2,,,,normal,0.0,,,,,,,,,,,
gaussian,,,0.0075410199986348,0.0393481482912091,0.6882466711114962,1.0,1.0934418810320987,,0.3,False,,,,,0.26938,diagonal,rank_gauss,,,,,,,,
noise,0.06797,True,0.0,0.0288401619551615,0.3204984653715966,1.0,1.0654595655216472,,0.2,,,,normal,0.0,,,,,,,,,,,
gaussian,,,0.0086575245347089,0.0393393567865809,0.6798499400355814,1.0,1.093351143713888,,0.3,True,,,,,0.26167,diagonal,rank_gauss,,,,,,,,
noise,0.09711,False,0.3811483003938078,5.818816220539823,1.3631561471311238,1.0,8.998607682605344,,0.3,,,,student_t,5.0,,,,,,,,,,,
gaussian,,,0.0593015322464847,0.2603809604993254,0.4655384473774704,1.0,1.0665208404258286,,0.2,True,,,,,0.18816,diagonal,gaussian,,,,,,,,
noise,0.02544,False,0.3156523645915295,1.4558275207401905,1.0701274343941076,1.0,2.698070577817015,,0.2,,,,normal,0.0,,,,,,,,,,,
gaussian,,,0.0095869609712075,0.0393505556578851,0.600193676953548,1.0,1.093766942852609,,0.3,True,,,,,0.19085,identity,rank_gauss,,,,,,,,
noise,0.24396,True,0.0014658420686569,0.0571563641939825,0.3232282599916821,1.0,1.0955627633327971,,0.2,,,,normal,0.0,,,,,,,,,,,
noise,0.1942,True,0.000192188570928,0.0444281158860974,0.3194899826596235,1.0,1.0837256513394575,,0.2,,,,normal,0.0,,,,,,,,,,,
gaussian,,,0.1570344149296499,0.5302222126378274,0.9178979382146288,1.0,1.4034827073896214,,0.2,False,,,,,0.56501,identity,gaussian,,,,,,,,
noise,0.08153,True,0.0,0.0289192295996032,0.3202210233698072,1.0,1.0666753070430923,,0.3,,,,student_t,8.0,,,,,,,,,,,
noise,0.12898,False,0.3820827196452044,7.471893463398672,1.3850924702224208,1.0,11.798112111563409,,0.2,,,,student_t,4.0,,,,,,,,,,,
gaussian,,,0.0167665101007745,0.0390437390990257,1.2720490122110857,1.0,1.0918870619361485,,0.3,False,,,,,0.84969,identity,rank_gauss,,,,,,,,
noise,0.04205,False,0.3331202639497861,1.9946474041662736,1.2486660665597311,1.0,4.032177001521504,,0.3,,,,student_t,3.0,,,,,,,,,,,
gaussian,,,0.0149585607210394,0.0388009383938264,1.3890366996660135,1.0,1.0910516931141985,,0.3,True,,,,,0.98,identity,rank_gauss,,,,,,,,
noise,0.1003,False,0.3789182765030319,6.5090516069823,1.36497199383408,1.0,9.147755186758069,,0.2,,,,normal,0.0,,,,,,,,,,,
gaussian,,,0.0157160650473436,0.0390545414946594,1.2670367149601909,1.0,1.0919390391287582,,0.3,True,,,,,0.84425,diagonal,rank_gauss,,,,,,,,
noise,0.28069,True,0.0020820601709174,0.0649260941369372,0.3367984690371263,1.0,1.104805310548572,,0.2,,,,student_t,5.0,,,,,,,,,,,
gaussian,,,0.062198090519264,0.2591919233642739,1.3347409504253671,1.0,1.0647823271505097,,0.2,False,,,,,0.93945,diagonal,gaussian,,,,,,,,
noise,0.20614,False,0.3805961872928431,13.680220729170651,1.3854053708954222,1.0,18.447709303942357,,0.3,,,,normal,0.0,,,,,,,,,,,
gaussian,,,0.0075488049823102,0.0393790620163904,0.8626377295222178,1.0,1.0939741435345876,,0.3,False,,,,,0.43063,identity,rank_gauss,,,,,,,,
gaussian,,,0.0075226750680507,0.0393519435257603,0.7417216668489177,1.0,1.0935240498040812,,0.3,False,,,,,0.31803,diagonal,rank_gauss,,,,,,,,
noise,0.21894,True,0.000975572647994,0.0503655269463093,0.320901566351723,1.0,1.0892941894902872,,0.2,,,,normal,0.0,,,,,,,,,,,
gaussian,,,0.1967501440334478,0.6422675795284641,1.252865650607226,1.0,1.5157546620400653,,0.2,False,,,,,0.87734,identity,gaussian,,,,,,,,
rbig,,,0.0022371456209343,0.0767772347415391,0.6148357832329834,1.0,1.0436146480361066,,0.4,,5.0,300.0,,,,,,random,,,,,,,
noise,0.43616,True,0.0102203138036132,0.1274665315312157,0.3842284058945962,1.0,1.1623586787037783,,0.2,,,,student_t,8.0,,,,,,,,,,,
gaussian,,,0.0060866425884139,0.0393530819464028,0.6959311727353846,1.0,1.0935018314310938,,0.3,True,,,,,0.27631,diagonal,rank_gauss,,,,,,,,
noise,0.01143,True,0.0,0.0281816374070605,0.3223785628314492,1.0,1.0629450279741175,,0.2,,,,normal,0.0,,,,,,,,,,,
gaussian,,,0.0082215648513019,0.0393685455071784,0.7796249517132291,1.0,1.093637770608732,,0.3,True,,,,,0.35273,diagonal,rank_gauss,,,,,,,,
noise,0.44803,True,0.0102765902162097,0.1355274578919533,0.4043292967667709,1.0,1.1701320849982708,,0.2,,,,student_t,10.0,,,,,,,,,,,
gaussian,,,0.0127932980886338,0.0392352184874687,1.0791606518911596,1.0,1.0928046406046703,,0.3,False,,,,,0.64433,diagonal,rank_gauss,,,,,,,,
noise,0.00709,False,0.0591477295300125,0.2727119116630458,0.4544913716569775,1.0,1.3225109460878606,,0.2,,,,normal,0.0,,,,,,,,,,,
gaussian,,,0.0110434097835301,0.0393541669556531,0.9271918269547932,1.0,1.093617914072349,,0.3,True,,,,,0.49316,diagonal,rank_gauss,,,,,,,,
noise,0.03353,False,0.3365135366738506,1.833886733940573,1.18043833635084,1.0,3.3974791602794183,,0.2,,,,student_t,5.0,,,,,,,,,,,
gaussian,,,0.1959478411069665,0.6721863522233436,1.3407568736823343,1.0,1.540169258283483,,0.2,True,,,,,0.95763,identity,gaussian,,,,,,,,
noise,0.28574,True,0.0029811487722352,0.0702094522832093,0.3294998958442928,1.0,1.1074214714793338,,0.2,,,,normal,0.0,,,,,,,,,,,
gaussian,,,0.0129255785916605,0.0390395712701197,1.2760745687200892,1.0,1.091851273198467,,0.3,False,,,,,0.85412,diagonal,rank_gauss,,,,,,,,
noise,0.01093,False,0.1070129150797111,0.4385842261675593,0.638489250712767,1.0,1.572728361090833,,0.2,,,,student_t,4.0,,,,,,,,,,,
gaussian,,,0.012523362713533,0.0392353261873777,1.0780782428221456,1.0,1.0928041901734624,,0.3,True,,,,,0.64322,identity,rank_gauss,,,,,,,,
noise,0.17406,True,0.0001586570360366,0.039966640052774,0.3279460325452559,1.0,1.0810666285649382,,0.3,,,,student_t,4.0,,,,,,,,,,,
gaussian,,,0.0656514538574417,0.2593160668007637,1.1347247327959682,1.0,1.0646276846044758,,0.2,True,,,,,0.78424,diagonal,gaussian,,,,,,,,
noise,0.06898,False,0.3748453796601679,4.052507172364928,1.334067208597642,1.0,6.49730169606074,,0.2,,,,student_t,5.0,,,,,,,,,,,
gaussian,,,0.1921485107178611,0.6176044906203427,1.180611072315572,1.0,1.494114660716115,,0.2,True,,,,,0.81044,identity,gaussian,,,,,,,,
noise,0.26803,True,0.001726347305784,0.0644026144784434,0.326451437634231,1.0,1.1021861270170812,,0.2,,,,normal,0.0,,,,,,,,,,,
noise,0.33325,True,0.0028134577313889,0.0818236656155446,0.3500259075515562,1.0,1.1213266065676812,,0.3,,,,student_t,5.0,,,,,,,,,,,
gaussian,,,0.0130912060969788,0.0391267158030346,1.2329112332617176,1.0,1.0924142286860985,,0.3,False,,,,,0.80703,identity,rank_gauss,,,,,,,,
noise,0.01292,True,0.0,0.0281494316659249,0.3227150837938233,1.0,1.062934770228967,,0.2,,,,student_t,5.0,,,,,,,,,,,
gaussian,,,0.0084852374894623,0.0393196311630619,0.5084267679489878,1.0,1.0946164203019726,,0.3,True,,,,,0.10452,identity,rank_gauss,,,,,,,,
noise,0.13391,True,0.0005257420253799,0.0335293535495457,0.3188071022951659,1.0,1.072851757543765,,0.3,,,,normal,0.0,,,,,,,,,,,
gaussian,,,0.0132041097462832,0.0387899568701181,1.3950362819193132,1.0,1.0910323235414978,,0.3,False,,,,,0.98677,identity,rank_gauss,,,,,,,,
noise,0.05794,False,0.3722281495396801,3.5145104839794925,1.3310931202291607,1.0,5.50059644150687,,0.2,,,,student_t,8.0,,,,,,,,,,,
gaussian,,,0.0617331697636523,0.259418546207578,0.9662423507175332,1.0,1.0655405133292877,,0.2,True,,,,,0.6683,diagonal,gaussian,,,,,,,,
noise,0.0687,False,0.3767154805905163,4.370345203361452,1.3340024690535006,1.0,6.388407155312466,,0.2,,,,normal,0.0,,,,,,,,,,,
gaussian,,,0.1764089034633789,0.6294163378489775,1.2152290465545423,1.0,1.5046587019784083,,0.2,False,,,,,0.84258,identity,gaussian,,,,,,,,
noise,0.15295,True,8.630341747006831e-05,0.0363065164658722,0.3186879115189791,1.0,1.0758674831092574,,0.2,,,,normal,0.0,,,,,,,,,,,
gaussian,,,0.0139712413017742,0.0388007591719954,1.3891276419687717,1.0,1.0910509390487075,,0.3,True,,,,,0.9801,identity,rank_gauss,,,,,,,,
noise,0.01712,False,0.2162119707854047,0.8230929435599886,0.8753124421790296,1.0,2.040971485731112,,0.2,,,,student_t,5.0,,,,,,,,,,,
gaussian,,,0.063265761792584,0.2603889299888152,0.4587929091937629,1.0,1.0665326292459525,,0.2,True,,,,,0.17749,diagonal,gaussian,,,,,,,,
noise,0.01478,True,0.0,0.0281316215587779,0.3222840610434931,1.0,1.0630121285387018,,0.2,,,,student_t,8.0,,,,,,,,,,,
gaussian,,,0.0705279742765235,0.2593107924746404,1.1602329403743288,1.0,1.0646473998262225,,0.2,False,,,,,0.80415,diagonal,gaussian,,,,,,,,
noise,0.01469,False,0.202969512383141,0.7442965629113407,0.7910982438378716,1.0,1.8491965452744856,,0.2,,,,normal,0.0,,,,,,,,,,,
gaussian,,,0.0104872566639683,0.0393773553779532,0.8666419460468,1.0,1.0939552630708078,,0.3,False,,,,,0.43451,identity,rank_gauss,,,,,,,,
noise,0.03254,False,0.3511461180225566,1.9317073572921568,1.1682055028116278,1.0,3.2858066825146564,,0.2,,,,normal,0.0,,,,,,,,,,,
gaussian,,,0.1543488136532151,0.5314803831182744,0.9215324446254708,1.0,1.4048697400972618,,0.2,False,,,,,0.5684,identity,gaussian,,,,,,,,
noise,0.00998,True,0.0,0.0281680464238082,0.3229685287147693,1.0,1.0630121642819916,,0.2,,,,student_t,10.0,,,,,,,,,,,
gaussian,,,0.1599794686070567,0.5177852439047175,0.8821212044755995,1.0,1.3896021038971615,,0.2,False,,,,,0.53165,identity,gaussian,,,,,,,,
noise,0.00922,False,0.1081419242463093,0.3979810028842516,0.5560486294161052,1.0,1.4584373553933134,,0.2,,,,normal,0.0,,,,,,,,,,,
noise,0.03627,True,0.0,0.0282859016108202,0.3215688052037271,1.0,1.0636121692601057,,0.2,,,,normal,0.0,,,,,,,,,,,
gaussian,,,0.1487730647616798,0.5184716379826587,0.8840843173341915,1.0,1.3903746362870442,,0.2,False,,,,,0.53348,identity,gaussian,,,,,,,,
noise,0.17513,True,0.0,0.0403599528507076,0.3189097122439585,1.0,1.079868506145628,,0.2,,,,normal,0.0,,,,,,,,,,,
gaussian,,,0.2001024287345669,0.6578561654845478,1.298695708978648,1.0,1.5287460592816553,,0.2,False,,,,,0.91938,identity,gaussian,,,,,,,,
noise,0.0076,False,0.0339010590783096,0.2281587389848781,0.4657779441637165,1.0,1.332065277927128,,0.2,,,,student_t,3.0,,,,,,,,,,,
gaussian,,,0.0753923321125905,0.259218956128657,1.276558464361351,1.0,1.0647380506424455,,0.2,True,,,,,0.89448,diagonal,gaussian,,,,,,,,
noise,0.39358,True,0.0091283323252321,0.1126963772461858,0.3617209621711726,1.0,1.145441816158974,,0.2,,,,normal,0.0,,,,,,,,,,,
noise,0.07927,False,0.3729737875838608,3.993315375898675,1.3577388637307133,1.0,7.253900408776849,,0.2,,,,student_t,3.0,,,,,,,,,,,
noise,0.12733,True,0.0006272872732829,0.0327618721115369,0.3189014248037183,1.0,1.0719006431647835,,0.2,,,,normal,0.0,,,,,,,,,,,
gaussian,,,0.0139160844529923,0.0387896486350452,1.3959099311155574,1.0,1.0910351221798775,,0.3,True,,,,,0.98775,identity,rank_gauss,,,,,,,,
noise,0.03133,False,0.3444700576086839,1.850485374341721,1.154555740355243,1.0,3.1847076657400857,,0.2,,,,normal,0.0,,,,,,,,,,,
gaussian,,,0.005548303671877,0.0392946070755412,0.4756245427846673,1.0,1.0949417962636354,,0.3,True,,,,,0.07307,diagonal,rank_gauss,,,,,,,,
noise,0.00617,False,0.0257359184217069,0.195695486329117,0.4217173404347715,1.0,1.2680569102201027,,0.2,,,,student_t,4.0,,,,,,,,,,,
gaussian,,,0.0567242670825298,0.2593160898284876,1.1340720351563984,1.0,1.0646272351444204,,0.3,True,,,,,0.78373,diagonal,gaussian,,,,,,,,
noise,0.02376,True,0.0,0.0282116334832739,0.3219832069111297,1.0,1.0631903243441965,,0.2,,,,normal,0.0,,,,,,,,,,,
noise,0.08652,False,0.3794270552224277,5.5760540260227085,1.355526491533006,1.0,7.942136867140957,,0.2,,,,normal,0.0,,,,,,,,,,,
noise,0.01768,False,0.250721226475977,0.902286662973349,0.8967024866168204,1.0,2.0856871958304506,,0.2,,,,student_t,8.0,,,,,,,,,,,
gaussian,,,0.0156778684607251,0.0391060226229785,1.2460256770069251,1.0,1.0922605235256264,,0.3,False,,,,,0.82132,identity,rank_gauss,,,,,,,,
noise,0.026,False,0.2892305264121098,1.305204997147359,1.0803095876736957,1.0,2.750677572720196,,0.2,,,,student_t,4.0,,,,,,,,,,,
gaussian,,,0.1298464953219782,0.4431003000198891,0.6807915148441046,1.0,1.3023201813642276,,0.3,True,,,,,0.34391,identity,gaussian,,,,,,,,
noise,0.09207,False,0.3782394908018113,5.254329754205521,1.367946408263948,1.0,8.514257312604041,,0.2,,,,student_t,4.0,,,,,,,,,,,
gaussian,,,0.0074993644508202,0.0393429417519168,0.6624119316198129,1.0,1.093349525878685,,0.3,False,,,,,0.24631,identity,rank_gauss,,,,,,,,
noise,0.33189,False,0.3825440632033699,22.205443800136216,1.388945503511303,1.0,29.52189075028748,,0.3,,,,normal,0.0,,,,,,,,,,,
noise,0.01702,True,0.0,0.0281950208179445,0.3222011699307521,1.0,1.0630352560743517,,0.2,,,,normal,0.0,,,,,,,,,,,
gaussian,,,0.0078687732623013,0.0393733368956603,0.7866172520666196,1.0,1.0937185229821744,,0.3,True,,,,,0.35911,diagonal,rank_gauss,,,,,,,,
gaussian,,,0.1938829888371097,0.674874381507258,1.348676536316549,1.0,1.5422666541431898,,0.2,True,,,,,0.96479,identity,gaussian,,,,,,,,
noise,0.03754,True,0.0,0.0282964712738504,0.3215261701180774,1.0,1.0636647282260046,,0.3,,,,normal,0.0,,,,,,,,,,,
gaussian,,,0.1928917118174013,0.6542838963377522,1.288187392193913,1.0,1.5258179210888934,,0.2,False,,,,,0.90977,identity,gaussian,,,,,,,,
noise,0.01074,False,0.1244742362552998,0.4916658243797075,0.6275857134614841,1.0,1.5621976999936924,,0.2,,,,normal,0.0,,,,,,,,,,,
gaussian,,,0.0627662955383749,0.2596868364711394,0.8176172313326195,1.0,1.065847878991391,,0.2,True,,,,,0.54495,diagonal,gaussian,,,,,,,,
noise,0.41557,False,0.381991505310467,22.14429723607615,1.4036179962253643,1.0,36.90744051607893,,0.3,,,,student_t,3.0,,,,,,,,,,,
gaussian,,,0.151722651338707,0.5249186815150287,0.9026077118075974,1.0,1.3976014637034224,,0.2,False,,,,,0.55075,identity,gaussian,,,,,,,,
noise,0.0077,True,0.0,0.0282457184263511,0.3228912329882508,1.0,1.062970658232428,,0.2,,,,student_t,4.0,,,,,,,,,,,
gaussian,,,0.010444585373889,0.0393066400047981,0.966448201494284,1.0,1.0931536817305867,,0.3,False,,,,,0.53115,diagonal,rank_gauss,,,,,,,,
noise,0.14648,True,0.0,0.035282142695737,0.318700101487776,1.0,1.074798991643792,,0.2,,,,normal,0.0,,,,,,,,,,,
gaussian,,,0.0084375877638442,0.0393666402383267,0.8049504122223856,1.0,1.0938254223022483,,0.3,True,,,,,0.37605,identity,rank_gauss,,,,,,,,
rbig,,,0.0,0.0348182367378585,0.4606029117509414,1.0,0.9921579020962692,,1.3,,30.0,1000.0,,,,,,random,,,,,,,
noise,0.36901,False,0.3817472617577644,22.927376731375837,1.3903372969630046,1.0,33.37082722933994,,0.3,,,,student_t,5.0,,,,,,,,,,,
gaussian,,,0.01368416356763,0.0388626767968266,1.3595327651512,1.0,1.0912569003530073,,0.3,False,,,,,0.94685,diagonal,rank_gauss,,,,,,,,
noise,0.42996,False,0.3823220608416176,28.855012989224853,1.389749238487763,1.0,38.16265153528518,,0.3,,,,normal,0.0,,,,,,,,,,,
gaussian,,,0.1271353172328981,0.4400364319708448,0.6731439873321174,1.0,1.2986055067336824,,0.2,False,,,,,0.33671,identity,gaussian,,,,,,,,
noise,0.2121,False,0.3817358527950023,13.051255607135776,1.3865500808706697,1.0,19.291837270880222,,0.3,,,,student_t,5.0,,,,,,,,,,,
gaussian,,,0.0072031763698098,0.0393503594741633,0.6925573788035009,1.0,1.0934812836195156,,0.3,False,,,,,0.27326,identity,rank_gauss,,,,,,,,
noise,0.00514,True,0.0,0.028177460771835,0.3226852577547816,1.0,1.0628653141448243,,0.2,,,,student_t,3.0,,,,,,,,,,,
gaussian,,,0.0508077236175189,0.2597597448092968,0.4085678746999964,1.0,1.0645674288634823,,0.2,False,,,,,0.03427,diagonal,gaussian,,,,,,,,
noise,0.02229,True,0.0,0.0282083327523179,0.3220311011354794,1.0,1.0631521907464034,,0.2,,,,normal,0.0,,,,,,,,,,,
gaussian,,,0.0126358899353559,0.0391985142675006,1.1493994637872809,1.0,1.0927296267313316,,0.3,True,,,,,0.71769,identity,rank_gauss,,,,,,,,
noise,0.10004,False,0.3792740917704322,6.002953390838628,1.3649190932730544,1.0,9.25995142242088,,0.2,,,,student_t,5.0,,,,,,,,,,,
gaussian,,,0.1734658249523885,0.6365513313396525,1.236080779699916,1.0,1.510852900586643,,0.2,False,,,,,0.86186,identity,gaussian,,,,,,,,
noise,0.11945,True,0.0,0.0319487973343095,0.319044256219382,1.0,1.070823518821716,,0.3,,,,normal,0.0,,,,,,,,,,,
gaussian,,,0.0102551803611056,0.039379609791087,0.8574893809977698,1.0,1.093987758690706,,0.3,False,,,,,0.42579,diagonal,rank_gauss,,,,,,,,
noise,0.01349,True,0.0,0.0281652899210945,0.3230502661297716,1.0,1.0630887062503225,,0.2,,,,student_t,10.0,,,,,,,,,,,
gaussian,,,0.059514546610251,0.25975237050238,0.4082271650524876,1.0,1.0645789205394878,,0.2,True,,,,,0.02642,diagonal,gaussian,,,,,,,,
noise,0.06187,False,0.3735274983111541,3.908698746979,1.3208795873451489,1.0,5.795454428089144,,0.2,,,,normal,0.0,,,,,,,,,,,
gaussian,,,0.0122071498451882,0.0391243801964204,1.235419858014731,1.0,1.0923961835502407,,0.3,True,,,,,0.80976,identity,rank_gauss,,,,,,,,
noise,0.02734,True,0.0,0.028227360824998,0.3218657976651441,1.0,1.063293256877198,,0.2,,,,normal,0.0,,,,,,,,,,,
gaussian,,,0.0628671625700397,0.2600132623807799,0.6471808712953674,1.0,1.0661996431263563,,0.2,False,,,,,0.39312,diagonal,gaussian,,,,,,,,
noise,0.00802,False,0.0737851333498426,0.3263124443421749,0.4983473891955431,1.0,1.3802512177699584,,0.2,,,,normal,0.0,,,,,,,,,,,
gaussian,,,0.0660713032506414,0.2593899779597635,0.9784223596021182,1.0,1.0655165744768145,,0.2,False,,,,,0.67818,diagonal,gaussian,,,,,,,,
noise,0.07881,False,0.3783952867645795,4.879878997049657,1.369825547243846,1.0,7.333883303134868,,0.3,,,,student_t,8.0,,,,,,,,,,,
gaussian,,,0.0550413004411091,0.2601430200147228,0.5925963199424599,1.0,1.066304097283577,,0.2,True,,,,,0.3397,diagonal,gaussian,,,,,,,,
noise,0.03974,False,0.3602252655812157,2.4157714775537817,1.2309117829731804,1.0,3.893107278512449,,0.2,,,,normal,0.0,,,,,,,,,,,
noise,0.03712,True,0.0,0.028101862370867,0.3215832517763801,1.0,1.0636889771023643,,0.3,,,,student_t,8.0,,,,,,,,,,,
noise,0.14641,True,0.0001787990475975,0.0352713233644984,0.3187004047478009,1.0,1.0747876755523245,,0.3,,,,normal,0.0,,,,,,,,,,,
gaussian,,,0.0789622239642056,0.3389427550861216,0.4769208711538084,1.0,1.1724109920373198,,0.3,True,,,,,0.12991,identity,gaussian,,,,,,,,
noise,0.1543,True,5.5682913703281045e-05,0.0365288995339491,0.3186893977668822,1.0,1.076096036259549,,0.2,,,,normal,0.0,,,,,,,,,,,
gaussian,,,0.0124719690296902,0.0391305940870566,1.222768713309206,1.0,1.092461007186438,,0.3,False,,,,,0.79601,identity,rank_gauss,,,,,,,,
noise,0.02304,False,0.2943098492196371,1.2446248594457077,1.033831925175816,1.0,2.5156190562745757,,0.3,,,,student_t,8.0,,,,,,,,,,,
gaussian,,,0.0102067873759255,0.0392836588632834,0.9896201376006069,1.0,1.0930158837505943,,0.3,False,,,,,0.55397,diagonal,rank_gauss,,,,,,,,
noise,0.02032,True,0.0,0.0282033436346524,0.3220949812030901,1.0,1.0631048592305092,,0.3,,,,normal,0.0,,,,,,,,,,,
gaussian,,,0.0683911852927421,0.2590389024462664,1.1938817186000654,1.0,1.0651213339262935,,0.3,False,,,,,0.8496,diagonal,gaussian,,,,,,,,
noise,0.02076,True,0.0,0.0282047067730964,0.3220807444983888,1.0,1.0631150559353162,,0.2,,,,normal,0.0,,,,,,,,,,,
gaussian,,,0.0600624311293465,0.272589680839118,0.4116548333612209,1.0,1.0851571256662154,,0.3,False,,,,,0.02125,identity,gaussian,,,,,,,,
noise,0.01429,False,0.2015184514297343,0.7183309600221686,0.7762195317826159,1.0,1.8192411366013868,,0.2,,,,normal,0.0,,,,,,,,,,,
gaussian,,,0.0639982284672721,0.2592000924487952,1.313283922597522,1.0,1.064764677673081,,0.3,True,,,,,0.92288,diagonal,gaussian,,,,,,,,
noise,0.44389,True,0.0130698943753676,0.1356829001497254,0.3845720846720955,1.0,1.1664255829989687,,0.3,,,,normal,0.0,,,,,,,,,,,
gaussian,,,0.0596484190537974,0.2592546528330817,1.0637763419559267,1.0,1.0653511553577404,,0.3,True,,,,,0.74675,diagonal,gaussian,,,,,,,,
noise,0.01786,True,0.0,0.028124162870917,0.3221889618413641,1.0,1.0630725247273585,,0.3,,,,student_t,8.0,,,,,,,,,,,
gaussian,,,0.0126824073140489,0.0392034446153588,1.1411233549657267,1.0,1.092731983460348,,0.3,True,,,,,0.70901,diagonal,rank_gauss,,,,,,,,
noise,0.0255,False,0.3163358932603841,1.459841499645145,1.0711715040030398,1.0,2.702974067861379,,0.2,,,,normal,0.0,,,,,,,,,,,
noise,0.04537,True,0.0,0.0283174847581834,0.3223152280863639,1.0,1.0638020735926372,,0.3,,,,student_t,3.0,,,,,,,,,,,
gaussian,,,0.011030796232777,0.0392823464283553,1.027494622532194,1.0,1.093005666736897,,0.3,True,,,,,0.59172,identity,rank_gauss,,,,,,,,
noise,0.00523,True,0.0,0.0281642358856797,0.3225746483158195,1.0,1.0628918430051653,,0.3,,,,student_t,8.0,,,,,,,,,,,
gaussian,,,0.1364363336041192,0.46463413619777,0.7360118382543588,1.0,1.3281037737394246,,0.3,True,,,,,0.39559,identity,gaussian,,,,,,,,
noise,0.02397,True,0.0,0.0282122687578846,0.3219763494476963,1.0,1.0631959683901522,,0.3,,,,normal,0.0,,,,,,,,,,,
gaussian,,,0.0092611827671582,0.0392954522721982,0.974166901872078,1.0,1.0930705827393363,,0.3,True,,,,,0.53873,identity,rank_gauss,,,,,,,,
noise,0.10757,False,0.3795733630565362,7.001349028431619,1.3685576774931507,1.0,9.784724333235731,,0.3,,,,normal,0.0,,,,,,,,,,,
gaussian,,,0.0091206204950793,0.0393515191201567,0.6903053437180652,1.0,1.093467306113817,,0.3,False,,,,,0.27127,identity,rank_gauss,,,,,,,,
noise,0.01645,True,0.0,0.0281463702084516,0.3227073811391575,1.0,1.0629850265886551,,0.2,,,,student_t,5.0,,,,,,,,,,,
gaussian,,,0.0172255241446372,0.0388570941802522,1.3626794212941244,1.0,1.0912322831878671,,0.3,False,,,,,0.95036,identity,rank_gauss,,,,,,,,
noise,0.19905,False,0.3812049876305709,12.89302646532731,1.3959739591571887,1.0,17.98389666418181,,0.3,,,,student_t,10.0,,,,,,,,,,,
gaussian,,,0.0116246122008524,0.0391994277872324,1.143440336822818,1.0,1.092730581623859,,0.3,False,,,,,0.71146,diagonal,rank_gauss,,,,,,,,
noise,0.13969,True,0.0,0.0342883684087258,0.3187452009886649,1.0,1.0737259394145957,,0.2,,,,normal,0.0,,,,,,,,,,,
gaussian,,,0.2015730749330893,0.6713010392361933,1.338150297999745,1.0,1.5394752062343549,,0.2,False,,,,,0.95527,identity,gaussian,,,,,,,,
noise,0.01822,False,0.260803583042885,0.9755366729068335,0.906323918260586,1.0,2.119824478725937,,0.2,,,,normal,0.0,,,,,,,,,,,
gaussian,,,0.161330973282186,0.5427358608981335,0.9543868576847576,1.0,1.4172253162976396,,0.2,False,,,,,0.59907,identity,gaussian,,,,,,,,
noise,0.10241,True,0.0,0.0301339734721179,0.3196956944336815,1.0,1.0688289438915974,,0.2,,,,student_t,8.0,,,,,,,,,,,
gaussian,,,0.0084307428767465,0.0393529905436193,0.5895951525115436,1.0,1.093853009150539,,0.3,True,,,,,0.18127,diagonal,rank_gauss,,,,,,,,
noise,0.05971,False,0.3752950623394381,3.76275881179058,1.315770079857322,1.0,5.608314254633096,,0.2,,,,normal,0.0,,,,,,,,,,,
gaussian,,,0.0958231734442694,0.360859699480882,0.5134035877007392,1.0,1.200067030945246,,0.2,False,,,,,0.1706,identity,gaussian,,,,,,,,
noise,0.01895,False,0.2628773743539788,1.0237348560832515,0.9268877703934572,1.0,2.1769859576135784,,0.2,,,,normal,0.0,,,,,,,,,,,
gaussian,,,0.123513026994778,0.429884211442765,0.6633306149551155,1.0,1.2857409600809016,,0.2,False,,,,,0.31628,identity,gaussian,,,,,,,,
noise,0.00814,True,0.0001986570216798,0.0281814295684983,0.3224814283187643,1.0,1.062908197225067,,0.2,,,,normal,0.0,,,,,,,,,,,
gaussian,,,0.057296516388995,0.2597366950237513,0.4086935199045643,1.0,1.064603977662462,,0.2,False,,,,,0.00655,diagonal,gaussian,,,,,,,,
noise,0.01042,False,0.1178964878571934,0.452915352211346,0.6132509176252473,1.0,1.5428005287197617,,0.2,,,,student_t,8.0,,,,,,,,,,,
noise,0.00868,True,0.0,0.0281703255332509,0.3229380144665123,1.0,1.0629872691896858,,0.2,,,,student_t,10.0,,,,,,,,,,,
gaussian,,,0.0628233284555488,0.2593144864881067,1.1142761245912405,1.0,1.0646128974723923,,0.2,True,,,,,0.76825,diagonal,gaussian,,,,,,,,
noise,0.25549,False,0.3814841199049326,15.079651302646964,1.3985814173416078,1.0,23.095059542012745,,0.3,,,,student_t,4.0,,,,,,,,,,,
gaussian,,,0.0596017901925775,0.2715245966829545,0.4112698312798239,1.0,1.083561114282149,,0.2,False,,,,,0.01954,identity,gaussian,,,,,,,,
noise,0.03685,True,0.0,0.0282398596011672,0.3223999387197581,1.0,1.063460376928321,,0.2,,,,student_t,3.0,,,,,,,,,,,
noise,0.01317,True,0.0,0.0281866006650666,0.3223236920420839,1.0,1.0629693821421662,,0.3,,,,normal,0.0,,,,,,,,,,,
noise,0.00544,True,0.0002071358590535,0.0281846608927033,0.3225649627730866,1.0,1.0628869810430943,,0.2,,,,normal,0.0,,,,,,,,,,,
gaussian,,,0.0081363733986357,0.0393484931100933,0.7123001610693565,1.0,1.093535934627624,,0.3,True,,,,,0.29101,diagonal,rank_gauss,,,,,,,,
noise,0.01015,True,0.0,0.0282683315212784,0.3229408950578222,1.0,1.0630169043596829,,0.2,,,,student_t,4.0,,,,,,,,,,,
gaussian,,,0.0565995099217921,0.2603343716181476,0.5011836249628021,1.0,1.0664556540883,,0.2,True,,,,,0.23762,diagonal,gaussian,,,,,,,,
noise,0.16465,True,0.0002622952391874,0.0383420664000674,0.3187502857940827,1.0,1.0779127832434705,,0.2,,,,normal,0.0,,,,,,,,,,,
noise,0.01927,True,0.0,0.0281458318583817,0.3227002629493898,1.0,1.0630351211041904,,0.2,,,,student_t,5.0,,,,,,,,,,,
noise,0.23276,True,0.0026141545902544,0.0540267102207402,0.3220651874576634,1.0,1.092678366803567,,0.3,,,,normal,0.0,,,,,,,,,,,
gaussian,,,0.0056959618494947,0.0393642870830922,0.8126866733883809,1.0,1.0938699475513538,,0.3,True,,,,,0.38341,diagonal,rank_gauss,,,,,,,,
noise,0.06768,False,0.37872083512707,4.301377587393628,1.3322757565367664,1.0,6.299745592745502,,0.2,,,,normal,0.0,,,,,,,,,,,
gaussian,,,0.0114922931689034,0.0393222833713511,0.9567161215719148,1.0,1.0933048069114186,,0.3,False,,,,,0.52178,diagonal,rank_gauss,,,,,,,,
noise,0.06981,True,0.0,0.0289113324703286,0.3243036751518134,1.0,1.06617408056925,,0.2,,,,student_t,10.0,,,,,,,,,,,
gaussian,,,0.012552677646699,0.0391993662948162,1.1435441347664494,1.0,1.0927307117367122,,0.3,False,,,,,0.71157,identity,rank_gauss,,,,,,,,
noise,0.13876,False,0.381787724738567,9.113899505110576,1.377914180884012,1.0,12.521910558680895,,0.2,,,,normal,0.0,,,,,,,,,,,
noise,0.44613,False,0.3827825511422442,29.951423572400994,1.3898267870229075,1.0,39.587522068887175,,0.3,,,,normal,0.0,,,,,,,,,,,
gaussian,,,0.0107827570374694,0.0392373565409595,1.0856522208510635,1.0,1.092797583520324,,0.3,False,,,,,0.65098,diagonal,rank_gauss,,,,,,,,
noise,0.24318,True,0.0015627480608227,0.0548550082846625,0.3357230449365357,1.0,1.096993743949514,,0.2,,,,student_t,4.0,,,,,,,,,,,
gaussian,,,0.060453703518481,0.2598343002942209,0.7290515748320825,1.0,1.0660293061106905,,0.2,False,,,,,0.46808,diagonal,gaussian,,,,,,,,
noise,0.06018,True,2.6306453624780343e-05,0.0286341280038243,0.3207597008826701,1.0,1.0649023111333653,,0.2,,,,normal,0.0,,,,,,,,,,,
gaussian,,,0.1632764844558365,0.5601562341954083,1.0063171806025497,1.0,1.436106013896307,,0.2,False,,,,,0.64757,identity,gaussian,,,,,,,,
noise,0.10954,False,0.3806175416641252,6.892992237254023,1.3932885808885145,1.0,10.050768870639429,,0.2,,,,student_t,8.0,,,,,,,,,,,
noise,0.20575,True,0.0007415098502366,0.0471110818486522,0.3200485949264168,1.0,1.0862463893590824,,0.2,,,,normal,0.0,,,,,,,,,,,
gaussian,,,0.2022163007502517,0.6784294916952025,1.3591546585933845,1.0,1.5450157315937263,,0.2,False,,,,,0.97424,identity,gaussian,,,,,,,,
noise,0.00718,True,0.0,0.0281557673557742,0.3225158725102205,1.0,1.0629081727813092,,0.2,,,,student_t,8.0,,,,,,,,,,,
noise,0.31682,False,0.3814894547054852,21.183693053042056,1.3887429412012586,1.0,28.194333031088046,,0.3,,,,normal,0.0,,,,,,,,,,,
gaussian,,,0.1548775060446063,0.529735600543043,0.916493463228044,1.0,1.4029455769649066,,0.2,True,,,,,0.5637,identity,gaussian,,,,,,,,
noise,0.0061,True,0.0,0.028183890370356,0.3225446177899089,1.0,1.0628914171342647,,0.2,,,,normal,0.0,,,,,,,,,,,
gaussian,,,0.1623799791540172,0.5633087197447221,1.0158328750709826,1.0,1.43948331719666,,0.2,True,,,,,0.65646,identity,gaussian,,,,,,,,
noise,0.05061,True,0.0,0.0281773504378303,0.3211550216751657,1.0,1.0643656391248564,,0.2,,,,student_t,8.0,,,,,,,,,,,
gaussian,,,0.0664354373871866,0.2947371241199467,0.4248873803962499,1.0,1.115509467795713,,0.2,False,,,,,0.05568,identity,gaussian,,,,,,,,
noise,0.01113,True,0.0,0.0281814221249211,0.3223879909270821,1.0,1.0629411698737468,,0.2,,,,normal,0.0,,,,,,,,,,,
gaussian,,,0.0124692771278849,0.0389692350200831,1.3087666255962525,1.0,1.0915475540290367,,0.3,True,,,,,0.8903,diagonal,rank_gauss,,,,,,,,
noise,0.28607,True,0.0012175007979841,0.0687228024894984,0.3314700495596734,1.0,1.1075614540589414,,0.2,,,,student_t,8.0,,,,,,,,,,,
gaussian,,,0.0994371893382043,0.3839898019343047,0.5583781800082067,1.0,1.2290323893187831,,0.2,False,,,,,0.21649,identity,gaussian,,,,,,,,
rbig,,,5.049333528739375e-06,0.0269445510825485,0.4158069365654574,1.0,0.9769756231476028,,1.7,,40.0,1500.0,,,,,,random,,,,,,,
noise,0.0392,False,0.3430990438208297,2.0883510829584906,1.2302744221925204,1.0,3.868228416811589,,0.2,,,,student_t,4.0,,,,,,,,,,,
gaussian,,,0.0575234222633331,0.2599498630113735,0.6738808295154963,1.0,1.0661474531983246,,0.2,True,,,,,0.41811,diagonal,gaussian,,,,,,,,
noise,0.04907,True,0.0,0.0284245213430758,0.3211362884870072,1.0,1.0642239028550686,,0.3,,,,normal,0.0,,,,,,,,,,,
gaussian,,,0.1875082637872187,0.6402762893949691,1.247017519189096,1.0,1.5140552195488155,,0.2,True,,,,,0.87195,identity,gaussian,,,,,,,,
noise,0.11669,False,0.3812462981449696,7.618997924893868,1.3720994189791798,1.0,10.584424126647892,,0.2,,,,normal,0.0,,,,,,,,,,,
gaussian,,,0.0857256219545858,0.3473275440447588,0.4901139504359714,1.0,1.1830158623858122,,0.2,False,,,,,0.14515,identity,gaussian,,,,,,,,
noise,0.03609,True,0.0001066059753517,0.0282397215286751,0.3235576800203337,1.0,1.0639072350536103,,0.3,,,,student_t,10.0,,,,,,,,,,,
gaussian,,,0.0104403385816196,0.0393634371680139,0.8135633212016823,1.0,1.093875323594104,,0.3,False,,,,,0.38422,identity,rank_gauss,,,,,,,,
noise,0.01055,True,0.0,0.0282717145479431,0.322948941298762,1.0,1.0630250904833822,,0.2,,,,student_t,4.0,,,,,,,,,,,
gaussian,,,0.0619121994716527,0.2593107208880935,1.1078985661776628,1.0,1.0646076456047395,,0.3,True,,,,,0.76326,diagonal,gaussian,,,,,,,,
noise,0.40043,False,0.3808793401708262,26.85273734787693,1.3895753733861442,1.0,35.56061503272634,,0.3,,,,normal,0.0,,,,,,,,,,,
gaussian,,,0.004132372424394,0.0393611243551733,0.5634695090891444,1.0,1.0942532192876944,,0.3,True,,,,,0.15763,diagonal,rank_gauss,,,,,,,,
noise,0.13342,True,0.0,0.0340016443976243,0.3262689431922317,1.0,1.0738289305770623,,0.3,,,,student_t,10.0,,,,,,,,,,,
gaussian,,,0.0607556571693539,0.2601877118148463,0.5701439460724786,1.0,1.0663412591001011,,0.3,True,,,,,0.31649,diagonal,gaussian,,,,,,,,
noise,0.10552,False,0.3787680794578177,5.407147240533968,1.3785151605941468,1.0,9.553789079179316,,0.2,,,,student_t,3.0,,,,,,,,,,,
gaussian,,,0.057723434967164,0.2598314449278073,0.7304024995494395,1.0,1.0660262675910464,,0.2,False,,,,,0.46928,diagonal,gaussian,,,,,,,,
noise,0.06116,True,0.0,0.02865758270573,0.3207266428296284,1.0,1.064968720137372,,0.2,,,,normal,0.0,,,,,,,,,,,
gaussian,,,0.0592974186052709,0.2593918901419486,0.9776447174622068,1.0,1.0655181328881285,,0.2,False,,,,,0.67755,diagonal,gaussian,,,,,,,,
noise,0.21992,True,0.0008806951980774,0.0506160578459854,0.3209746188113987,1.0,1.0895278073999353,,0.2,,,,normal,0.0,,,,,,,,,,,
gaussian,,,0.1035379929414373,0.3892626521208538,0.5694417063328806,1.0,1.2355958420276263,,0.2,False,,,,,0.22736,identity,gaussian,,,,,,,,
noise,0.01508,False,0.2058287396379453,0.7511607643972117,0.8073809464068998,1.0,1.8900189086042944,,0.2,,,,student_t,10.0,,,,,,,,,,,
gaussian,,,0.0098462512494118,0.0392837095574627,1.0134620722628231,1.0,1.0929899806711778,,0.3,True,,,,,0.57763,identity,rank_gauss,,,,,,,,
noise,0.02089,True,1.9745091320855224e-05,0.0283642933879528,0.3231512325534312,1.0,1.0632986136705411,,0.2,,,,student_t,4.0,,,,,,,,,,,
gaussian,,,0.0049675384517944,0.0393003207991713,0.4893249809991477,1.0,1.0947381603807935,,0.3,True,,,,,0.08621,diagonal,rank_gauss,,,,,,,,
noise,0.07106,True,6.389398459483164e-05,0.0289421828492807,0.3203961169091622,1.0,1.0656992077445229,,0.2,,,,normal,0.0,,,,,,,,,,,
gaussian,,,0.1850653463309038,0.6300171670327173,1.216978563375169,1.0,1.5051829623467985,,0.2,True,,,,,0.8442,identity,gaussian,,,,,,,,
noise,0.02988,True,0.0,0.0282425209252684,0.3217818797569173,1.0,1.0633749378195074,,0.2,,,,normal,0.0,,,,,,,,,,,
gaussian,,,0.0121531609681251,0.0392371814682687,1.0750107392773731,1.0,1.092805533543864,,0.3,True,,,,,0.64009,diagonal,rank_gauss,,,,,,,,
noise,0.10864,False,0.3813833367048511,7.073810809820022,1.369022231307517,1.0,9.878511674740384,,0.2,,,,normal,0.0,,,,,,,,,,,
gaussian,,,0.0071639174333529,0.0393522296887955,0.908663022681941,1.0,1.0937063603465886,,0.3,False,,,,,0.47533,identity,rank_gauss,,,,,,,,
noise,0.01946,True,1.2300542283627536e-06,0.0282006734534279,0.3221227551522405,1.0,1.0630855517880264,,0.2,,,,normal,0.0,,,,,,,,,,,
gaussian,,,0.1967688404491992,0.6739123083711313,1.3458427790801577,1.0,1.5415180953874283,,0.2,False,,,,,0.96223,identity,gaussian,,,,,,,,
noise,0.00527,False,0.0265539015747903,0.1746715518780091,0.3785295436379559,1.0,1.2193814736908917,,0.2,,,,normal,0.0,,,,,,,,,,,
gaussian,,,0.0088600921198748,0.0393589687536805,0.8807910056489304,1.0,1.0938244370720005,,0.3,False,,,,,0.44821,identity,rank_gauss,,,,,,,,
noise,0.00804,True,2.742912631148453e-05,0.0281713820370918,0.3229229431918124,1.0,1.062975699000832,,0.2,,,,student_t,10.0,,,,,,,,,,,
gaussian,,,0.0173135741559854,0.038969443464035,1.3089255357830294,1.0,1.0915481921351644,,0.3,True,,,,,0.89048,identity,rank_gauss,,,,,,,,
noise,0.28852,False,0.3820557635645153,19.26497311050654,1.3882597237848264,1.0,25.701507007458808,,0.3,,,,normal,0.0,,,,,,,,,,,
gaussian,,,0.0113421046710898,0.0391244718986972,1.2356446768141411,1.0,1.092394164538231,,0.3,True,,,,,0.81001,diagonal,rank_gauss,,,,,,,,
noise,0.47195,False,0.3811788906635896,31.702152260849942,1.3899330196884137,1.0,41.86280804021669,,0.3,,,,normal,0.0,,,,,,,,,,,
gaussian,,,0.0089097951209625,0.039340694679877,0.9402119704547072,1.0,1.0935079259888207,,0.3,False,,,,,0.50574,identity,rank_gauss,,,,,,,,
noise,0.00599,False,0.037466352173929,0.2121691254914034,0.4062459558362959,1.0,1.2583568249778234,,0.2,,,,normal,0.0,,,,,,,,,,,
gaussian,,,0.0092322757942395,0.0392735010001413,1.0455631916247334,1.0,1.0930348820711722,,0.3,True,,,,,0.60997,diagonal,rank_gauss,,,,,,,,
noise,0.11317,True,0.0001069315988834,0.0307690191602273,0.3218075169750762,1.0,1.069245690431302,,0.2,,,,student_t,3.0,,,,,,,,,,,
noise,0.01491,False,0.1810641914352156,0.6907931173311032,0.8004389231410053,1.0,1.8700291145167545,,0.2,,,,student_t,5.0,,,,,,,,,,,
gaussian,,,0.0109558466601106,0.0392821478259772,1.0111489817541632,1.0,1.0929914841852184,,0.3,True,,,,,0.57531,diagonal,rank_gauss,,,,,,,,
noise,0.06083,False,0.3776429648576073,3.838431553579867,1.3184943526379254,1.0,5.705324278083831,,0.2,,,,normal,0.0,,,,,,,,,,,
gaussian,,,0.0099201050909399,0.0392092194272802,1.133203146054476,1.0,1.0927308408769374,,0.3,False,,,,,0.70067,identity,rank_gauss,,,,,,,,
noise,0.00518,True,0.0,0.0281848218721069,0.3225729641398972,1.0,1.062885366754298,,0.2,,,,normal,0.0,,,,,,,,,,,
gaussian,,,0.0758033524015923,0.3406387124798313,0.4795101016275739,1.0,1.1745587091965886,,0.2,True,,,,,0.13296,identity,gaussian,,,,,,,,
noise,0.01526,True,0.0,0.0281902241067591,0.3222573670862129,1.0,1.063003093636357,,0.2,,,,normal,0.0,,,,,,,,,,,
gaussian,,,0.0112642952725846,0.0392353570022463,1.0779996728353411,1.0,1.092804181596333,,0.3,True,,,,,0.64314,identity,rank_gauss,,,,,,,,
noise,0.01204,False,0.1470981363161565,0.5505396603676033,0.6868197803763153,1.0,1.6579583453521365,,0.2,,,,student_t,8.0,,,,,,,,,,,
gaussian,,,0.0635955737956438,0.2600080176851515,0.649219123049515,1.0,1.066195777572121,,0.2,True,,,,,0.39505,diagonal,gaussian,,,,,,,,
noise,0.03364,False,0.3367719784546927,1.930407848379033,1.1940346853335924,1.0,3.4004710023853293,,0.2,,,,student_t,8.0,,,,,,,,,,,
gaussian,,,0.0997937341805523,0.3860551384365458,0.5626774737546069,1.0,1.2316049437163898,,0.2,True,,,,,0.22073,identity,gaussian,,,,,,,,
noise,0.00804,False,0.0769216186715401,0.3274862233304131,0.499306027157108,1.0,1.381522980387635,,0.2,,,,normal,0.0,,,,,,,,,,,
gaussian,,,0.0061849678692404,0.0393538120702216,0.5973758893957292,1.0,1.0937878393223956,,0.3,True,,,,,0.18826,diagonal,rank_gauss,,,,,,,,
noise,0.03699,True,0.0,0.0282918260889812,0.3215446443895049,1.0,1.0636417463186196,,0.2,,,,normal,0.0,,,,,,,,,,,
noise,0.02121,True,0.0,0.0282059955447325,0.3220661656979958,1.0,1.0631257073655178,,0.2,,,,normal,0.0,,,,,,,,,,,
gaussian,,,0.1546812457641281,0.5315693602040338,0.9217897385927772,1.0,1.404967769621054,,0.2,False,,,,,0.56864,identity,gaussian,,,,,,,,
noise,0.06151,True,0.0,0.0286659818699401,0.3207148473251353,1.0,1.0649926954680526,,0.2,,,,normal,0.0,,,,,,,,,,,
gaussian,,,0.0076224213404212,0.0393445560702361,0.6460837238001376,1.0,1.093436410069532,,0.3,True,,,,,0.23206,identity,rank_gauss,,,,,,,,
noise,0.01702,False,0.1831604019707786,0.6782408394683341,0.8539343270268245,1.0,1.9821058433921543,,0.2,,,,student_t,3.0,,,,,,,,,,,
gaussian,,,0.0514398550253598,0.2597668177887047,0.4097088949247998,1.0,1.0645507354198591,,0.2,True,,,,,0.04664,diagonal,gaussian,,,,,,,,
noise,0.05667,False,0.3753658613015473,3.557380763289733,1.3076465696780173,1.0,5.345318114282778,,0.3,,,,normal,0.0,,,,,,,,,,,
gaussian,,,0.069863946158465,0.297004555450208,0.42675732334706,1.0,1.1184766149979746,,0.3,True,,,,,0.05924,identity,gaussian,,,,,,,,
noise,0.00617,True,0.0,0.0281838261813991,0.3225424571476792,1.0,1.06289191609726,,0.3,,,,normal,0.0,,,,,,,,,,,
gaussian,,,0.1749799166532182,0.5794430990103046,1.0647745657584775,1.0,1.4564759641334732,,0.3,True,,,,,0.70226,identity,gaussian,,,,,,,,
noise,0.25672,True,0.0008837621787952,0.0583571470922882,0.3380282593600379,1.0,1.100644998047427,,0.3,,,,student_t,4.0,,,,,,,,,,,
gaussian,,,0.0590015187661402,0.2604284666789107,0.4203793413885942,1.0,1.066603524381713,,0.3,False,,,,,0.09501,diagonal,gaussian,,,,,,,,
noise,0.03348,True,5.122242642296992e-05,0.0282171791626228,0.3235003550876557,1.0,1.063783930840642,,0.3,,,,student_t,10.0,,,,,,,,,,,
gaussian,,,0.0068388962961184,0.0393001351057224,0.4896629565615849,1.0,1.0947338344500788,,0.3,True,,,,,0.08653,diagonal,rank_gauss,,,,,,,,
noise,0.0417,False,0.3597449392106353,2.547702260814276,1.2437326434716092,1.0,4.059766382405266,,0.3,,,,normal,0.0,,,,,,,,,,,
gaussian,,,0.0635797586453161,0.2593028982880919,1.1705485929112194,1.0,1.0646567645783018,,0.3,True,,,,,0.81219,diagonal,gaussian,,,,,,,,
noise,0.15013,False,0.382816101645371,9.884261868328206,1.379957565581186,1.0,13.52097908916567,,0.3,,,,normal,0.0,,,,,,,,,,,
gaussian,,,0.0609195724074359,0.2592064124758437,1.4060089974982068,1.0,1.064849662466068,,0.2,True,,,,,0.99426,diagonal,gaussian,,,,,,,,
noise,0.13894,True,0.0,0.0341189159949408,0.3228906049668426,1.0,1.073248984642159,,0.2,,,,student_t,5.0,,,,,,,,,,,
gaussian,,,0.0669505882812824,0.2596230756334465,0.8630430248841154,1.0,1.0657594924693583,,0.3,True,,,,,0.58327,diagonal,gaussian,,,,,,,,
noise,0.00997,False,0.0954907325487881,0.3868139751688311,0.5953758387620397,1.0,1.50635292185368,,0.3,,,,student_t,4.0,,,,,,,,,,,
gaussian,,,0.0154612732662507,0.0388611969756448,1.3600237407005165,1.0,1.0912534527959388,,0.3,False,,,,,0.9474,diagonal,rank_gauss,,,,,,,,
noise,0.0368,True,0.0,0.0282902901342051,0.321551022807812,1.0,1.0636338852771845,,0.3,,,,normal,0.0,,,,,,,,,,,
gaussian,,,0.1172302967381441,0.4267308472239036,0.65554571146219,1.0,1.281876353815131,,0.2,True,,,,,0.30905,identity,gaussian,,,,,,,,
noise,0.48739,True,0.0170839362639533,0.1432763241859282,0.4171234024351859,1.0,1.18238646438238,,0.2,,,,student_t,5.0,,,,,,,,,,,
gaussian,,,0.0621823149195461,0.2593752272492651,0.9852913975088678,1.0,1.0655034772382628,,0.3,True,,,,,0.68374,diagonal,gaussian,,,,,,,,
noise,0.12083,True,0.0,0.0320833197245744,0.3190170673094363,1.0,1.0710072710700065,,0.2,,,,normal,0.0,,,,,,,,,,,
gaussian,,,0.0095098173818278,0.0393443433557193,0.6459574454367935,1.0,1.0934363463787549,,0.3,False,,,,,0.23195,diagonal,rank_gauss,,,,,,,,
noise,0.14534,True,9.60328066957894e-05,0.0349736953547527,0.3230372822172277,1.0,1.074232951171987,,0.3,,,,student_t,5.0,,,,,,,,,,,
noise,0.06909,False,0.375673715757074,4.059409215596135,1.3342480081355304,1.0,6.507044046516361,,0.3,,,,student_t,5.0,,,,,,,,,,,
gaussian,,,0.0077922298298267,0.039280465425399,0.4168567500426366,1.0,1.0955138900494734,,0.3,True,,,,,0.01281,diagonal,rank_gauss,,,,,,,,
noise,0.12543,True,0.0,0.0325563338788163,0.3189330307148752,1.0,1.0716347512157332,,0.2,,,,normal,0.0,,,,,,,,,,,
gaussian,,,0.0091600621502541,0.0393504035203399,0.7250901061681526,1.0,1.09354924972832,,0.3,False,,,,,0.30285,diagonal,rank_gauss,,,,,,,,
noise,0.02737,True,0.0,0.0281775297047435,0.3224884299808836,1.0,1.0631718416028786,,0.2,,,,student_t,3.0,,,,,,,,,,,
gaussian,,,0.0092762001217053,0.0393509731032758,0.7258754169397148,1.0,1.093552419326551,,0.3,True,,,,,0.30355,diagonal,rank_gauss,,,,,,,,
noise,0.00664,False,0.0418944173572147,0.2382247374011884,0.4328181686901364,1.0,1.2972546314612223,,0.2,,,,student_t,8.0,,,,,,,,,,,
noise,0.1022,False,0.379983577236341,6.637705932621837,1.3659950377276326,1.0,9.314176903598211,,0.2,,,,normal,0.0,,,,,,,,,,,
noise,0.05178,True,0.0,0.028361819148163,0.3225752977367467,1.0,1.0642500018322518,,0.2,,,,student_t,5.0,,,,,,,,,,,
gaussian,,,0.0066974986304727,0.0393607477701641,0.5688689081536646,1.0,1.094170691136363,,0.3,True,,,,,0.1626,identity,rank_gauss,,,,,,,,
noise,0.00916,False,0.1093715225295008,0.394343993662953,0.5531688468474013,1.0,1.454443140092389,,0.3,,,,normal,0.0,,,,,,,,,,,
gaussian,,,0.0514546690861646,0.2603083519711423,0.5136926685529232,1.0,1.06643221994239,,0.3,True,,,,,0.25313,diagonal,gaussian,,,,,,,,
noise,0.03456,True,0.0,0.028274651109304,0.3216260730506406,1.0,1.0635442340894643,,0.3,,,,normal,0.0,,,,,,,,,,,
gaussian,,,0.0138413181839108,0.0390179242579099,1.2853637914081673,1.0,1.091746755277476,,0.3,True,,,,,0.86435,diagonal,rank_gauss,,,,,,,,
noise,0.19167,True,0.0,0.0400421676904963,0.3234874873275722,1.0,1.0813533721811628,,0.3,,,,student_t,3.0,,,,,,,,,,,
gaussian,,,0.0120112867072093,0.0392835034988704,1.030450273740163,1.0,1.0930257598177184,,0.3,False,,,,,0.59468,diagonal,rank_gauss,,,,,,,,
noise,0.13139,True,0.0,0.0331840646432751,0.3227503348918251,1.0,1.0721441010813098,,0.3,,,,student_t,5.0,,,,,,,,,,,
gaussian,,,0.121581268833199,0.4502592717562427,0.6988819383860948,1.0,1.3109582942862628,,0.3,False,,,,,0.36089,identity,gaussian,,,,,,,,
noise,0.15066,True,0.0,0.0361805190624348,0.3265134679925162,1.0,1.0767401851922898,,0.3,,,,student_t,4.0,,,,,,,,,,,
gaussian,,,0.1783698461455096,0.5984947333055017,1.1227353239259177,1.0,1.4757611450926833,,0.3,True,,,,,0.75646,identity,gaussian,,,,,,,,
noise,0.0201,False,0.2319689060058919,0.9591315862399552,0.9569648339015728,1.0,2.2694112323823,,0.3,,,,student_t,4.0,,,,,,,,,,,
noise,0.37417,False,0.3813502828270485,25.07218187554596,1.3893768517495484,1.0,33.246847137386375,,0.3,,,,normal,0.0,,,,,,,,,,,
gaussian,,,0.0700085507178802,0.2591814180728888,1.3673253762307749,1.0,1.06481432555636,,0.3,False,,,,,0.96454,diagonal,gaussian,,,,,,,,
noise,0.00815,False,0.0570549514756845,0.2918016245545575,0.5100400097250535,1.0,1.386490120382727,,0.3,,,,student_t,4.0,,,,,,,,,,,
gaussian,,,0.0080121318708333,0.0393750334891965,0.7722403439049842,1.0,1.0936370076474553,,0.3,True,,,,,0.34601,identity,rank_gauss,,,,,,,,
noise,0.00697,True,0.0,0.0281593187391258,0.3227248366415934,1.0,1.0628813958338257,,0.3,,,,student_t,5.0,,,,,,,,,,,
gaussian,,,0.0063295322407767,0.0393275650735388,0.53281745618123,1.0,1.0944491430397472,,0.3,False,,,,,0.12813,diagonal,rank_gauss,,,,,,,,
noise,0.00615,True,0.0,0.0282303732767942,0.3228594731795815,1.0,1.0629448582538816,,0.2,,,,student_t,4.0,,,,,,,,,,,
gaussian,,,0.0521640535996321,0.2603571554009175,0.4826902335996897,1.0,1.0664891704946742,,0.2,False,,,,,0.21315,diagonal,gaussian,,,,,,,,
noise,0.04471,True,0.0002884259125883,0.028328239625896,0.3237459512067447,1.0,1.0643677889755954,,0.2,,,,student_t,10.0,,,,,,,,,,,
gaussian,,,0.0587195355606666,0.2603229106844236,0.5069426161358626,1.0,1.0664444639666475,,0.2,False,,,,,0.24485,diagonal,gaussian,,,,,,,,
noise,0.01521,False,0.2093971402980305,0.7781294630036842,0.8098396306232025,1.0,1.8883697206666523,,0.2,,,,normal,0.0,,,,,,,,,,,
gaussian,,,0.1361706511399253,0.4797853852536084,0.7762700253554711,1.0,1.3459197190216046,,0.2,False,,,,,0.43309,identity,gaussian,,,,,,,,
noise,0.0506,True,5.7808025044514544e-05,0.0281772727778873,0.3211553377529819,1.0,1.064365062905534,,0.2,,,,student_t,8.0,,,,,,,,,,,
gaussian,,,0.0150409910456017,0.038900188168842,1.3450254297966702,1.0,1.091367736578274,,0.3,False,,,,,0.93066,identity,rank_gauss,,,,,,,,
noise,0.31503,False,0.3825065938842482,18.661309490786383,1.400213375244181,1.0,28.41817420023584,,0.3,,,,student_t,4.0,,,,,,,,,,,
gaussian,,,0.0095280068599624,0.0392803072975254,1.005927527330264,1.0,1.0930066449768374,,0.3,True,,,,,0.57007,diagonal,rank_gauss,,,,,,,,
noise,0.0713,True,0.0,0.028840614011351,0.3224965833440878,1.0,1.0655418290570435,,0.2,,,,student_t,5.0,,,,,,,,,,,
gaussian,,,0.178464468276038,0.5511977324344164,0.979453847112738,1.0,1.42643624393718,,0.2,False,,,,,0.62248,identity,gaussian,,,,,,,,
noise,0.05676,True,0.0,0.0285651787337536,0.3208753614196554,1.0,1.0646788944791907,,0.3,,,,normal,0.0,,,,,,,,,,,
gaussian,,,0.1247763862216665,0.4386692394411574,0.6697493920458586,1.0,1.2969444315448566,,0.2,False,,,,,0.33351,identity,gaussian,,,,,,,,
noise,0.00845,False,0.0597842165134726,0.3203432055678953,0.5219595725585698,1.0,1.4079611555874243,,0.2,,,,student_t,5.0,,,,,,,,,,,
gaussian,,,0.1455173136295139,0.5075674929079852,0.8530495724161512,1.0,1.3780133466503195,,0.2,True,,,,,0.50456,identity,gaussian,,,,,,,,
noise,0.13202,False,0.380185575086431,8.657300061475182,1.3764485512836424,1.0,11.929942441317404,,0.3,,,,normal,0.0,,,,,,,,,,,
gaussian,,,0.0693637451585409,0.2935841463860913,0.4239731921875974,1.0,1.1139984023436094,,0.2,True,,,,,0.05388,identity,gaussian,,,,,,,,
noise,0.01015,True,0.0,0.0281780610775484,0.3226360225305184,1.0,1.0628911887562795,,0.2,,,,student_t,3.0,,,,,,,,,,,
gaussian,,,0.0713788033666885,0.3003948628238045,0.4297284698009251,1.0,1.1229012490878267,,0.2,False,,,,,0.06461,identity,gaussian,,,,,,,,
noise,0.23035,False,0.3818775844419259,15.321321039484982,1.386563507562267,1.0,20.578865541517427,,0.3,,,,normal,0.0,,,,,,,,,,,
gaussian,,,0.0580432943600722,0.2598740113621601,0.7094571393961027,1.0,1.0660726110779186,,0.2,True,,,,,0.45056,diagonal,gaussian,,,,,,,,
noise,0.00686,False,0.0524552410527491,0.2597734750158751,0.4439865155068704,1.0,1.3086929115256154,,0.2,,,,normal,0.0,,,,,,,,,,,
gaussian,,,0.1988597648857734,0.6783354418131374,1.3588771013781262,1.0,1.5449432964470082,,0.2,True,,,,,0.97399,identity,gaussian,,,,,,,,
noise,0.03578,False,0.3493529308526013,2.069436599514167,1.2150349464692345,1.0,3.582526522415696,,0.2,,,,student_t,8.0,,,,,,,,,,,
noise,0.3409,False,0.3817475994380368,22.8163485592112,1.389051929678355,1.0,30.315647910753803,,0.3,,,,normal,0.0,,,,,,,,,,,
noise,0.2021,True,0.0008373395597964,0.0453916964580034,0.3303687511200555,1.0,1.0869768386581171,,0.3,,,,student_t,4.0,,,,,,,,,,,
gaussian,,,0.0088468701305782,0.0393409923595635,0.6826804333508527,1.0,1.0933740591456496,,0.3,False,,,,,0.26426,identity,rank_gauss,,,,,,,,
noise,0.01796,False,0.2156534245459115,0.8350946883956221,0.8984723943804467,1.0,2.099739177593273,,0.2,,,,student_t,4.0,,,,,,,,,,,
gaussian,,,0.062304512022038,0.2603135537607302,0.5113509542793289,1.0,1.0664364032467355,,0.2,True,,,,,0.25028,diagonal,gaussian,,,,,,,,
noise,0.30826,True,0.0039528406074489,0.0781255780315556,0.3342613187093209,1.0,1.11450441180166,,0.2,,,,normal,0.0,,,,,,,,,,,
gaussian,,,0.0109161253660693,0.0393256860081876,0.954556864490212,1.0,1.0933301900732393,,0.3,True,,,,,0.51964,diagonal,rank_gauss,,,,,,,,
noise,0.39397,True,0.0070819531239767,0.1041880396773562,0.3716748757446377,1.0,1.1432412052031606,,0.2,,,,student_t,5.0,,,,,,,,,,,
gaussian,,,0.0618799327245177,0.2596100108971463,0.8720517311330996,1.0,1.0657407415447488,,0.2,True,,,,,0.5908,diagonal,gaussian,,,,,,,,
noise,0.27763,True,0.0004255770489812,0.0577559576501416,0.3326070688926933,1.0,1.1012655063991488,,0.2,,,,student_t,3.0,,,,,,,,,,,
noise,0.02681,True,0.0,0.0282240318304132,0.3218832455353307,1.0,1.0632771186096213,,0.2,,,,normal,0.0,,,,,,,,,,,
gaussian,,,0.1857708522874556,0.6186722633994047,1.18379293048511,1.0,1.4950974499683332,,0.2,False,,,,,0.8134,identity,gaussian,,,,,,,,
noise,0.05077,False,0.3703144042855119,3.1590371057981,1.2880667594079562,1.0,4.836472677688148,,0.2,,,,normal,0.0,,,,,,,,,,,
gaussian,,,0.127839084818625,0.4696943004531086,0.749321189836495,1.0,1.3340777851842345,,0.2,True,,,,,0.408,identity,gaussian,,,,,,,,
noise,0.07582,False,0.3796884647203409,4.851882699381116,1.3443416461103124,1.0,7.008239834747016,,0.2,,,,normal,0.0,,,,,,,,,,,
noise,0.09044,False,0.3795165812437645,5.399766703929683,1.3585192443479963,1.0,8.404120206997728,,0.2,,,,student_t,5.0,,,,,,,,,,,
gaussian,,,0.0118451096550087,0.0390142311882597,1.2886349913373305,1.0,1.091725428620881,,0.3,False,,,,,0.86798,identity,rank_gauss,,,,,,,,
noise,0.17738,True,0.0007882110938485,0.0400618084066024,0.3242592416194456,1.0,1.0798145431382395,,0.2,,,,student_t,5.0,,,,,,,,,,,
gaussian,,,0.012777356406749,0.039238994261228,1.0839539864760726,1.0,1.0928066955446585,,0.3,False,,,,,0.64925,identity,rank_gauss,,,,,,,,
noise,0.02538,False,0.2824609111856623,1.2686449056450495,1.0695716073152777,1.0,2.699369499936681,,0.2,,,,student_t,4.0,,,,,,,,,,,
gaussian,,,0.0596409971999001,0.2604337238462076,0.4152566971127306,1.0,1.0666142054844203,,0.2,True,,,,,0.07537,diagonal,gaussian,,,,,,,,
noise,0.26937,False,0.3815306042794285,17.96661340130109,1.3878239817186462,1.0,24.014856632345367,,0.3,,,,normal,0.0,,,,,,,,,,,
noise,0.11834,True,0.0,0.0314578472587932,0.3193990338995213,1.0,1.0707920135767843,,0.2,,,,student_t,8.0,,,,,,,,,,,
gaussian,,,0.0125766320658327,0.0389699110459247,1.312759655176889,1.0,1.091564619420796,,0.3,False,,,,,0.89476,diagonal,rank_gauss,,,,,,,,
noise,0.00591,True,0.0009643496312728,0.0281842281673757,0.3225504796462704,1.0,1.062890090327436,,0.2,,,,normal,0.0,,,,,,,,,,,
gaussian,,,0.007236924244402,0.0393684334945178,0.8208401999549979,1.0,1.0939305516156552,,0.3,False,,,,,0.39104,diagonal,rank_gauss,,,,,,,,
noise,0.02814,True,0.0,0.0281827128174284,0.3233822690680951,1.0,1.0635550541690335,,0.2,,,,student_t,10.0,,,,,,,,,,,
gaussian,,,0.0670201487254452,0.2595798248913507,0.8893185616777622,1.0,1.0657030563231658,,0.2,True,,,,,0.60516,diagonal,gaussian,,,,,,,,
noise,0.0328,True,0.0,0.0282617892292571,0.3216848347979495,1.0,1.0634777086366656,,0.2,,,,normal,0.0,,,,,,,,,,,
gaussian,,,0.0571509246738035,0.2604162607082134,0.4243898042699746,1.0,1.066593777527714,,0.2,False,,,,,0.10721,diagonal,gaussian,,,,,,,,
noise,0.12679,False,0.3800508671342931,7.684770019225847,1.375619836794418,1.0,11.649733651208212,,0.2,,,,student_t,5.0,,,,,,,,,,,
gaussian,,,0.0598321883607392,0.2597448659439897,0.777743831399466,1.0,1.065926316441817,,0.2,False,,,,,0.51075,diagonal,gaussian,,,,,,,,
noise,0.01192,True,0.0,0.028182581648331,0.322363143032593,1.0,1.0629515451625948,,0.3,,,,normal,0.0,,,,,,,,,,,
gaussian,,,0.0640887478831689,0.2594609027515571,0.94829451289919,1.0,1.0655757151179273,,0.2,True,,,,,0.65368,diagonal,gaussian,,,,,,,,
noise,0.25075,True,0.0009693384902443,0.0578757202342301,0.3255355421945409,1.0,1.0974850447241498,,0.2,,,,student_t,8.0,,,,,,,,,,,
gaussian,,,0.0592743199186173,0.2595414720097267,0.9084637447513958,1.0,1.0656594861714397,,0.2,False,,,,,0.621,diagonal,gaussian,,,,,,,,
noise,0.01097,True,0.0,0.0281537113920495,0.3227187374041372,1.0,1.062912944384992,,0.2,,,,student_t,5.0,,,,,,,,,,,
gaussian,,,0.0637446184122927,0.2589845541062753,1.2181525202947152,1.0,1.065084502731605,,0.2,False,,,,,0.8686,diagonal,gaussian,,,,,,,,
noise,0.41913,False,0.3821764166941366,28.12068921734173,1.3896916846457497,1.0,37.20835177610965,,0.3,,,,normal,0.0,,,,,,,,,,,
gaussian,,,0.0106409631775491,0.039377890510578,0.8662813132368822,1.0,1.0939585922676986,,0.3,False,,,,,0.43416,identity,rank_gauss,,,,,,,,
noise,0.35138,True,0.0071634939919394,0.094786741199606,0.3462718284444191,1.0,1.1293638754261883,,0.2,,,,normal,0.0,,,,,,,,,,,
gaussian,,,0.0602465801420173,0.2589765501536406,1.2217504786890083,1.0,1.065079266927534,,0.2,True,,,,,0.87141,diagonal,gaussian,,,,,,,,
noise,0.08654,True,0.0,0.0293118709692087,0.3219247390810213,1.0,1.066534740950173,,0.2,,,,student_t,3.0,,,,,,,,,,,
gaussian,,,0.1461690298230376,0.5015796174038499,0.8361849042836401,1.0,1.3711552019398798,,0.2,True,,,,,0.48885,identity,gaussian,,,,,,,,
noise,0.01089,True,0.0001111968552598,0.0281812959668462,0.3223955264905309,1.0,1.0629381555848518,,0.2,,,,normal,0.0,,,,,,,,,,,
gaussian,,,0.0582995067267833,0.2601063389576312,0.6107806271565591,1.0,1.0662696521650457,,0.2,True,,,,,0.35791,diagonal,gaussian,,,,,,,,
noise,0.23663,True,0.0013910391056616,0.0550925972662035,0.3224442251015172,1.0,1.093660675807985,,0.2,,,,normal,0.0,,,,,,,,,,,
gaussian,,,0.0122873970261563,0.0391932648651347,1.1712542456713952,1.0,1.0927737032011242,,0.3,False,,,,,0.74066,identity,rank_gauss,,,,,,,,
noise,0.35426,False,0.382480839655158,23.72220059666173,1.389193977073357,1.0,31.492674726876004,,0.3,,,,normal,0.0,,,,,,,,,,,
gaussian,,,0.0076274087826678,0.039340010504862,0.6288140477943368,1.0,1.0935197717311296,,0.3,False,,,,,0.21684,diagonal,rank_gauss,,,,,,,,
noise,0.08715,False,0.3806317157883917,5.618706301636018,1.3560603955959534,1.0,7.997193628415703,,0.2,,,,normal,0.0,,,,,,,,,,,
gaussian,,,0.0060765995856556,0.0393196931876796,0.5083522472972176,1.0,1.0946168602516662,,0.3,True,,,,,0.10445,diagonal,rank_gauss,,,,,,,,
noise,0.04385,False,0.3651558551395563,2.692472142938826,1.2562324306900787,1.0,4.243131371415556,,0.2,,,,normal,0.0,,,,,,,,,,,
gaussian,,,0.0107030007620213,0.0392847495934454,1.0199058571085575,1.0,1.0929919553989296,,0.3,True,,,,,0.58407,identity,rank_gauss,,,,,,,,
noise,0.3276,False,0.382942702246106,17.3936623836077,1.402606052833461,1.0,29.137879934028145,,0.3,,,,student_t,3.0,,,,,,,,,,,
gaussian,,,0.0093428639994148,0.0392839483617615,0.987194396323028,1.0,1.0930100730020655,,0.3,True,,,,,0.55155,identity,rank_gauss,,,,,,,,
noise,0.1078,False,0.3811672378867215,7.016924484675494,1.3686588192386786,1.0,9.80488342524951,,0.2,,,,normal,0.0,,,,,,,,,,,
gaussian,,,0.0105528795690554,0.039193111413924,1.16846230796388,1.0,1.092765519486704,,0.3,True,,,,,0.73766,identity,rank_gauss,,,,,,,,
noise,0.19682,False,0.3805805169805357,11.550598785302109,1.395417057731305,1.0,17.852287445105468,,0.3,,,,student_t,4.0,,,,,,,,,,,
gaussian,,,0.054660943531264,0.259781954144579,0.7571569624764112,1.0,1.065969451635216,,0.2,True,,,,,0.49284,diagonal,gaussian,,,,,,,,
noise,0.21272,True,0.0005754117254145,0.0478736805873494,0.3215692140889326,1.0,1.0879833398985654,,0.2,,,,student_t,8.0,,,,,,,,,,,
gaussian,,,0.0062231622121232,0.0393382209471664,0.6664092757769823,1.0,1.0933258452490906,,0.3,False,,,,,0.24973,identity,rank_gauss,,,,,,,,
noise,0.12253,True,0.0,0.0326892939206857,0.3258269462153324,1.0,1.0722078532044936,,0.2,,,,student_t,10.0,,,,,,,,,,,
gaussian,,,0.0126859743264431,0.0390754082593542,1.2568011196726827,1.0,1.0920627881008302,,0.3,False,,,,,0.8331,diagonal,rank_gauss,,,,,,,,
noise,0.0913,False,0.3794889554915914,5.760268282191133,1.3659597029496025,1.0,8.431987306423302,,0.2,,,,student_t,10.0,,,,,,,,,,,
gaussian,,,0.0767699453669433,0.3456676042931636,0.4874242283789003,1.0,1.1809190489891908,,0.2,False,,,,,0.1421,identity,gaussian,,,,,,,,
noise,0.30659,False,0.3834814900927447,19.816876966899603,1.4158139306689252,1.0,27.57183381479455,,0.3,,,,student_t,8.0,,,,,,,,,,,
noise,0.27215,True,0.0024861519207031,0.065716761092874,0.327107719003855,1.0,1.1033771076436554,,0.2,,,,normal,0.0,,,,,,,,,,,
gaussian,,,0.0119613117264684,0.0392005448784022,1.1533168533746705,1.0,1.0927480997057932,,0.3,True,,,,,0.72179,identity,rank_gauss,,,,,,,,
noise,0.17254,False,0.3823249685741116,11.402853334777658,1.3828241813811597,1.0,15.49134791540606,,0.3,,,,normal,0.0,,,,,,,,,,,
noise,0.02576,True,0.0,0.0281753735868883,0.3233292127656675,1.0,1.0634631775884866,,0.2,,,,student_t,10.0,,,,,,,,,,,
gaussian,,,0.0128006102030783,0.0391345233607993,1.2202472852146375,1.0,1.0924771020583428,,0.3,False,,,,,0.79327,identity,rank_gauss,,,,,,,,
noise,0.01823,True,0.0,0.0281234305848295,0.3221774963247468,1.0,1.0630804888427003,,0.2,,,,student_t,8.0,,,,,,,,,,,
gaussian,,,0.0111503812287648,0.0391905563296906,1.1789529794960485,1.0,1.0927823893562654,,0.3,True,,,,,0.74883,identity,rank_gauss,,,,,,,,
noise,0.03075,False,0.3390439114423976,1.811563536475678,1.1476267816132264,1.0,3.136366304668277,,0.2,,,,normal,0.0,,,,,,,,,,,
noise,0.00619,True,5.913208361296718e-05,0.0282307559690048,0.3228602961453247,1.0,1.0629454903721758,,0.2,,,,student_t,4.0,,,,,,,,,,,
noise,0.12029,False,0.3821765680993558,7.6784528152970015,1.3819114256225329,1.0,10.995663836050548,,0.3,,,,student_t,10.0,,,,,,,,,,,
gaussian,,,0.0616773610702837,0.2596232607508081,0.8629116494708498,1.0,1.065759759695125,,0.3,False,,,,,0.58316,diagonal,gaussian,,,,,,,,
noise,0.03126,True,0.0001707698098843,0.0282512319937949,0.3217360886780837,1.0,1.0634223253972326,,0.2,,,,normal,0.0,,,,,,,,,,,
gaussian,,,0.0137959010960826,0.0387816996270963,1.4004626089713792,1.0,1.0910393857814678,,0.3,False,,,,,0.99289,identity,rank_gauss,,,,,,,,
noise,0.0296,False,0.3292267433264065,1.668272100228133,1.145714082667486,1.0,3.059385865328258,,0.2,,,,student_t,8.0,,,,,,,,,,,
gaussian,,,0.1154063137193286,0.4484620904263312,0.6943149690625836,1.0,1.3087966518699468,,0.2,False,,,,,0.35661,identity,gaussian,,,,,,,,
noise,0.00646,True,0.000128037143299,0.0281832884473374,0.322533500122942,1.0,1.062894041391887,,0.2,,,,normal,0.0,,,,,,,,,,,
gaussian,,,0.1499831406216911,0.4948162177940524,0.8173436285408601,1.0,1.3633709820788886,,0.2,True,,,,,0.47131,identity,gaussian,,,,,,,,
noise,0.10431,True,0.0,0.0306602260797889,0.3193948787511295,1.0,1.0689440580783884,,0.2,,,,normal,0.0,,,,,,,,,,,
gaussian,,,0.0629106272687435,0.2591817418380234,1.3702498716848,1.0,1.064816737747834,,0.2,True,,,,,0.96679,diagonal,gaussian,,,,,,,,
noise,0.03853,False,0.3547287460653236,2.334338347928967,1.2222216989291936,1.0,3.790457664611536,,0.2,,,,normal,0.0,,,,,,,,,,,
gaussian,,,0.0575615840973184,0.2604336883484496,0.4153355083413012,1.0,1.0666140244856994,,0.2,True,,,,,0.07573,diagonal,gaussian,,,,,,,,
noise,0.0285,True,8.108313773791398e-05,0.0284560344890491,0.3232938305774124,1.0,1.0635760378738508,,0.2,,,,student_t,4.0,,,,,,,,,,,
gaussian,,,0.011858759110229,0.0391266617605858,1.2330307257791946,1.0,1.092413764868328,,0.3,False,,,,,0.80716,identity,rank_gauss,,,,,,,,
noise,0.01183,True,0.0,0.0282834836624114,0.3229745742605276,1.0,1.0630524851832377,,0.2,,,,student_t,4.0,,,,,,,,,,,
gaussian,,,0.0041825287412584,0.0393380904692214,0.6163549870362837,1.0,1.0935894568727238,,0.3,False,,,,,0.20566,identity,rank_gauss,,,,,,,,
noise,0.01536,False,0.1347916588336954,0.5945585818398824,0.7970726103912725,1.0,1.8576452966478805,,0.2,,,,student_t,3.0,,,,,,,,,,,
gaussian,,,0.0823622089535478,0.3278423781493989,0.4609770294916058,1.0,1.158299359436319,,0.2,True,,,,,0.11032,identity,gaussian,,,,,,,,
noise,0.11765,False,0.3811471789682534,6.791017708320615,1.3814616994322364,1.0,10.788833723007818,,0.2,,,,student_t,4.0,,,,,,,,,,,
gaussian,,,0.060428381671934,0.2595984404030556,0.878641071906495,1.0,1.0657264437314753,,0.2,True,,,,,0.59629,diagonal,gaussian,,,,,,,,
noise,0.00988,False,0.1220710537814009,0.4383255461436375,0.5875064494085949,1.0,1.5029240494919187,,0.3,,,,normal,0.0,,,,,,,,,,,
noise,0.33819,True,0.004662976464298,0.0894833088199614,0.3421860260522715,1.0,1.124644372961768,,0.2,,,,normal,0.0,,,,,,,,,,,
gaussian,,,0.1974098656923847,0.6476851502844992,1.2687963958796504,1.0,1.520335852822368,,0.3,True,,,,,0.89199,identity,gaussian,,,,,,,,
noise,0.03185,False,0.2937661141799298,1.4516009233843563,1.1578508601919413,1.0,3.1724674651780385,,0.2,,,,student_t,3.0,,,,,,,,,,,
noise,0.14827,False,0.3810113116520042,9.431800605950809,1.4049088718612512,1.0,13.487098810405362,,0.3,,,,student_t,8.0,,,,,,,,,,,
gaussian,,,0.0663758939251056,0.2596521061170483,0.8413414183257999,1.0,1.0658026347222542,,0.3,True,,,,,0.56504,diagonal,gaussian,,,,,,,,
noise,0.05651,False,0.3727073730432392,3.5465726477669555,1.3071867026407011,1.0,5.3314900028102015,,0.3,,,,normal,0.0,,,,,,,,,,,
gaussian,,,0.0823230234764013,0.3516513984410784,0.4972986261764515,1.0,1.1884745153637728,,0.2,True,,,,,0.15317,identity,gaussian,,,,,,,,
noise,0.01608,False,0.2378226346462627,0.8349380868640439,0.8397842316797592,1.0,1.95449391064934,,0.2,,,,normal,0.0,,,,,,,,,,,
gaussian,,,0.0070773229863597,0.0393648446262352,0.7581857451646834,1.0,1.0935410021378995,,0.3,False,,,,,0.33317,identity,rank_gauss,,,,,,,,
noise,0.25329,True,0.0029352007794982,0.0598788318861448,0.3243562431298342,1.0,1.0980622408781138,,0.3,,,,normal,0.0,,,,,,,,,,,
gaussian,,,0.1853298134422977,0.6299726580846104,1.2168489724976332,1.0,1.5051441559401104,,0.2,False,,,,,0.84408,identity,gaussian,,,,,,,,
noise,0.00757,True,1.5283291479040173e-05,0.0281543238525308,0.3225040818175304,1.0,1.0629119456403426,,0.3,,,,student_t,8.0,,,,,,,,,,,
gaussian,,,0.0046906571684173,0.0392792618076779,0.4301630382318896,1.0,1.0954268292688885,,0.3,False,,,,,0.02704,identity,rank_gauss,,,,,,,,
gaussian,,,0.0140095284740546,0.0391234845594746,1.2373391074947868,1.0,1.0923777237973256,,0.3,True,,,,,0.81185,identity,rank_gauss,,,,,,,,
noise,0.02171,False,0.2657176453872912,1.1023385423625318,0.9981223413787712,1.0,2.4080925250793284,,0.2,,,,student_t,5.0,,,,,,,,,,,
gaussian,,,0.0109431817817033,0.0391235782847656,1.23770290727583,1.0,1.0923746037265594,,0.3,False,,,,,0.81225,identity,rank_gauss,,,,,,,,
noise,0.18453,False,0.3822019912874138,11.316600049156724,1.384651846507335,1.0,16.820224451939396,,0.3,,,,student_t,5.0,,,,,,,,,,,
gaussian,,,0.0094698510176254,0.0392813677855579,0.9950590383428348,1.0,1.093026429898298,,0.3,True,,,,,0.55941,identity,rank_gauss,,,,,,,,
noise,0.00567,False,0.0330642915450863,0.1952567875268165,0.3934503464098222,1.0,1.2407031106461024,,0.2,,,,normal,0.0,,,,,,,,,,,
noise,0.00625,False,0.0401307195071357,0.2227865927878756,0.4261751655221061,1.0,1.2784122987244733,,0.3,,,,student_t,10.0,,,,,,,,,,,
gaussian,,,0.0122415685536667,0.0388524986326607,1.3643123112297542,1.0,1.091215975934679,,0.3,False,,,,,0.9522,identity,rank_gauss,,,,,,,,
noise,0.06357,False,0.3779822351845408,3.882556561084796,1.3449849161254666,1.0,5.993544749169885,,0.3,,,,student_t,8.0,,,,,,,,,,,
noise,0.08835,True,0.0,0.0296693473165664,0.3198464333953748,1.0,1.0672346597149076,,0.2,,,,normal,0.0,,,,,,,,,,,
gaussian,,,0.0135443253167816,0.0392007240288744,1.1535857600561237,1.0,1.0927489137230588,,0.3,False,,,,,0.72207,diagonal,rank_gauss,,,,,,,,
noise,0.44955,False,0.3815309475921803,23.97949376614499,1.4038575219766765,1.0,39.9090009480993,,0.3,,,,student_t,3.0,,,,,,,,,,,
gaussian,,,0.1943803754309341,0.6455018942188011,1.2623748446795409,1.0,1.5184977260881314,,0.3,False,,,,,0.88609,identity,gaussian,,,,,,,,
noise,0.00595,True,6.382818168226834e-06,0.0281841682556465,0.3225492459046674,1.0,1.0628903663125162,,0.2,,,,normal,0.0,,,,,,,,,,,
noise,0.00889,True,0.0,0.0281563015060335,0.3227221467215874,1.0,1.0628943203650338,,0.2,,,,student_t,5.0,,,,,,,,,,,
gaussian,,,0.0087489007336902,0.0393590390937388,0.8847965623059103,1.0,1.0938030694950684,,0.3,False,,,,,0.45214,diagonal,rank_gauss,,,,,,,,
gaussian,,,0.0086732799778365,0.0393496443758618,0.6034678838348203,1.0,1.0937379041661182,,0.3,True,,,,,0.19386,identity,rank_gauss,,,,,,,,
noise,0.14886,False,0.3823195867737965,9.072820864345008,1.3803835712893209,1.0,13.624732515508535,,0.3,,,,student_t,5.0,,,,,,,,,,,
noise,0.21948,False,0.3790018987229268,13.515658743571109,1.3869414402636189,1.0,19.95362765300559,,0.3,,,,student_t,5.0,,,,,,,,,,,
gaussian,,,0.0079709454359147,0.0393687599075616,0.7803273892519704,1.0,1.0936421523290427,,0.3,True,,,,,0.35337,diagonal,rank_gauss,,,,,,,,
noise,0.39395,True,0.0066629891188474,0.1028787862147404,0.3790156397002792,1.0,1.14670330035427,,0.3,,,,student_t,4.0,,,,,,,,,,,
noise,0.01706,False,0.2507104237104248,0.8991794939864455,0.871472118640457,1.0,2.0297676896116528,,0.2,,,,normal,0.0,,,,,,,,,,,
noise,0.06573,False,0.3794312972464649,4.169554628362765,1.328773524194522,1.0,6.130349841926108,,0.2,,,,normal,0.0,,,,,,,,,,,
gaussian,,,0.0088295786748601,0.0392648853702479,1.0533630636648188,1.0,1.0929693369999,,0.3,True,,,,,0.61794,diagonal,rank_gauss,,,,,,,,
noise,0.28181,False,0.3818751085120512,18.81003724574811,1.3881190504300045,1.0,25.11049926941297,,0.3,,,,normal,0.0,,,,,,,,,,,
gaussian,,,0.1472348719261732,0.4953163727716044,0.8187303863415822,1.0,1.36394826027974,,0.2,True,,,,,0.4726,identity,gaussian,,,,,,,,
noise,0.02591,True,0.0,0.0282198399011941,0.3219128224582875,1.0,1.0632504302332872,,0.3,,,,normal,0.0,,,,,,,,,,,
gaussian,,,0.0117609456015569,0.0389730238951929,1.3049607659937843,1.0,1.0915622479514366,,0.3,False,,,,,0.88606,identity,rank_gauss,,,,,,,,
noise,0.00818,False,0.0664338820940094,0.3058469781392899,0.5091982148587787,1.0,1.3905366231319918,,0.2,,,,student_t,5.0,,,,,,,,,,,
gaussian,,,0.0113236018200764,0.0392651337529989,1.0524149112401435,1.0,1.092977734165509,,0.3,True,,,,,0.61696,diagonal,rank_gauss,,,,,,,,
noise,0.18061,False,0.3799701668797405,10.575674669516202,1.3939495284146803,1.0,16.40455483070343,,0.3,,,,student_t,4.0,,,,,,,,,,,
gaussian,,,0.0141054895914431,0.0390515760663345,1.268079308099737,1.0,1.0919289405771735,,0.3,True,,,,,0.84538,identity,rank_gauss,,,,,,,,
noise,0.12892,False,0.3824229021804122,8.447313488825525,1.3756991686337112,1.0,11.657747774159995,,0.3,,,,normal,0.0,,,,,,,,,,,
gaussian,,,0.007110598505029,0.0393471894677697,0.6062549687006675,1.0,1.0936936426599826,,0.3,False,,,,,0.19638,identity,rank_gauss,,,,,,,,
noise,0.00534,True,0.0,0.0281637975287036,0.3227267694327772,1.0,1.0628736384381554,,0.2,,,,student_t,5.0,,,,,,,,,,,
gaussian,,,0.014370417051338,0.0388514071166284,1.365166699538345,1.0,1.0912121299521476,,0.3,False,,,,,0.95315,identity,rank_gauss,,,,,,,,
noise,0.01635,True,0.0001462199008427,0.0281270837789646,0.3222356630424357,1.0,1.0630415986176585,,0.3,,,,student_t,8.0,,,,,,,,,,,
gaussian,,,0.1851922736531207,0.6136305513930566,1.1686889063808286,1.0,1.4904081228461994,,0.2,False,,,,,0.79934,identity,gaussian,,,,,,,,
noise,0.06044,False,0.3769830735948939,3.81208161060452,1.3175632203034584,1.0,5.671537450406371,,0.3,,,,normal,0.0,,,,,,,,,,,
gaussian,,,0.0029556980503164,0.0393079399469349,0.4949146838236892,1.0,1.0947039132209777,,0.3,False,,,,,0.09164,diagonal,rank_gauss,,,,,,,,
noise,0.00957,True,0.0,0.0281804995102121,0.3224368615830335,1.0,1.0629227240616548,,0.2,,,,normal,0.0,,,,,,,,,,,
gaussian,,,0.1973308723795783,0.679653115067563,1.362764925874555,1.0,1.54595595933413,,0.3,False,,,,,0.97749,identity,gaussian,,,,,,,,
noise,0.14738,False,0.3832609896768203,9.697937814926773,1.379508448918341,1.0,13.279298031535037,,0.3,,,,normal,0.0,,,,,,,,,,,
noise,0.03883,False,0.3586156611614329,2.354528863635899,1.2244364848385327,1.0,3.815890232505523,,0.3,,,,normal,0.0,,,,,,,,,,,
noise,0.1708,True,9.19645931941604e-05,0.0395059786935871,0.318831133905138,1.0,1.0790463688131724,,0.3,,,,normal,0.0,,,,,,,,,,,
gaussian,,,0.0095077251696008,0.0393820656619492,0.843414628485429,1.0,1.0940282884140071,,0.3,True,,,,,0.41243,diagonal,rank_gauss,,,,,,,,
noise,0.00803,False,0.0796753899026851,0.3268991643132212,0.4988266170600824,1.0,1.380886958823723,,0.3,,,,normal,0.0,,,,,,,,,,,
noise,0.0687,True,0.0,0.0284776567365682,0.320594321472909,1.0,1.0655889465034978,,0.3,,,,student_t,8.0,,,,,,,,,,,
noise,0.02835,True,0.0002144864962408,0.0284540387518519,0.3232910642295402,1.0,1.063569946400646,,0.3,,,,student_t,4.0,,,,,,,,,,,
gaussian,,,0.0630378439257496,0.258988160591089,1.2166167990635772,1.0,1.0650867069078045,,0.3,True,,,,,0.8674,diagonal,gaussian,,,,,,,,
noise,0.09846,True,0.0,0.0302582874123923,0.3195522507143617,1.0,1.0682850270704811,,0.3,,,,normal,0.0,,,,,,,,,,,
gaussian,,,0.00569027601587,0.0393462308473964,0.5519550412094499,1.0,1.094318859884,,0.3,False,,,,,0.14672,diagonal,rank_gauss,,,,,,,,
noise,0.00985,False,0.106883156625716,0.4272155112595429,0.590814566875279,1.0,1.5083032470691655,,0.3,,,,student_t,10.0,,,,,,,,,,,
gaussian,,,0.1982643209822891,0.6557880207975273,1.2926125761399836,1.0,1.527054734297959,,0.3,False,,,,,0.91382,identity,gaussian,,,,,,,,
noise,0.01414,False,0.1978180363633009,0.7086088730142281,0.7705405057643779,1.0,1.808052589728765,,0.2,,,,normal,0.0,,,,,,,,,,,
gaussian,,,0.1779667197506081,0.6191863605684519,1.1853198737738395,1.0,1.4955681278172492,,0.2,False,,,,,0.81482,identity,gaussian,,,,,,,,
noise,0.25346,False,0.3821494152190584,16.887975865894713,1.3873790313811358,1.0,22.61372815061253,,0.3,,,,normal,0.0,,,,,,,,,,,
gaussian,,,0.0904278458552893,0.3637864005587297,0.5187476425029932,1.0,1.203744048109011,,0.3,False,,,,,0.17624,identity,gaussian,,,,,,,,
noise,0.00852,False,0.0906071172771794,0.3558893177075229,0.5223882956466962,1.0,1.4123812173146804,,0.2,,,,normal,0.0,,,,,,,,,,,
gaussian,,,0.0115503077673533,0.0393555844742041,0.9264344073997848,1.0,1.0936253121329274,,0.3,True,,,,,0.49244,identity,rank_gauss,,,,,,,,
noise,0.07668,True,0.0006228391656856,0.028957588886776,0.3220055726705963,1.0,1.0657177624724592,,0.3,,,,student_t,3.0,,,,,,,,,,,
gaussian,,,0.1734256891573679,0.6199418501181453,1.1875568339534937,1.0,1.4962564883476055,,0.2,False,,,,,0.8169,identity,gaussian,,,,,,,,
noise,0.02926,True,0.0006608075261432,0.0280985013308293,0.3218322309636814,1.0,1.0633876964775766,,0.3,,,,student_t,8.0,,,,,,,,,,,
gaussian,,,0.1211257926864527,0.4343867022737363,0.6591978486002936,1.0,1.2917290978695335,,0.3,True,,,,,0.32354,identity,gaussian,,,,,,,,
noise,0.02109,True,0.0001245300574939,0.0282056627084317,0.3220700552011958,1.0,1.0631228449368393,,0.3,,,,normal,0.0,,,,,,,,,,,
gaussian,,,0.0065287580361518,0.0393462179321169,0.6360136127037713,1.0,1.093483560426661,,0.3,False,,,,,0.22329,diagonal,rank_gauss,,,,,,,,
noise,0.3414,True,0.003213562075455,0.0907579396099523,0.3431470474372147,1.0,1.1257790254098856,,0.3,,,,normal,0.0,,,,,,,,,,,
noise,0.05617,True,5.36190990386709e-05,0.0285539376827783,0.3208953513248317,1.0,1.0646416630494788,,0.3,,,,normal,0.0,,,,,,,,,,,
gaussian,,,0.1301364303017728,0.437049778264946,0.665744368736545,1.0,1.2949742609289592,,0.3,True,,,,,0.32973,identity,gaussian,,,,,,,,
noise,0.03222,True,0.0001919440671539,0.0282056526940304,0.3224440632791243,1.0,1.063307389746646,,0.3,,,,student_t,3.0,,,,,,,,,,,
gaussian,,,0.0105729798438339,0.0393358391629798,0.949355558580555,1.0,1.0934029482467598,,0.3,False,,,,,0.51456,identity,rank_gauss,,,,,,,,
noise,0.36653,True,0.0077907828655643,0.1010676098678729,0.3514057250185984,1.0,1.1349688443612458,,0.3,,,,normal,0.0,,,,,,,,,,,
gaussian,,,0.0088874183740967,0.0393820133796833,0.8432160927277623,1.0,1.0940281384479742,,0.3,False,,,,,0.41224,diagonal,rank_gauss,,,,,,,,
noise,0.03593,False,0.3574876242015555,2.1594669286429324,1.2012376675936631,1.0,3.5706294866848665,,0.3,,,,normal,0.0,,,,,,,,,,,
gaussian,,,0.0076033606929337,0.0393461155785089,0.6470643415992477,1.0,1.09343508442258,,0.3,True,,,,,0.23292,diagonal,rank_gauss,,,,,,,,
noise,0.38294,True,0.0094582329623603,0.1080515852904178,0.3574880957100987,1.0,1.141251977200043,,0.3,,,,normal,0.0,,,,,,,,,,,
gaussian,,,0.0717406162087209,0.259063169962643,1.1832507511750203,1.0,1.06514058949506,,0.3,True,,,,,0.84126,diagonal,gaussian,,,,,,,,
noise,0.06468,False,0.375895085404054,4.098582161872342,1.326761365268853,1.0,6.039192973807321,,0.2,,,,normal,0.0,,,,,,,,,,,
gaussian,,,0.0082789909700532,0.0393624727342088,0.7571874634379765,1.0,1.0935298495169945,,0.3,False,,,,,0.33226,diagonal,rank_gauss,,,,,,,,
noise,0.00511,True,0.0,0.0281848473621596,0.3225751170650439,1.0,1.0628849450075504,,0.2,,,,normal,0.0,,,,,,,,,,,
gaussian,,,0.0652959612379542,0.2592494158237176,1.068418320202474,1.0,1.0653424644345044,,0.3,False,,,,,0.75045,diagonal,gaussian,,,,,,,,
noise,0.12979,True,0.0,0.0330387721524692,0.3188633448198069,1.0,1.0722507285568366,,0.3,,,,normal,0.0,,,,,,,,,,,
gaussian,,,0.0100363900053502,0.0392831329170051,1.0123488283438868,1.0,1.0929913015517585,,0.3,False,,,,,0.57653,diagonal,rank_gauss,,,,,,,,
noise,0.08236,False,0.379488151221604,5.29444906170948,1.3516796753875224,1.0,7.578766910979873,,0.3,,,,normal,0.0,,,,,,,,,,,
noise,0.15737,False,0.3805792817179422,10.374845622722257,1.3810218782086352,1.0,14.157380767666556,,0.3,,,,normal,0.0,,,,,,,,,,,
gaussian,,,0.0067563707063589,0.0393482672451093,0.7180762850053454,1.0,1.0935515248378076,,0.3,True,,,,,0.29647,identity,rank_gauss,,,,,,,,
noise,0.00989,True,0.0,0.0281681656109162,0.3229664204494925,1.0,1.063010380621525,,0.3,,,,student_t,10.0,,,,,,,,,,,
gaussian,,,0.1477009749568213,0.5257409086422062,0.9049778468395796,1.0,1.3985179576316875,,0.3,False,,,,,0.55296,identity,gaussian,,,,,,,,
noise,0.33154,True,0.0044195594033025,0.0868805456951112,0.3402648676949624,1.0,1.1223222215816082,,0.3,,,,normal,0.0,,,,,,,,,,,
gaussian,,,0.056662865783129,0.2603264767217113,0.5053124578366944,1.0,1.0664475339401709,,0.3,False,,,,,0.24282,diagonal,gaussian,,,,,,,,
noise,0.02795,False,0.3317115339731843,1.6238548946910956,1.1102773877602827,1.0,2.904231886770563,,0.2,,,,normal,0.0,,,,,,,,,,,
noise,0.009,False,0.0564698163740864,0.2896425099139524,0.5287918397197869,1.0,1.417071121031444,,0.3,,,,student_t,3.0,,,,,,,,,,,
noise,0.15933,True,0.0001326768017761,0.0374980887422786,0.3269911115292717,1.0,1.0782769986015903,,0.3,,,,student_t,4.0,,,,,,,,,,,
gaussian,,,0.0085700931471683,0.0393603055433899,0.5674556717054884,1.0,1.0941892410350502,,0.3,False,,,,,0.16131,identity,rank_gauss,,,,,,,,
noise,0.01193,True,0.0,0.0281826039428153,0.3223628280777911,1.0,1.0629516809515394,,0.3,,,,normal,0.0,,,,,,,,,,,
noise,0.0275,False,0.307853921829709,1.459357102566062,1.105831776487995,1.0,2.886941024680019,,0.2,,,,student_t,5.0,,,,,,,,,,,
gaussian,,,0.1944046624733435,0.6454057196935973,1.2620920351906793,1.0,1.5184165034124253,,0.2,False,,,,,0.88583,identity,gaussian,,,,,,,,
noise,0.01219,True,0.0,0.0281379316847411,0.3223635323320206,1.0,1.062969495184558,,0.2,,,,student_t,8.0,,,,,,,,,,,
gaussian,,,0.0663427358280215,0.2596833638593959,0.8198756271019941,1.0,1.0658436446481212,,0.2,False,,,,,0.54687,diagonal,gaussian,,,,,,,,
noise,0.0355,True,0.0002292568614385,0.0281004570982155,0.3216346875111498,1.0,1.0636212766157236,,0.2,,,,student_t,8.0,,,,,,,,,,,
gaussian,,,0.0088848903472692,0.039283017893225,0.4340521444247506,1.0,1.0954101247426236,,0.3,True,,,,,0.03108,identity,rank_gauss,,,,,,,,
noise,0.31517,True,0.0028378898563733,0.0806669661370137,0.335927466896323,1.0,1.1167733116733172,,0.2,,,,normal,0.0,,,,,,,,,,,
gaussian,,,0.0138525804423258,0.0389703608759201,1.3112108820951394,1.0,1.0915594975311804,,0.3,False,,,,,0.89304,identity,rank_gauss,,,,,,,,
noise,0.08615,False,0.3807864885789038,5.551004493249801,1.3552068822671224,1.0,7.909804786710092,,0.2,,,,normal,0.0,,,,,,,,,,,
gaussian,,,0.0076279216013886,0.0393671475228903,0.819285792925722,1.0,1.093917704739514,,0.3,True,,,,,0.38965,diagonal,rank_gauss,,,,,,,,
noise,0.13492,False,0.3815365483387076,8.196064337280564,1.377654178069868,1.0,12.377015117377908,,0.3,,,,student_t,5.0,,,,,,,,,,,
gaussian,,,0.1725947311963498,0.5896094241166743,1.095725680413447,1.0,1.4668846835908418,,0.2,False,,,,,0.73121,identity,gaussian,,,,,,,,
noise,0.017,True,0.0,0.0281650467318376,0.3231310896552571,1.0,1.0631788555932329,,0.2,,,,student_t,10.0,,,,,,,,,,,
gaussian,,,0.0050745932734449,0.0392864452393574,0.4357528694695855,1.0,1.095412238952869,,0.3,False,,,,,0.03292,diagonal,rank_gauss,,,,,,,,
noise,0.02234,False,0.2987756964524495,1.2487818614956616,1.0097887077571626,1.0,2.446633242061217,,0.2,,,,normal,0.0,,,,,,,,,,,
gaussian,,,0.0070971592176451,0.0393510210023614,0.7254888166962506,1.0,1.0935514597889902,,0.3,True,,,,,0.30321,diagonal,rank_gauss,,,,,,,,
noise,0.29395,False,0.3811062611100131,17.393185617560686,1.3997549834067,1.0,26.53333078768926,,0.3,,,,student_t,4.0,,,,,,,,,,,
gaussian,,,0.1645165473765755,0.557453306214718,0.998183102166644,1.0,1.433199013394116,,0.2,False,,,,,0.63997,identity,gaussian,,,,,,,,
noise,0.01029,False,0.1127499682206601,0.4220941803314012,0.608605180748881,1.0,1.5318343431281147,,0.2,,,,student_t,5.0,,,,,,,,,,,
gaussian,,,0.0135988691612402,0.0392352418172181,1.079023325458253,1.0,1.0928044711077367,,0.3,True,,,,,0.64419,diagonal,rank_gauss,,,,,,,,
noise,0.1675,False,0.3829254513137099,11.061305494050998,1.3822813739040016,1.0,15.04808881513235,,0.2,,,,normal,0.0,,,,,,,,,,,
gaussian,,,0.1536027671427792,0.5269609589960265,0.9084952214141732,1.0,1.3998748307658428,,0.2,False,,,,,0.55624,identity,gaussian,,,,,,,,
noise,0.0318,False,0.3350453424428632,1.810952325535509,1.1736044462330506,1.0,3.2446529005248395,,0.2,,,,student_t,8.0,,,,,,,,,,,
gaussian,,,0.0538159067258804,0.2596531655324082,0.8405469518550859,1.0,1.0658042256016294,,0.2,True,,,,,0.56437,diagonal,gaussian,,,,,,,,
noise,0.22813,False,0.3823638219924941,15.170832090125984,1.3864728067314982,1.0,20.383417173417,,0.3,,,,normal,0.0,,,,,,,,,,,
gaussian,,,0.0622710484671649,0.2596599498724331,0.835169370321813,1.0,1.0658148088047386,,0.2,False,,,,,0.55983,diagonal,gaussian,,,,,,,,
noise,0.24885,True,0.0005962706678018,0.0563004648095501,0.3366546536521924,1.0,1.0985028065393767,,0.3,,,,student_t,4.0,,,,,,,,,,,
gaussian,,,0.0141763006722652,0.0388725175758797,1.3555463676889692,1.0,1.0912905903604802,,0.3,False,,,,,0.94239,identity,rank_gauss,,,,,,,,
noise,0.21263,True,0.0004689341099944,0.0472283155365808,0.32682884568972,1.0,1.0871853084490106,,0.2,,,,student_t,5.0,,,,,,,,,,,
gaussian,,,0.0655417198664952,0.2593804720094042,0.9826708540519586,1.0,1.0655083397662568,,0.2,True,,,,,0.68162,diagonal,gaussian,,,,,,,,
noise,0.00566,False,0.0340355826803626,0.1947339452980287,0.3930619758870871,1.0,1.2401596602797305,,0.2,,,,normal,0.0,,,,,,,,,,,
noise,0.03632,True,0.0,0.0282862832791921,0.3215671282587104,1.0,1.0636142045977757,,0.2,,,,normal,0.0,,,,,,,,,,,
gaussian,,,0.0605587244445765,0.2598424598360678,0.7254325542719032,1.0,1.0660374727902522,,0.2,False,,,,,0.46486,diagonal,gaussian,,,,,,,,
noise,0.01373,False,0.1739358244330497,0.6209512513287179,0.7559316616616671,1.0,1.780810244933689,,0.2,,,,student_t,5.0,,,,,,,,,,,
gaussian,,,0.0060608074299949,0.0393288168777032,0.5309009503677495,1.0,1.0944732747309858,,0.3,True,,,,,0.12628,diagonal,rank_gauss,,,,,,,,
noise,0.09785,False,0.3823565436947482,6.343165167295914,1.3635729775793353,1.0,8.93322060156061,,0.2,,,,normal,0.0,,,,,,,,,,,
gaussian,,,0.0146754475237982,0.0388912403910752,1.3497002229180373,1.0,1.0913398286411191,,0.3,False,,,,,0.93589,diagonal,rank_gauss,,,,,,,,
noise,0.16881,False,0.3827980563956625,11.150080415875308,1.3824276437461651,1.0,15.163294875799892,,0.3,,,,normal,0.0,,,,,,,,,,,
gaussian,,,0.0193111584244392,0.0388358593387897,1.3750325234961378,1.0,1.0911569950787026,,0.3,False,,,,,0.96424,diagonal,rank_gauss,,,,,,,,
noise,0.4866,False,0.3821943022275562,31.628072690749644,1.4177887928534056,1.0,43.60245018427407,,0.3,,,,student_t,8.0,,,,,,,,,,,
noise,0.13662,False,0.3806518315566464,7.084149965047892,1.3895363812127726,1.0,12.288461924697955,,0.2,,,,student_t,3.0,,,,,,,,,,,
noise,0.02662,False,0.3036377616484743,1.4048837114861743,1.092140127382906,1.0,2.81329962050787,,0.2,,,,student_t,5.0,,,,,,,,,,,
gaussian,,,0.0111851635730183,0.0392815142408777,1.0267473173273869,1.0,1.0929996290468438,,0.3,True,,,,,0.59096,diagonal,rank_gauss,,,,,,,,
noise,0.12321,True,0.0002894994626131,0.0323243940513191,0.3189722917307939,1.0,1.0713290493377146,,0.2,,,,normal,0.0,,,,,,,,,,,
gaussian,,,0.1065369967420762,0.3984783262184675,0.589435719477459,1.0,1.2470346401335617,,0.2,False,,,,,0.24672,identity,gaussian,,,,,,,,
noise,0.41616,True,0.0071242400706549,0.1228142728679798,0.3714164637859684,1.0,1.1546257714802457,,0.3,,,,normal,0.0,,,,,,,,,,,
gaussian,,,0.0571090599406903,0.259245004941256,1.0725854123568097,1.0,1.065334787848458,,0.2,False,,,,,0.75377,diagonal,gaussian,,,,,,,,
noise,0.11324,True,0.0,0.031380345399523,0.3191770643836993,1.0,1.0700223276190872,,0.2,,,,normal,0.0,,,,,,,,,,,
gaussian,,,0.006657731673296,0.0392741811632024,0.4269029917059108,1.0,1.0954240282813446,,0.3,False,,,,,0.02359,identity,rank_gauss,,,,,,,,
noise,0.04913,False,0.3678620815330279,2.9390598012775184,1.3002343750926308,1.0,4.732735339324668,,0.2,,,,student_t,8.0,,,,,,,,,,,
gaussian,,,0.185637980336806,0.6529474015847524,1.2842568053477297,1.0,1.5247149591496871,,0.3,False,,,,,0.90617,identity,gaussian,,,,,,,,
noise,0.01969,False,0.2791454341321507,1.0726899447447882,0.9467019681833794,1.0,2.235282523858521,,0.3,,,,normal,0.0,,,,,,,,,,,
gaussian,,,0.0102149748524603,0.0393398966576054,0.6280485654559627,1.0,1.0935237936113087,,0.3,True,,,,,0.21613,identity,rank_gauss,,,,,,,,
noise,0.16926,False,0.3814902324599467,10.356017905154324,1.3831701773756162,1.0,15.451881062095165,,0.3,,,,student_t,5.0,,,,,,,,,,,
noise,0.18284,True,0.0003581374599099,0.041065827755839,0.3245630485486184,1.0,1.08087423025215,,0.2,,,,student_t,5.0,,,,,,,,,,,
noise,0.11462,False,0.3787016027474232,5.897644671954639,1.3826826277037592,1.0,10.353212114854935,,0.2,,,,student_t,3.0,,,,,,,,,,,
gaussian,,,0.0057816680604247,0.0393548040292134,0.7333643926291155,1.0,1.093559664292806,,0.3,False,,,,,0.3105,identity,rank_gauss,,,,,,,,
noise,0.00736,True,0.0,0.028182032915782,0.3225056431917619,1.0,1.0629012337925796,,0.2,,,,normal,0.0,,,,,,,,,,,
gaussian,,,0.0104758613711596,0.0392273424061429,1.0965901020888842,1.0,1.0927914792468327,,0.3,True,,,,,0.6623,identity,rank_gauss,,,,,,,,
noise,0.2344,True,0.0018686686966706,0.0480402145725314,0.3267460208525798,1.0,1.090406867746763,,0.2,,,,student_t,3.0,,,,,,,,,,,
gaussian,,,0.1843001048340293,0.6324175915002076,1.2239812049238743,1.0,1.5072731310134948,,0.2,True,,,,,0.85068,identity,gaussian,,,,,,,,
noise,0.00977,True,5.6550365186258666e-05,0.0281804255558861,0.3224306107623508,1.0,1.0629249373914096,,0.2,,,,normal,0.0,,,,,,,,,,,
gaussian,,,0.0104814675585791,0.0392258562189118,1.093516444466395,1.0,1.0927808758370234,,0.3,False,,,,,0.6591,identity,rank_gauss,,,,,,,,
noise,0.01478,True,0.0,0.0281463741616917,0.3227111967405492,1.0,1.0629595254770383,,0.3,,,,student_t,5.0,,,,,,,,,,,
gaussian,,,0.1582248280974111,0.5277794235544782,0.910853932427466,1.0,1.4007825787803845,,0.2,False,,,,,0.55844,identity,gaussian,,,,,,,,
noise,0.17246,True,0.0,0.0370200709107269,0.3226798525262001,1.0,1.0778446982059346,,0.2,,,,student_t,3.0,,,,,,,,,,,
gaussian,,,0.05868213595009,0.2597359061259489,0.7827635775929436,1.0,1.0659159756928993,,0.2,False,,,,,0.51509,diagonal,gaussian,,,,,,,,
noise,0.02429,True,0.0,0.0281425560817311,0.3226856205627424,1.0,1.0631461527907098,,0.3,,,,student_t,5.0,,,,,,,,,,,
gaussian,,,0.16519572521679,0.5337038452140093,0.927974341366854,1.0,1.4073181297747113,,0.2,False,,,,,0.57441,identity,gaussian,,,,,,,,
noise,0.01613,False,0.2305384093519407,0.8382089724968018,0.8414521415843543,1.0,1.958314502594386,,0.2,,,,normal,0.0,,,,,,,,,,,
gaussian,,,0.1818513595948275,0.6221776864759143,1.1941307330078694,1.0,1.4982714640122954,,0.2,True,,,,,0.82301,identity,gaussian,,,,,,,,
noise,0.02165,False,0.283331108859634,1.155383599934563,1.0030966117334073,1.0,2.402562824077788,,0.2,,,,student_t,8.0,,,,,,,,,,,
gaussian,,,0.007523171611926,0.0392811453225972,0.4318609610814216,1.0,1.0954195338027646,,0.3,True,,,,,0.02879,identity,rank_gauss,,,,,,,,
noise,0.39202,True,0.0067054696957817,0.1120107883211204,0.3610865977123123,1.0,1.1448220172543202,,0.2,,,,normal,0.0,,,,,,,,,,,
gaussian,,,0.0100492328798897,0.0393833259216936,0.8455805185632276,1.0,1.094027970719958,,0.3,False,,,,,0.41447,identity,rank_gauss,,,,,,,,
noise,0.2012,False,0.3820803996658048,13.035423036010693,1.3961470047875066,1.0,18.17489026376276,,0.3,,,,student_t,10.0,,,,,,,,,,,
gaussian,,,0.0084166033199044,0.0393389436079777,0.6769661218152544,1.0,1.093347157709073,,0.3,False,,,,,0.25914,identity,rank_gauss,,,,,,,,
noise,0.04478,False,0.3599916940397896,2.655338725829505,1.279128693765391,1.0,4.355749118332606,,0.2,,,,student_t,8.0,,,,,,,,,,,
gaussian,,,0.0490851637958744,0.2603147277018239,0.5108358665980121,1.0,1.0664373390281856,,0.3,True,,,,,0.24965,diagonal,gaussian,,,,,,,,
noise,0.01979,True,0.0,0.0282015948607742,0.3221121059453949,1.0,1.0630928630748993,,0.2,,,,normal,0.0,,,,,,,,,,,
gaussian,,,0.0120239182117992,0.039158431401853,1.2077438061362005,1.0,1.0926140833491562,,0.3,False,,,,,0.77971,identity,rank_gauss,,,,,,,,
noise,0.01132,True,0.0,0.028278832248228,0.3229643820380552,1.0,1.0630413511356216,,0.2,,,,student_t,4.0,,,,,,,,,,,
gaussian,,,0.0115829125123033,0.0387989810493424,1.3898252443163108,1.0,1.0910455343286225,,0.3,False,,,,,0.98087,identity,rank_gauss,,,,,,,,
noise,0.01388,False,0.1916423646344788,0.6917825764235521,0.7605706005094303,1.0,1.7887209596698816,,0.2,,,,normal,0.0,,,,,,,,,,,
gaussian,,,0.0068819361403912,0.0393463278581391,0.636234087845932,1.0,1.0934829368555143,,0.3,False,,,,,0.22348,identity,rank_gauss,,,,,,,,
noise,0.08394,True,0.0,0.02946187910808,0.3199819823720746,1.0,1.066811707647355,,0.2,,,,normal,0.0,,,,,,,,,,,
gaussian,,,0.0620587197600781,0.2593039674073997,1.1694189599913498,1.0,1.0646556799018718,,0.2,True,,,,,0.81131,diagonal,gaussian,,,,,,,,
noise,0.01242,False,0.1587559957304276,0.584223709002248,0.7045757246184252,1.0,1.6910420917060414,,0.2,,,,student_t,10.0,,,,,,,,,,,
gaussian,,,0.0533863372892474,0.2603718896061068,0.4721198388742108,1.0,1.0665086665495305,,0.2,False,,,,,0.19807,diagonal,gaussian,,,,,,,,
noise,0.02885,False,0.2720780351404666,1.2929990828400568,1.1181757904026066,1.0,2.92408688114679,,0.2,,,,student_t,3.0,,,,,,,,,,,
noise,0.28966,True,0.0024407345513085,0.0676281979248935,0.338693231995565,1.0,1.1074522626955643,,0.2,,,,student_t,5.0,,,,,,,,,,,
gaussian,,,0.1695604639208831,0.5521382773771215,0.9822598802096952,1.0,1.427455805583088,,0.2,False,,,,,0.6251,identity,gaussian,,,,,,,,
noise,0.10373,True,0.0,0.0306174452858092,0.3194100010341205,1.0,1.0688770430366124,,0.2,,,,normal,0.0,,,,,,,,,,,
gaussian,,,0.0109182220034653,0.03920900778696,1.135632013597439,1.0,1.0927351678666457,,0.3,True,,,,,0.70323,diagonal,rank_gauss,,,,,,,,
noise,0.34161,True,0.005465180830615,0.0908416684614165,0.3432106782330214,1.0,1.1258535683479995,,0.2,,,,normal,0.0,,,,,,,,,,,
gaussian,,,0.0146540914973193,0.0391335308447729,1.220639979025466,1.0,1.092473567784,,0.3,False,,,,,0.7937,identity,rank_gauss,,,,,,,,
noise,0.03242,True,0.0,0.0282587132959435,0.3216974964130563,1.0,1.063463797458046,,0.2,,,,normal,0.0,,,,,,,,,,,
gaussian,,,0.0036962967775306,0.0392796468106579,0.4107694668173015,1.0,1.0955661223358528,,0.3,True,,,,,0.0062,identity,rank_gauss,,,,,,,,
noise,0.02444,False,0.3169399320143554,1.38895681295563,1.0520526134675852,1.0,2.616542348753842,,0.2,,,,normal,0.0,,,,,,,,,,,
gaussian,,,0.0077692260091934,0.0392796960193499,1.0019010435219324,1.0,1.0930141006922796,,0.3,False,,,,,0.56607,identity,rank_gauss,,,,,,,,
noise,0.05416,True,0.0007781498109158,0.0284780743991704,0.3239524734896869,1.0,1.0649666434378302,,0.2,,,,student_t,10.0,,,,,,,,,,,
noise,0.13568,False,0.3813273035181849,8.905233341037109,1.3772698387206552,1.0,12.251369372976368,,0.2,,,,normal,0.0,,,,,,,,,,,
gaussian,,,0.0673252776372616,0.2599831675704022,0.6597588940068397,1.0,1.0661745354810472,,0.2,False,,,,,0.40497,diagonal,gaussian,,,,,,,,
noise,0.00651,False,0.0484264611811906,0.2365574621878027,0.437157888514883,1.0,1.2935571019857073,,0.3,,,,student_t,10.0,,,,,,,,,,,
gaussian,,,0.0120871269718798,0.0391931476072383,1.169063819457124,1.0,1.0927676362766907,,0.3,True,,,,,0.73831,diagonal,rank_gauss,,,,,,,,
noise,0.10871,False,0.3785711236742117,5.579077818816403,1.380096356448287,1.0,9.833935261637018,,0.2,,,,student_t,3.0,,,,,,,,,,,
gaussian,,,0.0586964516667526,0.2598915097988566,0.7007743601161538,1.0,1.0660913643449583,,0.2,False,,,,,0.44272,diagonal,gaussian,,,,,,,,
noise,0.00901,True,0.0,0.028156187581753,0.3227219639298856,1.0,1.0628952641567389,,0.2,,,,student_t,5.0,,,,,,,,,,,
gaussian,,,0.132330175275477,0.4583293138113651,0.7196103308971805,1.0,1.3206213029060236,,0.2,True,,,,,0.38028,identity,gaussian,,,,,,,,
noise,0.01894,False,0.2796129532263019,1.0230739447154142,0.9266128506479792,1.0,2.176200528739588,,0.2,,,,normal,0.0,,,,,,,,,,,
gaussian,,,0.0123391707186759,0.0391264880838736,1.231869294429683,1.0,1.0924200520267782,,0.3,False,,,,,0.80592,identity,rank_gauss,,,,,,,,
noise,0.29696,True,0.0033587880240983,0.0698793387013368,0.3403433888109871,1.0,1.1096600813038322,,0.3,,,,student_t,5.0,,,,,,,,,,,
gaussian,,,0.0652973399752687,0.2596289495416298,0.8591283972566336,1.0,1.0657675928996484,,0.3,False,,,,,0.57999,diagonal,gaussian,,,,,,,,
noise,0.01,True,0.0,0.0281805015988252,0.3224234169740516,1.0,1.062927537813676,,0.2,,,,normal,0.0,,,,,,,,,,,
gaussian,,,0.0869501333984791,0.3379932811137792,0.4754893861547198,1.0,1.1712082502362513,,0.2,False,,,,,0.12821,identity,gaussian,,,,,,,,
noise,0.018,True,0.0,0.0281973359933983,0.322169744949914,1.0,1.06305466007219,,0.2,,,,normal,0.0,,,,,,,,,,,
gaussian,,,0.0524504094719642,0.2597570395261317,0.4084164719506867,1.0,1.064571384688215,,0.2,False,,,,,0.03155,diagonal,gaussian,,,,,,,,
noise,0.12407,True,0.0,0.0320403824112509,0.3193215078327657,1.0,1.071565622001707,,0.2,,,,student_t,8.0,,,,,,,,,,,
gaussian,,,0.0078771220284634,0.0393532571571281,0.5924222389078748,1.0,1.0938286365211836,,0.3,False,,,,,0.1838,diagonal,rank_gauss,,,,,,,,
noise,0.04782,False,0.3699166071834504,2.96004482366231,1.2758590609831435,1.0,4.583005785600164,,0.2,,,,normal,0.0,,,,,,,,,,,
gaussian,,,0.0069602228774418,0.0393410820576289,0.549790585586086,1.0,1.0943121638269495,,0.3,False,,,,,0.14457,diagonal,rank_gauss,,,,,,,,
noise,0.19982,False,0.383077078621116,11.731036482441874,1.3956501157234875,1.0,18.120269848882693,,0.3,,,,student_t,4.0,,,,,,,,,,,
gaussian,,,0.01398397415318,0.0392903133934928,0.9780171580003714,1.0,1.0930475364740757,,0.3,True,,,,,0.54253,identity,rank_gauss,,,,,,,,
noise,0.01151,True,0.0,0.0281817786631006,0.3223760470544331,1.0,1.0629460737345398,,0.2,,,,normal,0.0,,,,,,,,,,,
gaussian,,,0.0111790687317906,0.0393417694992883,0.94314174967848,1.0,1.093483880816999,,0.3,False,,,,,0.50859,identity,rank_gauss,,,,,,,,
noise,0.00683,False,0.0513181080722073,0.2580964963120725,0.4426281735424766,1.0,1.3069044994721473,,0.3,,,,normal,0.0,,,,,,,,,,,
gaussian,,,0.0602092783082229,0.2604133003360048,0.4254488518990919,1.0,1.0665914832953876,,0.2,False,,,,,0.11015,diagonal,gaussian,,,,,,,,
noise,0.02699,True,0.0,0.0282251335546432,0.321877322339633,1.0,1.0632825644715986,,0.2,,,,normal,0.0,,,,,,,,,,,
gaussian,,,0.0127218005065198,0.0389442844848497,1.330872559315046,1.0,1.0915139124018105,,0.3,False,,,,,0.91494,diagonal,rank_gauss,,,,,,,,
noise,0.0247,False,0.313856852838514,1.406337842290601,1.0568714181189267,1.0,2.637702629031525,,0.2,,,,normal,0.0,,,,,,,,,,,
gaussian,,,0.1533248370648535,0.5112313478406374,0.8634408260361605,1.0,1.382188057741656,,0.2,True,,,,,0.51424,identity,gaussian,,,,,,,,
gaussian,,,0.1779716299596687,0.6056048126099522,1.1443792130522834,1.0,1.4827312164350874,,0.2,True,,,,,0.77667,identity,gaussian,,,,,,,,
noise,0.0835,False,0.379306486102749,5.37161608711248,1.3527918746895775,1.0,7.678312506191105,,0.2,,,,normal,0.0,,,,,,,,,,,
gaussian,,,0.0595647238013226,0.2601503491075992,0.5886171690469499,1.0,1.0663113142241514,,0.2,False,,,,,0.33565,diagonal,gaussian,,,,,,,,
noise,0.23697,True,0.0007892545860537,0.0551871874843264,0.322478663567109,1.0,1.093747703793823,,0.2,,,,normal,0.0,,,,,,,,,,,
gaussian,,,0.0127227783204447,0.0389353263714365,1.333643523290155,1.0,1.0914879632566588,,0.3,False,,,,,0.91802,diagonal,rank_gauss,,,,,,,,
noise,0.03967,False,0.3630422278484536,2.411059945641525,1.2304262452435546,1.0,3.887163676014085,,0.2,,,,normal,0.0,,,,,,,,,,,
gaussian,,,0.0629471262174681,0.2603669215717882,0.4756062756241836,1.0,1.066502017364071,,0.2,False,,,,,0.20315,diagonal,gaussian,,,,,,,,
noise,0.14084,False,0.3811806872326577,9.25482474401391,1.378325765665784,1.0,12.704639988382636,,0.2,,,,normal,0.0,,,,,,,,,,,
gaussian,,,0.1548212862028791,0.5387752090865005,0.942757214737232,1.0,1.4128889056784255,,0.2,False,,,,,0.58821,identity,gaussian,,,,,,,,
noise,0.07318,True,0.0,0.0290138075201045,0.3203264489125502,1.0,1.065869727737237,,0.2,,,,normal,0.0,,,,,,,,,,,
gaussian,,,0.0094849533391467,0.0393774758124207,0.8613913779861864,1.0,1.0939714123344315,,0.3,False,,,,,0.42946,identity,rank_gauss,,,,,,,,
noise,0.04647,False,0.3660026360744887,2.869026098823752,1.269624449787023,1.0,4.467257930295279,,0.2,,,,normal,0.0,,,,,,,,,,,
gaussian,,,0.0584974495090026,0.2603262512722885,0.5054165524195566,1.0,1.0664473321780947,,0.2,False,,,,,0.24295,diagonal,gaussian,,,,,,,,
noise,0.09969,False,0.3779744665576369,5.092971639865473,1.375249282431633,1.0,9.04209336290086,,0.2,,,,student_t,3.0,,,,,,,,,,,
gaussian,,,0.0652438397725793,0.2596235484144342,0.8627086269961648,1.0,1.065760173966409,,0.2,True,,,,,0.58299,diagonal,gaussian,,,,,,,,
noise,0.00684,True,0.0,0.0281827440492941,0.322521749226894,1.0,1.0628969681000089,,0.2,,,,normal,0.0,,,,,,,,,,,
noise,0.31632,True,0.0032291046790148,0.0810944321658864,0.3362142946918574,1.0,1.1171551827392954,,0.3,,,,normal,0.0,,,,,,,,,,,
gaussian,,,0.1485561322293526,0.4955256549364588,0.8193109124142955,1.0,1.3641896985727162,,0.2,False,,,,,0.47314,identity,gaussian,,,,,,,,
noise,0.14028,True,0.0,0.0342939938730205,0.3229190414911817,1.0,1.0734513569122666,,0.2,,,,student_t,5.0,,,,,,,,,,,
noise,0.0403,False,0.3459229301254369,2.15392382768692,1.238118024938533,1.0,3.962922448304431,,0.2,,,,student_t,4.0,,,,,,,,,,,
gaussian,,,0.0071862960872596,0.039354263613741,0.9029398960448108,1.0,1.0937349339831726,,0.3,True,,,,,0.46977,identity,rank_gauss,,,,,,,,
noise,0.00893,True,0.0,0.0281751542148975,0.3226484480554032,1.0,1.062882217103915,,0.2,,,,student_t,3.0,,,,,,,,,,,
gaussian,,,0.1889682739378838,0.6167484701511285,1.178053347822715,1.0,1.493322705966396,,0.2,True,,,,,0.80806,identity,gaussian,,,,,,,,
noise,0.01545,False,0.2270257184276155,0.7937745526889064,0.8182731210359236,1.0,1.906539618382033,,0.2,,,,normal,0.0,,,,,,,,,,,
gaussian,,,0.0150202321076038,0.0392062682237921,1.1395476039914347,1.0,1.0927305461747374,,0.3,False,,,,,0.70738,identity,rank_gauss,,,,,,,,
noise,0.03235,True,0.0,0.0282088408853319,0.3234754644050103,1.0,1.0637328754069473,,0.3,,,,student_t,10.0,,,,,,,,,,,
gaussian,,,0.0107011828398421,0.0392695460645716,1.0504600622026288,1.0,1.0929992000804791,,0.3,False,,,,,0.61493,identity,rank_gauss,,,,,,,,
noise,0.07906,True,0.0,0.0288201538139259,0.3202906057329965,1.0,1.0664520828599715,,0.2,,,,student_t,8.0,,,,,,,,,,,
gaussian,,,0.1580573541192892,0.5454624326538696,0.9624284941865748,1.0,1.420200516897262,,0.2,False,,,,,0.60658,identity,gaussian,,,,,,,,
noise,0.05117,False,0.372622195277014,3.1860272382718198,1.2895823947918237,1.0,4.8708951039671815,,0.2,,,,normal,0.0,,,,,,,,,,,
gaussian,,,0.1276647302475196,0.4342528805889437,0.6588703675740604,1.0,1.2915659451159018,,0.2,True,,,,,0.32323,identity,gaussian,,,,,,,,
noise,0.16882,True,8.928865981960854e-05,0.0397009377487737,0.3282255102611687,1.0,1.0799696380660255,,0.3,,,,student_t,10.0,,,,,,,,,,,
gaussian,,,0.0898075089351452,0.3607033629950563,0.5131210646704538,1.0,1.199870434046873,,0.3,False,,,,,0.1703,identity,gaussian,,,,,,,,
noise,0.055,False,0.3572095529090682,2.688420364532411,1.309045875548844,1.0,5.143537263897558,,0.2,,,,student_t,3.0,,,,,,,,,,,
gaussian,,,0.0068882225688398,0.0393021985245825,0.4636146989863904,1.0,1.0951487506868582,,0.3,False,,,,,0.06154,identity,rank_gauss,,,,,,,,
noise,0.03854,True,0.0,0.0283058084793035,0.3214925422614733,1.0,1.063707375135272,,0.2,,,,normal,0.0,,,,,,,,,,,
gaussian,,,0.184456952981084,0.639534177479509,1.2448379686089033,1.0,1.5134194931185638,,0.2,False,,,,,0.86994,identity,gaussian,,,,,,,,
noise,0.00633,True,0.0,0.0281835407976083,0.3225375164944803,1.0,1.0628930770857514,,0.2,,,,normal,0.0,,,,,,,,,,,
gaussian,,,0.0646204369825448,0.2593158595040966,1.1309114677626804,1.0,1.0646251659670765,,0.2,True,,,,,0.78126,diagonal,gaussian,,,,,,,,
noise,0.16438,False,0.3811051083237035,9.599735018593586,1.39204503809899,1.0,14.955589584582938,,0.2,,,,student_t,4.0,,,,,,,,,,,
gaussian,,,0.0095449940712321,0.0393454888985075,0.6466033493756727,1.0,1.093436471200547,,0.3,False,,,,,0.23252,identity,rank_gauss,,,,,,,,
noise,0.23173,False,0.3829443662023499,15.414868026813362,1.3866186124714914,1.0,20.700362607935563,,0.3,,,,normal,0.0,,,,,,,,,,,
gaussian,,,0.1164777870845149,0.4378643481119411,0.6677567038244253,1.0,1.2959656136618996,,0.2,True,,,,,0.33163,identity,gaussian,,,,,,,,
noise,0.00571,False,0.031942246428319,0.1973521490637166,0.3950107019132167,1.0,1.2428819809902256,,0.2,,,,normal,0.0,,,,,,,,,,,
gaussian,,,0.0051538932258178,0.0393518526301478,0.7503464108309831,1.0,1.093497384905663,,0.3,True,,,,,0.32594,identity,rank_gauss,,,,,,,,
noise,0.44751,True,0.0123970515287819,0.1373983028667675,0.3863822262085957,1.0,1.1680068322284607,,0.2,,,,normal,0.0,,,,,,,,,,,
gaussian,,,0.010592811475751,0.0393113855237126,0.4963175974048894,1.0,1.0947025409359776,,0.3,False,,,,,0.09302,identity,rank_gauss,,,,,,,,
noise,0.11202,False,0.3788242627222295,5.757488212430553,1.3815980901275184,1.0,10.124726319211714,,0.2,,,,student_t,3.0,,,,,,,,,,,
gaussian,,,0.0627732768630489,0.2601672500947775,0.5797709944010485,1.0,1.066326274228104,,0.2,False,,,,,0.32655,diagonal,gaussian,,,,,,,,
noise,0.03301,True,0.0,0.0282633703387787,0.3216778336002219,1.0,1.0634854653055628,,0.3,,,,normal,0.0,,,,,,,,,,,
gaussian,,,0.0506012063497028,0.2601611105036712,0.582721350524722,1.0,1.0663214399017091,,0.2,False,,,,,0.3296,diagonal,gaussian,,,,,,,,
noise,0.03058,True,0.0,0.028246930906087,0.3217586691432206,1.0,1.063398710191175,,0.2,,,,normal,0.0,,,,,,,,,,,
gaussian,,,0.0558559669596275,0.2596601759781017,0.8350036807092008,1.0,1.0658151279635706,,0.2,False,,,,,0.55969,diagonal,gaussian,,,,,,,,
noise,0.00602,True,0.0,0.0281840194602003,0.3225470864289058,1.0,1.0628908535761732,,0.2,,,,normal,0.0,,,,,,,,,,,
gaussian,,,0.0057527164440353,0.0392969766931552,0.4556913441764982,1.0,1.0952448005524538,,0.3,False,,,,,0.05365,diagonal,rank_gauss,,,,,,,,
noise,0.03238,False,0.3444583048145543,1.9209647082902703,1.166464013342639,1.0,3.2724202156255955,,0.3,,,,normal,0.0,,,,,,,,,,,
noise,0.08788,True,0.0003804771062275,0.0295819740051803,0.3224619237576299,1.0,1.0669691956148053,,0.2,,,,student_t,5.0,,,,,,,,,,,
noise,0.00685,True,0.0,0.0281827234751146,0.3225214397770337,1.0,1.0628970472913497,,0.2,,,,normal,0.0,,,,,,,,,,,
gaussian,,,0.0602881876240334,0.2597369903980004,0.4086597669633038,1.0,1.064603376866908,,0.2,False,,,,,0.00703,diagonal,gaussian,,,,,,,,
noise,0.39879,False,0.3818859281730116,26.74153699970957,1.3895640406542524,1.0,35.416110569206054,,0.3,,,,normal,0.0,,,,,,,,,,,
gaussian,,,0.0135734049405364,0.0392490058715459,1.0662922842834917,1.0,1.0928636162100118,,0.3,False,,,,,0.6311,diagonal,rank_gauss,,,,,,,,
noise,0.2988,True,0.0028067254548062,0.0747719773734219,0.3476369204072074,1.0,1.113404630944174,,0.2,,,,student_t,10.0,,,,,,,,,,,
gaussian,,,0.0069503219051948,0.0393541778549033,0.6972402522333219,1.0,1.093507224835126,,0.3,True,,,,,0.27749,diagonal,rank_gauss,,,,,,,,
noise,0.02435,True,0.0004829591084701,0.0284027245982415,0.3232166596466482,1.0,1.0634167508170247,,0.3,,,,student_t,4.0,,,,,,,,,,,
gaussian,,,0.0139448331085696,0.0389798722006178,1.3023940487349248,1.0,1.0915842804457223,,0.3,False,,,,,0.88324,diagonal,rank_gauss,,,,,,,,
noise,0.29606,True,0.0036315815578714,0.0737695033107912,0.3315561015461566,1.0,1.110607732732959,,0.2,,,,normal,0.0,,,,,,,,,,,
gaussian,,,0.1675069897321316,0.5839104599037391,1.078403530329772,1.0,1.4610906727567443,,0.3,False,,,,,0.71501,identity,gaussian,,,,,,,,
noise,0.03228,True,0.0,0.0282060357156845,0.322443501917878,1.0,1.0633092249688063,,0.2,,,,student_t,3.0,,,,,,,,,,,
noise,0.00904,False,0.0793127385212781,0.3524447967359406,0.549896742835932,1.0,1.4467530102801576,,0.3,,,,student_t,5.0,,,,,,,,,,,
gaussian,,,0.0619549887253555,0.2591850577674731,1.3503494480935383,1.0,1.0647970222374823,,0.2,True,,,,,0.95148,diagonal,gaussian,,,,,,,,
noise,0.06506,False,0.3788073101500918,3.979997483608887,1.3481386554498125,1.0,6.124244551808354,,0.2,,,,student_t,8.0,,,,,,,,,,,
gaussian,,,0.1207470718927213,0.4282032625439223,0.6591722357101933,1.0,1.2836819787754248,,0.2,False,,,,,0.31242,identity,gaussian,,,,,,,,
noise,0.4942,True,0.0203568775960388,0.1602082332768735,0.4114770822421715,1.0,1.189199984273119,,0.2,,,,normal,0.0,,,,,,,,,,,
gaussian,,,0.0083132882566807,0.0393415823514133,0.6417448270664544,1.0,1.0934424121017905,,0.3,False,,,,,0.22826,identity,rank_gauss,,,,,,,,
noise,0.03422,False,0.3521169482815081,2.044543471535589,1.1854604174231862,1.0,3.426682681352556,,0.2,,,,normal,0.0,,,,,,,,,,,
noise,0.00598,False,0.0229602623023229,0.1617995468069728,0.399741836210301,1.0,1.24246651644409,,0.2,,,,student_t,3.0,,,,,,,,,,,
gaussian,,,0.1448590453533393,0.4917332795216409,0.8088202306216471,1.0,1.35980572138359,,0.2,False,,,,,0.46338,identity,gaussian,,,,,,,,
noise,0.33362,True,0.003047969482092,0.0819516250173433,0.3501371216050695,1.0,1.1214512380087818,,0.2,,,,student_t,5.0,,,,,,,,,,,
gaussian,,,0.0081811162474763,0.0393796291903121,0.8420953924139334,1.0,1.0940241675323334,,0.3,False,,,,,0.41115,identity,rank_gauss,,,,,,,,
gaussian,,,0.0551804272196456,0.2598995600618739,0.6968495813749259,1.0,1.0660999103263724,,0.3,True,,,,,0.43916,diagonal,gaussian,,,,,,,,
noise,0.38635,False,0.3815263279130104,25.89804074215624,1.3894736574466966,1.0,34.32000917326456,,0.3,,,,normal,0.0,,,,,,,,,,,
gaussian,,,0.0671019355614584,0.2591856237451352,1.3479990542219982,1.0,1.0647946178612624,,0.2,False,,,,,0.94967,diagonal,gaussian,,,,,,,,
noise,0.02196,True,0.0,0.0281854565859014,0.3225353333454227,1.0,1.06305048328193,,0.2,,,,student_t,3.0,,,,,,,,,,,
gaussian,,,0.0095016979480617,0.0392824486086562,1.0342277207815975,1.0,1.0930338469544143,,0.3,True,,,,,0.59849,identity,rank_gauss,,,,,,,,
noise,0.01292,True,9.181241341205126e-05,0.0281860121511626,0.3223315953590953,1.0,1.0629656754962662,,0.3,,,,normal,0.0,,,,,,,,,,,
gaussian,,,0.0627741790727144,0.2603927162182049,0.452972342987757,1.0,1.0665416992988406,,0.2,True,,,,,0.16777,diagonal,gaussian,,,,,,,,
noise,0.01119,False,0.1384370528160109,0.499033989975164,0.6488481850145432,1.0,1.5969690463236768,,0.2,,,,student_t,8.0,,,,,,,,,,,
gaussian,,,0.0136791942673715,0.0389549577028054,1.324298107039959,1.0,1.091547877436387,,0.3,False,,,,,0.90764,diagonal,rank_gauss,,,,,,,,
noise,0.05141,False,0.3673808222969281,2.951098865608735,1.290690946549573,1.0,4.9481657005040685,,0.2,,,,student_t,5.0,,,,,,,,,,,
gaussian,,,0.0776544749169108,0.312609454813735,0.4421206345904637,1.0,1.1387602264109058,,0.2,False,,,,,0.08448,identity,gaussian,,,,,,,,
rbig,,,0.0,0.0418426094063105,0.465643965917243,1.0,1.0574736708366177,,0.8,,15.0,1500.0,,,,,,pca,,,,,,,
noise,0.03803,False,0.3563531903082759,2.3006928043155463,1.218447400119956,1.0,3.748099062047781,,0.2,,,,normal,0.0,,,,,,,,,,,
gaussian,,,0.0065591836424306,0.0393290360880137,0.5223376673731537,1.0,1.094539529791577,,0.3,False,,,,,0.11791,identity,rank_gauss,,,,,,,,
noise,0.0507,True,0.0,0.0288361368628222,0.3236908643172403,1.0,1.064753554625979,,0.2,,,,student_t,4.0,,,,,,,,,,,
noise,0.08102,False,0.379511842400361,5.203742262695456,1.3503121073199638,1.0,7.461786728913078,,0.2,,,,normal,0.0,,,,,,,,,,,
noise,0.37204,True,0.0061265001638766,0.1033915881515133,0.3533865098470047,1.0,1.1370545177437186,,0.2,,,,normal,0.0,,,,,,,,,,,
gaussian,,,0.1906794119837255,0.6548295539241267,1.2897929732521416,1.0,1.5262673276838328,,0.3,False,,,,,0.91124,identity,gaussian,,,,,,,,
noise,0.04842,False,0.3649279191493718,2.763893237132585,1.2790138935099515,1.0,4.686399179179828,,0.2,,,,student_t,5.0,,,,,,,,,,,
gaussian,,,0.0638614116285466,0.2589673885110609,1.2258762529108365,1.0,1.0650732604247612,,0.2,True,,,,,0.87463,diagonal,gaussian,,,,,,,,
noise,0.26347,True,0.0021509768757523,0.0632226898134096,0.3398893646523531,1.0,1.1027065380817995,,0.2,,,,student_t,10.0,,,,,,,,,,,
gaussian,,,0.1279074866685247,0.4516450158649041,0.7024157460769654,1.0,1.312622867646417,,0.2,True,,,,,0.3642,identity,gaussian,,,,,,,,
noise,0.03469,True,0.0,0.0281637769796377,0.3226484440600766,1.0,1.0634652001438456,,0.2,,,,student_t,5.0,,,,,,,,,,,
gaussian,,,0.0669932753632485,0.2931217462467806,0.4236132217473994,1.0,1.1133918250274375,,0.2,True,,,,,0.05316,identity,gaussian,,,,,,,,
noise,0.00716,True,0.0,0.0281558451656396,0.3225164768441504,1.0,1.062907983855975,,0.2,,,,student_t,8.0,,,,,,,,,,,
noise,0.0077,True,0.0,0.0281539096805249,0.3225001489790829,1.0,1.0629132408076416,,0.2,,,,student_t,8.0,,,,,,,,,,,
gaussian,,,0.009567618381673,0.0393159209865104,0.9616982166429984,1.0,1.093233684903698,,0.3,True,,,,,0.52657,diagonal,rank_gauss,,,,,,,,
noise,0.0108,True,0.0,0.0282740305003519,0.3229539614752247,1.0,1.0630302974256405,,0.2,,,,student_t,4.0,,,,,,,,,,,
gaussian,,,0.1600074135403216,0.5494502716516217,0.9742493125205562,1.0,1.4245391105383056,,0.2,False,,,,,0.61762,identity,gaussian,,,,,,,,
noise,0.02213,False,0.2954030980848793,1.234793505453296,1.0052085611521435,1.0,2.429752393777701,,0.2,,,,normal,0.0,,,,,,,,,,,
gaussian,,,0.0060363326058782,0.0392950471459138,0.4445393618926381,1.0,1.095368472863768,,0.3,False,,,,,0.04214,identity,rank_gauss,,,,,,,,
noise,0.02379,False,0.3066767089093232,1.34551754815339,1.039632543656747,1.0,2.563753938088269,,0.2,,,,normal,0.0,,,,,,,,,,,
gaussian,,,0.0597175739236968,0.2591978343179121,1.3201676428091471,1.0,1.0647705229701585,,0.2,False,,,,,0.9282,diagonal,gaussian,,,,,,,,
noise,0.20151,False,0.3831321126788032,10.585658115915953,1.3981897482641927,1.0,18.007752335315082,,0.3,,,,student_t,3.0,,,,,,,,,,,
gaussian,,,0.1635687234102357,0.5595098809945702,1.0043693717269528,1.0,1.4354115571905168,,0.3,False,,,,,0.64575,identity,gaussian,,,,,,,,
noise,0.14604,False,0.382609655196648,9.607148166305745,1.3792790821770398,1.0,13.161541579620971,,0.3,,,,normal,0.0,,,,,,,,,,,
gaussian,,,0.0099598405046171,0.0392827483286488,1.0229721968126355,1.0,1.0929888504885956,,0.3,False,,,,,0.58719,identity,rank_gauss,,,,,,,,
noise,0.17533,False,0.3809135954310875,11.59193134043834,1.3831029424204797,1.0,15.736749393647724,,0.3,,,,normal,0.0,,,,,,,,,,,
gaussian,,,0.1220131983882408,0.4333580468715302,0.6566840182492153,1.0,1.2904747473537337,,0.2,False,,,,,0.32116,identity,gaussian,,,,,,,,
noise,0.13181,False,0.3814083642388362,8.643074929585973,1.3763996572520092,1.0,11.91150190628284,,0.2,,,,normal,0.0,,,,,,,,,,,
gaussian,,,0.0121185346119039,0.0390726301963861,1.257938568014742,1.0,1.0920425022059108,,0.3,True,,,,,0.83435,identity,rank_gauss,,,,,,,,
noise,0.06156,False,0.377325095554319,3.88775354650883,1.320181883868885,1.0,5.768584348472476,,0.2,,,,normal,0.0,,,,,,,,,,,
gaussian,,,0.0641373257713274,0.2596592245190299,0.8356783418073537,1.0,1.065813833618383,,0.2,False,,,,,0.56026,diagonal,gaussian,,,,,,,,
noise,0.20858,True,0.0004789443214434,0.0477932130934929,0.3202116861554504,1.0,1.086885138428163,,0.3,,,,normal,0.0,,,,,,,,,,,
gaussian,,,0.0685710942369445,0.2592528620970521,1.0652816668616183,1.0,1.0653483507457953,,0.2,False,,,,,0.74795,diagonal,gaussian,,,,,,,,
noise,0.44906,False,0.3807808915863532,27.966111966980712,1.390904886898875,1.0,40.55655307130616,,0.3,,,,student_t,5.0,,,,,,,,,,,
noise,0.02516,True,0.0,0.0281762459726597,0.3225079386383367,1.0,1.0631184638077582,,0.2,,,,student_t,3.0,,,,,,,,,,,
gaussian,,,0.0105745153946176,0.0392053522640453,1.1400668726821068,1.0,1.092731526856316,,0.3,True,,,,,0.70791,diagonal,rank_gauss,,,,,,,,
noise,0.20033,False,0.3817212665071123,12.845988800239,1.411323476166071,1.0,18.11494470017095,,0.3,,,,student_t,8.0,,,,,,,,,,,
gaussian,,,0.0107230271664403,0.0391222008655505,1.2391274921695372,1.0,1.0923605182659517,,0.3,True,,,,,0.81379,identity,rank_gauss,,,,,,,,
noise,0.03163,False,0.3288644288579595,1.71566168507631,1.160039479538046,1.0,3.2355951549670685,,0.2,,,,student_t,5.0,,,,,,,,,,,
gaussian,,,0.0114629887558739,0.0391610376855914,1.2052156950030772,1.0,1.092642573560915,,0.3,False,,,,,0.77698,diagonal,rank_gauss,,,,,,,,
noise,0.01217,False,0.0943212474967498,0.4376781887013011,0.6709260492562157,1.0,1.62785583271975,,0.2,,,,student_t,3.0,,,,,,,,,,,
gaussian,,,0.0064052250315509,0.039382795740764,0.8491218791581038,1.0,1.0940190022544765,,0.3,True,,,,,0.41785,identity,rank_gauss,,,,,,,,
noise,0.043,True,0.0,0.0282334423066327,0.322613929578602,1.0,1.063806378693836,,0.2,,,,student_t,5.0,,,,,,,,,,,
gaussian,,,0.0163312077773761,0.0389308287615392,1.3351075911185224,1.0,1.0914748005141306,,0.3,True,,,,,0.91965,diagonal,rank_gauss,,,,,,,,
noise,0.06539,False,0.3780610062070976,4.146572275072943,1.328131263328245,1.0,6.1008274748460005,,0.2,,,,normal,0.0,,,,,,,,,,,
gaussian,,,0.0658271443545083,0.2592922481826014,1.184281024068503,1.0,1.064670488151363,,0.2,True,,,,,0.82288,diagonal,gaussian,,,,,,,,
noise,0.01177,False,0.1619485625103076,0.5565644949966986,0.6737090865074611,1.0,1.6349306354032531,,0.2,,,,normal,0.0,,,,,,,,,,,
gaussian,,,0.0754209693005432,0.2591953677956858,1.3966000410041484,1.0,1.0648405028151862,,0.3,False,,,,,0.98704,diagonal,gaussian,,,,,,,,
noise,0.04593,True,0.0,0.0287351307344807,0.3236067870349132,1.0,1.0644543426590647,,0.2,,,,student_t,4.0,,,,,,,,,,,
gaussian,,,0.0058101383962333,0.0393433267136924,0.6336369988368333,1.0,1.093490168544118,,0.3,False,,,,,0.22117,diagonal,rank_gauss,,,,,,,,
noise,0.03228,True,0.0,0.0282082425595001,0.3234739209309464,1.0,1.0637297589827954,,0.2,,,,student_t,10.0,,,,,,,,,,,
gaussian,,,0.00811839563527,0.0393772893997909,0.7655437598339119,1.0,1.0936127238998192,,0.3,False,,,,,0.33998,diagonal,rank_gauss,,,,,,,,
noise,0.00599,False,0.0367544881875895,0.204625168989436,0.4047821011904212,1.0,1.2599128188214328,,0.2,,,,student_t,8.0,,,,,,,,,,,
gaussian,,,0.1842555202616929,0.638866150576347,1.2428754576466845,1.0,1.5128460185813262,,0.2,True,,,,,0.86813,identity,gaussian,,,,,,,,
noise,0.02802,True,0.0,0.0282315043976476,0.3218433794573453,1.0,1.0633144204481737,,0.2,,,,normal,0.0,,,,,,,,,,,
gaussian,,,0.0107093777062226,0.0393542780739574,0.9013670534374224,1.0,1.0937414538891383,,0.3,False,,,,,0.46826,diagonal,rank_gauss,,,,,,,,
noise,0.13197,True,0.0,0.0332525733277234,0.322760008160246,1.0,1.0722268818783678,,0.2,,,,student_t,5.0,,,,,,,,,,,
gaussian,,,0.0077381126034515,0.0392952926879197,0.4703166176227544,1.0,1.0950218508305578,,0.3,True,,,,,0.06801,identity,rank_gauss,,,,,,,,
noise,0.39329,False,0.3821244268189243,24.455681511975943,1.3905475233865,1.0,35.550216326769174,,0.3,,,,student_t,5.0,,,,,,,,,,,
noise,0.01257,False,0.1678535203697398,0.6075176414656133,0.7078847664580271,1.0,1.692543629944082,,0.2,,,,normal,0.0,,,,,,,,,,,
noise,0.29065,False,0.3832396867098482,19.40938608573767,1.3883018508862164,1.0,25.889118921752925,,0.3,,,,normal,0.0,,,,,,,,,,,
gaussian,,,0.0100695453587389,0.0391361063560754,1.219561223657836,1.0,1.0924822347472671,,0.3,False,,,,,0.79251,diagonal,rank_gauss,,,,,,,,
noise,0.01294,True,0.0001761932042584,0.0281860666212577,0.3223309633341795,1.0,1.0629659694657745,,0.2,,,,normal,0.0,,,,,,,,,,,
gaussian,,,0.0087056181208663,0.039198010425111,1.15955503368314,1.0,1.0927459699838606,,0.3,False,,,,,0.72824,diagonal,rank_gauss,,,,,,,,
noise,0.00872,False,0.0883395210795852,0.353408991985941,0.5317249102637184,1.0,1.4275152875765236,,0.2,,,,student_t,8.0,,,,,,,,,,,
gaussian,,,0.0142038636721507,0.038810631144705,1.385257225588047,1.0,1.0910666637645838,,0.3,True,,,,,0.97574,identity,rank_gauss,,,,,,,,
noise,0.05783,False,0.3707616497428377,3.3533119768484783,1.3106581382585307,1.0,5.512371678727549,,0.2,,,,student_t,5.0,,,,,,,,,,,
gaussian,,,0.0649726682688305,0.259213988678619,1.2878542350415505,1.0,1.0647445206780757,,0.2,False,,,,,0.90322,diagonal,gaussian,,,,,,,,
noise,0.00598,True,5.635279595073151e-06,0.0281841022220073,0.3225483204817407,1.0,1.0628905744712636,,0.2,,,,normal,0.0,,,,,,,,,,,
gaussian,,,0.06628157936352,0.2593891367155495,0.9787927205471888,1.0,1.0655158400739777,,0.2,False,,,,,0.67848,diagonal,gaussian,,,,,,,,
noise,0.02491,False,0.2910286010943134,1.2991784147202694,1.0629956491319197,1.0,2.6709905252906685,,0.3,,,,student_t,5.0,,,,,,,,,,,
gaussian,,,0.1509577807213583,0.5152899145627778,0.8749976690479723,1.0,1.38678843481387,,0.2,False,,,,,0.52501,identity,gaussian,,,,,,,,
noise,0.47007,False,0.3814627593269379,31.57467887390167,1.3899258647102417,1.0,41.69713739159734,,0.3,,,,normal,0.0,,,,,,,,,,,
gaussian,,,0.0105856651801019,0.0393505521143167,0.6912731467958554,1.0,1.093471754501502,,0.3,True,,,,,0.27208,diagonal,rank_gauss,,,,,,,,
noise,0.01641,True,0.0,0.0283237563444471,0.3230648934265105,1.0,1.063165470676326,,0.2,,,,student_t,4.0,,,,,,,,,,,
gaussian,,,0.1957572815623693,0.6514806913447139,1.2799466949054883,1.0,1.5235005604710126,,0.2,True,,,,,0.90222,identity,gaussian,,,,,,,,
noise,0.00994,True,0.0,0.0282665840720411,0.3229366638829306,1.0,1.0630126780783822,,0.2,,,,student_t,4.0,,,,,,,,,,,
noise,0.02448,True,0.0,0.0284042833313144,0.3232190978913059,1.0,1.0634214494817391,,0.2,,,,student_t,4.0,,,,,,,,,,,
gaussian,,,0.0709919272916594,0.2590465957718358,1.1904641737680148,1.0,1.0651273600428166,,0.2,False,,,,,0.84692,diagonal,gaussian,,,,,,,,
noise,0.16777,False,0.3817780166946762,10.262287400703707,1.3830029839793796,1.0,15.318389108542696,,0.2,,,,student_t,5.0,,,,,,,,,,,
noise,0.06937,False,0.3759096653186525,4.415650693631856,1.3351027151934076,1.0,6.446666127831868,,0.2,,,,normal,0.0,,,,,,,,,,,
gaussian,,,0.0128905138740254,0.0393761082276304,0.838275905511838,1.0,1.0940173185165265,,0.3,True,,,,,0.40748,identity,rank_gauss,,,,,,,,
noise,0.06071,False,0.3589810297879279,2.9950287746521864,1.3253960793582078,1.0,5.637691011351743,,0.2,,,,student_t,3.0,,,,,,,,,,,
gaussian,,,0.0138819202561403,0.0388860263628591,1.3512400349961269,1.0,1.091326752031136,,0.3,True,,,,,0.9376,identity,rank_gauss,,,,,,,,
noise,0.30956,False,0.3807732548306314,19.185337988410726,1.3895747298365837,1.0,28.035183318116577,,0.3,,,,student_t,5.0,,,,,,,,,,,
gaussian,,,0.1175791251096068,0.4269102183248232,0.6559866744804758,1.0,1.2820964152996672,,0.2,True,,,,,0.30946,identity,gaussian,,,,,,,,
noise,0.39966,True,0.0111728086727934,0.115385529518994,0.3642378387012106,1.0,1.1478757687867511,,0.2,,,,normal,0.0,,,,,,,,,,,
noise,0.11295,True,0.0,0.0313551929060284,0.319183663310464,1.0,1.069985941435749,,0.2,,,,normal,0.0,,,,,,,,,,,
gaussian,,,0.1838319335902825,0.6122933255737459,1.1646654149480422,1.0,1.4891484568426614,,0.2,False,,,,,0.79559,identity,gaussian,,,,,,,,
noise,0.00689,True,0.0,0.028182650229099,0.3225202018670541,1.0,1.0628973651709115,,0.2,,,,normal,0.0,,,,,,,,,,,
gaussian,,,0.0647300265384682,0.285262089175631,0.4181220024745946,1.0,1.1030365993757845,,0.2,True,,,,,0.04109,identity,gaussian,,,,,,,,
noise,0.02799,False,0.3301872433962244,1.626535448574946,1.1108621882611207,1.0,2.907533108052606,,0.2,,,,normal,0.0,,,,,,,,,,,
gaussian,,,0.007151733436183,0.0392978985804322,0.4563638861830285,1.0,1.095237200485519,,0.3,True,,,,,0.05436,diagonal,rank_gauss,,,,,,,,
noise,0.03429,False,0.3505842119923231,2.049246344694719,1.186140276351402,1.0,3.43256460385881,,0.2,,,,normal,0.0,,,,,,,,,,,
noise,0.2123,True,0.0010998648044976,0.0475794646076267,0.3314801307433258,1.0,1.089315398070032,,0.2,,,,student_t,4.0,,,,,,,,,,,
gaussian,,,0.1938276664771021,0.6728240175114826,1.3426355895934343,1.0,1.5406682965007834,,0.2,False,,,,,0.95933,identity,gaussian,,,,,,,,
noise,0.22399,True,0.002695781267899,0.049825802169913,0.3280011178997628,1.0,1.089821036819997,,0.2,,,,student_t,5.0,,,,,,,,,,,
gaussian,,,0.0107862740581645,0.0392255830932953,1.1080773663999213,1.0,1.0928010228403775,,0.3,True,,,,,0.67423,diagonal,rank_gauss,,,,,,,,
noise,0.38086,False,0.3816262155654521,25.52579332609012,1.3894309932793247,1.0,33.83629011834894,,0.3,,,,normal,0.0,,,,,,,,,,,
gaussian,,,0.0185258764182767,0.0389530714376008,1.3270086123347948,1.0,1.0915421251085695,,0.3,True,,,,,0.91065,diagonal,rank_gauss,,,,,,,,
noise,0.01041,True,0.0,0.0281809242734192,0.3224105791203303,1.0,1.0629323195197624,,0.2,,,,normal,0.0,,,,,,,,,,,
gaussian,,,0.0096282992363777,0.0393685357863133,0.8000650910062266,1.0,1.0938031710338976,,0.3,True,,,,,0.37158,diagonal,rank_gauss,,,,,,,,
noise,0.01616,False,0.203540473840776,0.7654111793234896,0.8441582574844047,1.0,1.9661633681711663,,0.3,,,,student_t,5.0,,,,,,,,,,,
noise,0.2672,True,0.0005377324742926,0.0552663694782213,0.3309319993618866,1.0,1.0984985272644692,,0.2,,,,student_t,3.0,,,,,,,,,,,
gaussian,,,0.0613497049882131,0.2596917224643842,0.8141155860613318,1.0,1.065854250536966,,0.2,True,,,,,0.54197,diagonal,gaussian,,,,,,,,
noise,0.01318,False,0.1865801991340905,0.646644568497836,0.732932361863575,1.0,1.7370614144675194,,0.2,,,,normal,0.0,,,,,,,,,,,
gaussian,,,0.1160948442157385,0.4150066794122666,0.627294617295126,1.0,1.267469065233965,,0.2,False,,,,,0.28266,identity,gaussian,,,,,,,,
noise,0.08062,False,0.3762288661062603,4.567144089958871,1.3574511490728405,1.0,7.4990609420427905,,0.2,,,,student_t,4.0,,,,,,,,,,,
gaussian,,,0.141407529038027,0.4722367273259672,0.7560638307061719,1.0,1.337071507413088,,0.2,True,,,,,0.41428,identity,gaussian,,,,,,,,
noise,0.16471,True,0.0,0.0378413049805186,0.3193996664065386,1.0,1.0780639923325608,,0.2,,,,student_t,8.0,,,,,,,,,,,
gaussian,,,0.1338190722969179,0.4612896972133119,0.7272887450162521,1.0,1.3241415451369687,,0.2,True,,,,,0.38745,identity,gaussian,,,,,,,,
noise,0.04047,True,0.0,0.0286336373043001,0.3235101334684456,1.0,1.0641428705821845,,0.2,,,,student_t,4.0,,,,,,,,,,,
gaussian,,,0.0721699113613106,0.2596800226414837,0.8219709394417926,1.0,1.0658397219717082,,0.2,False,,,,,0.54865,diagonal,gaussian,,,,,,,,
noise,0.01843,True,0.0,0.0281983400335802,0.3221559268237717,1.0,1.0630635116955636,,0.3,,,,normal,0.0,,,,,,,,,,,
gaussian,,,0.16651509808615,0.5871334151906538,1.088196917711606,1.0,1.4643762934169726,,0.2,False,,,,,0.72417,identity,gaussian,,,,,,,,
noise,0.35356,True,0.0042637468286783,0.0883417920982631,0.363546646858511,1.0,1.1315335739873789,,0.2,,,,student_t,4.0,,,,,,,,,,,
gaussian,,,0.0603173895414995,0.2593120361157249,1.1099940798338248,1.0,1.0646093865773338,,0.2,True,,,,,0.7649,diagonal,gaussian,,,,,,,,
noise,0.03108,True,0.0,0.0282501842595692,0.321742068978053,1.0,1.0634160242469703,,0.2,,,,normal,0.0,,,,,,,,,,,
gaussian,,,0.1855781991217626,0.5906434958518506,1.098869539806593,1.0,1.4679278412006975,,0.2,True,,,,,0.73415,identity,gaussian,,,,,,,,
noise,0.01253,True,0.0,0.0281372572431719,0.3223531267899074,1.0,1.062974667019981,,0.2,,,,student_t,8.0,,,,,,,,,,,
gaussian,,,0.0543060200993684,0.2603902693122973,0.4444584118508381,1.0,1.066555745841096,,0.2,True,,,,,0.15245,diagonal,gaussian,,,,,,,,
noise,0.08796,True,0.0,0.029752965282345,0.3247471301875277,1.0,1.067910150001007,,0.3,,,,student_t,10.0,,,,,,,,,,,
gaussian,,,0.1304060343385293,0.4729633508483216,0.7579968851352886,1.0,1.3379259155873977,,0.2,False,,,,,0.41608,identity,gaussian,,,,,,,,
noise,0.10858,False,0.3823559189038945,7.069747409709608,1.3689965763633885,1.0,9.873252263821223,,0.2,,,,normal,0.0,,,,,,,,,,,
gaussian,,,0.0086804672373006,0.0393548762315819,0.7018517273961732,1.0,1.0935192902246584,,0.3,True,,,,,0.28152,identity,rank_gauss,,,,,,,,
noise,0.12312,True,0.0,0.0327558973602062,0.3258493626959949,1.0,1.072292414393576,,0.2,,,,student_t,10.0,,,,,,,,,,,
gaussian,,,0.0686317711410963,0.2593164352604191,1.1495665175478993,1.0,1.064638938779937,,0.2,True,,,,,0.79583,diagonal,gaussian,,,,,,,,
noise,0.08204,True,0.0,0.0298282959020867,0.3242719889780573,1.0,1.0673462644152247,,0.2,,,,student_t,4.0,,,,,,,,,,,
gaussian,,,0.1594241330545663,0.5422448735772142,0.9529413317520656,1.0,1.416688506906484,,0.2,True,,,,,0.59772,identity,gaussian,,,,,,,,
noise,0.05375,False,0.3566693299317922,2.6213390667927103,1.3048287105683076,1.0,5.0356378069807,,0.2,,,,student_t,3.0,,,,,,,,,,,
gaussian,,,0.0687031225025628,0.2591999894732311,1.3135427629744023,1.0,1.0647649107476211,,0.2,False,,,,,0.92308,diagonal,gaussian,,,,,,,,
noise,0.00967,False,0.0971476510868569,0.4085753755482229,0.577685825514334,1.0,1.4911431022476465,,0.2,,,,student_t,8.0,,,,,,,,,,,
gaussian,,,0.1959513949972575,0.6488411533440571,1.2721953053246151,1.0,1.5213041362946984,,0.2,True,,,,,0.89511,identity,gaussian,,,,,,,,
noise,0.02397,False,0.237071406635808,1.0366519863936707,1.0339395035217265,1.0,2.526600074993429,,0.2,,,,student_t,3.0,,,,,,,,,,,
gaussian,,,0.0146190386867989,0.0390393771667644,1.2764427298936614,1.0,1.0918476458049582,,0.3,False,,,,,0.85453,diagonal,rank_gauss,,,,,,,,
noise,0.00782,False,0.0388966644514107,0.2376028090613101,0.4754520822401171,1.0,1.345005385840514,,0.2,,,,student_t,3.0,,,,,,,,,,,
gaussian,,,0.1020505663076662,0.3608440698385159,0.5133753264065727,1.0,1.2000473765432798,,0.2,True,,,,,0.17057,identity,gaussian,,,,,,,,
noise,0.49169,False,0.3816864266194811,33.04062939141181,1.3900036710540902,1.0,43.602374271413325,,0.3,,,,normal,0.0,,,,,,,,,,,
gaussian,,,0.1635908181895628,0.5571682439297274,0.997326479940897,1.0,1.4328918945819655,,0.3,True,,,,,0.63917,identity,gaussian,,,,,,,,
noise,0.04621,False,0.3438141014591723,2.217128703349072,1.2727861485605363,1.0,4.387403428388881,,0.2,,,,student_t,3.0,,,,,,,,,,,
noise,0.03265,False,0.34437380032866,1.93909311026342,1.16939242756748,1.0,3.2950133156105594,,0.2,,,,normal,0.0,,,,,,,,,,,
gaussian,,,0.0049698462327236,0.0392955687775514,0.4422279032376047,1.0,1.0953900093542914,,0.3,True,,,,,0.03976,diagonal,rank_gauss,,,,,,,,
noise,0.15787,True,0.0007119354340781,0.036805011021466,0.3234109055715432,1.0,1.0762860396505118,,0.2,,,,student_t,5.0,,,,,,,,,,,
gaussian,,,0.0092663723761273,0.0389402854522143,1.3318772153404452,1.0,1.0915005911351734,,0.3,True,,,,,0.91604,diagonal,rank_gauss,,,,,,,,
noise,0.01083,False,0.1385570811824337,0.4972939178558181,0.6317058341056709,1.0,1.5684804937521473,,0.3,,,,normal,0.0,,,,,,,,,,,
gaussian,,,0.0073871108820928,0.0393511207919991,0.7439739668070041,1.0,1.093513910170072,,0.3,True,,,,,0.32015,diagonal,rank_gauss,,,,,,,,
noise,0.00586,False,0.036198565446105,0.2052551995625002,0.4009647007174563,1.0,1.2511247956762714,,0.2,,,,normal,0.0,,,,,,,,,,,
noise,0.05289,True,0.0,0.0284526828071661,0.3239246027149329,1.0,1.064880452031616,,0.2,,,,student_t,10.0,,,,,,,,,,,
noise,0.02866,False,0.307077706163017,1.4623677389366103,1.121533822084622,1.0,2.972325878537853,,0.2,,,,student_t,4.0,,,,,,,,,,,
gaussian,,,0.0617686184130474,0.2603193934264379,0.5086310390775446,1.0,1.0664413104773067,,0.2,False,,,,,0.24694,diagonal,gaussian,,,,,,,,
noise,0.01848,True,0.0,0.0281984538797082,0.3221543189022133,1.0,1.063064554318365,,0.2,,,,normal,0.0,,,,,,,,,,,
noise,0.00743,False,0.0688439474497133,0.2920857314149569,0.470324148723743,1.0,1.3432859980932854,,0.2,,,,normal,0.0,,,,,,,,,,,
gaussian,,,0.0708177405420785,0.2591941626442314,1.395271134312245,1.0,1.0648391613699109,,0.2,False,,,,,0.98602,diagonal,gaussian,,,,,,,,
noise,0.16353,True,0.0,0.0381701400244803,0.3272440167409006,1.0,1.079049999695337,,0.2,,,,student_t,4.0,,,,,,,,,,,
gaussian,,,0.1958431672750434,0.647500062552422,1.2682519824465233,1.0,1.5201804517102582,,0.2,False,,,,,0.89149,identity,gaussian,,,,,,,,
noise,0.0071,False,0.053595758804607,0.2732776079037736,0.4549519343543579,1.0,1.323116056348259,,0.2,,,,normal,0.0,,,,,,,,,,,
noise,0.03049,True,0.0,0.0284832707613232,0.3233303792266355,1.0,1.0636592222677783,,0.3,,,,student_t,4.0,,,,,,,,,,,
gaussian,,,0.0095077639735194,0.0393507571428141,0.9095861884704156,1.0,1.093697659829505,,0.3,False,,,,,0.47621,identity,rank_gauss,,,,,,,,
noise,0.02136,False,0.2785839063358676,1.1368105422872377,0.9962917697729204,1.0,2.379098778029864,,0.2,,,,student_t,8.0,,,,,,,,,,,
gaussian,,,0.0067580726696493,0.039350439583482,0.6940970234809141,1.0,1.093491012672422,,0.3,True,,,,,0.27466,identity,rank_gauss,,,,,,,,
noise,0.00796,True,0.0,0.0281530358750497,0.322492279403175,1.0,1.0629158874632625,,0.2,,,,student_t,8.0,,,,,,,,,,,
gaussian,,,0.0585643714641056,0.2600389294867843,0.6380574085110065,1.0,1.0662175702323071,,0.2,False,,,,,0.38443,diagonal,gaussian,,,,,,,,
noise,0.04502,False,0.3533200376780244,2.435600100246975,1.266856446963239,1.0,4.371005620970712,,0.2,,,,student_t,4.0,,,,,,,,,,,
gaussian,,,0.1770237848603831,0.5673841899982608,1.02814464350034,1.0,1.4438180405511856,,0.2,True,,,,,0.66797,identity,gaussian,,,,,,,,
noise,0.05531,True,0.0,0.0282273829585475,0.3210069744588336,1.0,1.0646487042482211,,0.2,,,,student_t,8.0,,,,,,,,,,,
noise,0.01832,False,0.1854866001742417,0.7444379099880193,0.8943715285218788,1.0,2.081376460026027,,0.2,,,,student_t,3.0,,,,,,,,,,,
noise,0.05347,True,0.0,0.0285012468123976,0.3209869218013885,1.0,1.0644762069602651,,0.2,,,,normal,0.0,,,,,,,,,,,
gaussian,,,0.0095736721680328,0.0393161427653194,0.9614592824932776,1.0,1.093237907529138,,0.3,False,,,,,0.52634,diagonal,rank_gauss,,,,,,,,
noise,0.08251,False,0.3803710071534611,5.17881537279955,1.3577012604565126,1.0,7.656786527022968,,0.2,,,,student_t,10.0,,,,,,,,,,,
gaussian,,,0.010450828797305,0.0391055458880729,1.246319287668311,1.0,1.092256004662998,,0.3,False,,,,,0.82164,diagonal,rank_gauss,,,,,,,,
noise,0.39933,False,0.3831435961022029,26.159259622519123,1.4020365227623544,1.0,35.789906678137854,,0.3,,,,student_t,10.0,,,,,,,,,,,
gaussian,,,0.0091901859716032,0.0393547183707526,0.9250525119542804,1.0,1.0936325726389369,,0.3,False,,,,,0.4911,diagonal,rank_gauss,,,,,,,,
noise,0.01621,False,0.2308374156371613,0.8434452591518635,0.844109118639921,1.0,1.9644329535636955,,0.2,,,,normal,0.0,,,,,,,,,,,
gaussian,,,0.1797754787714505,0.6394861826307255,1.2446969976491968,1.0,1.5133783338408613,,0.2,False,,,,,0.86981,identity,gaussian,,,,,,,,
noise,0.04536,False,0.3368965083109704,2.1716248872810646,1.2683010214007358,1.0,4.314661852752235,,0.2,,,,student_t,3.0,,,,,,,,,,,
noise,0.13427,False,0.3807727550158262,8.80971399551321,1.3769602235125251,1.0,12.12753390478043,,0.3,,,,normal,0.0,,,,,,,,,,,
gaussian,,,0.0081330815450126,0.0393683533918265,0.7776864590896708,1.0,1.0936295414278938,,0.3,False,,,,,0.35094,diagonal,rank_gauss,,,,,,,,
noise,0.0062,True,0.0,0.0281837981158268,0.3225415309916099,1.0,1.0628921316098765,,0.2,,,,normal,0.0,,,,,,,,,,,
gaussian,,,0.160407105251132,0.5209452079279464,0.8911739306161203,1.0,1.393154177989177,,0.2,False,,,,,0.54009,identity,gaussian,,,,,,,,
noise,0.43963,True,0.0068778974315141,0.1052254004740275,0.3828952130641552,1.0,1.1554383564825934,,0.3,,,,student_t,3.0,,,,,,,,,,,
noise,0.17833,False,0.379658810802408,9.334557752391213,1.3961797310541255,1.0,15.963455910270756,,0.3,,,,student_t,3.0,,,,,,,,,,,
gaussian,,,0.0104111369982976,0.0393528838291318,0.5896520625591968,1.0,1.0938523489846763,,0.3,False,,,,,0.18132,diagonal,rank_gauss,,,,,,,,
noise,0.01824,False,0.2554094670313626,0.937814387199477,0.913579901537102,1.0,2.1297666640895327,,0.2,,,,student_t,8.0,,,,,,,,,,,
gaussian,,,0.0758048976123274,0.2591995819932712,1.4003666399616033,1.0,1.0648441711253789,,0.2,False,,,,,0.98993,diagonal,gaussian,,,,,,,,
noise,0.01401,False,0.2038437323476454,0.7001921497823356,0.7655781077017884,1.0,1.7983777678435646,,0.2,,,,normal,0.0,,,,,,,,,,,
gaussian,,,0.0046172839262411,0.0392977213861897,0.4561741979370258,1.0,1.0952393532020737,,0.3,False,,,,,0.05416,identity,rank_gauss,,,,,,,,
noise,0.00767,True,0.0,0.0282454223403278,0.3228906208076446,1.0,1.0629701334455703,,0.2,,,,student_t,4.0,,,,,,,,,,,
gaussian,,,0.1968378921749538,0.6685176056960278,1.329965993610674,1.0,1.537283750017083,,0.2,False,,,,,0.94785,identity,gaussian,,,,,,,,
noise,0.01951,True,0.0,0.0282008027195694,0.3221211422988972,1.0,1.0630866517635436,,0.2,,,,normal,0.0,,,,,,,,,,,
gaussian,,,0.1912073368017845,0.6356495307192294,1.2334382018469874,1.0,1.5100744247529438,,0.2,False,,,,,0.85942,identity,gaussian,,,,,,,,
noise,0.28197,True,0.0015707530592332,0.0689390472261017,0.3288008888887062,1.0,1.106281963588314,,0.2,,,,normal,0.0,,,,,,,,,,,
gaussian,,,0.1467761995162524,0.4972512970110397,0.8241047198238078,1.0,1.366178618050379,,0.2,True,,,,,0.4776,identity,gaussian,,,,,,,,
noise,0.01615,True,0.0,0.0281275627899391,0.3222418375244466,1.0,1.0630376923289264,,0.2,,,,student_t,8.0,,,,,,,,,,,
gaussian,,,0.0602311508463033,0.2602646182936864,0.533374643345286,1.0,1.066396388249548,,0.3,False,,,,,0.27626,diagonal,gaussian,,,,,,,,
noise,0.06672,False,0.3772219701798139,4.088569534173719,1.3514196231323126,1.0,6.269958613957845,,0.2,,,,student_t,8.0,,,,,,,,,,,
gaussian,,,0.0613380773667184,0.259745456674838,0.7774320274052388,1.0,1.0659269554922,,0.2,False,,,,,0.51048,diagonal,gaussian,,,,,,,,
noise,0.01909,False,0.2682984778396821,1.032987999896862,0.9307152060664534,1.0,2.1879880891352648,,0.2,,,,normal,0.0,,,,,,,,,,,
gaussian,,,0.0085138126784533,0.0393667395955488,0.8187808983892222,1.0,1.093913852915645,,0.3,False,,,,,0.38918,identity,rank_gauss,,,,,,,,
noise,0.00536,False,0.026577587234829,0.179239047005202,0.3817723126845993,1.0,1.2241035224112715,,0.3,,,,normal,0.0,,,,,,,,,,,
gaussian,,,0.0068065084373147,0.0393178447897805,0.5070588729806683,1.0,1.094624229129286,,0.3,False,,,,,0.10324,identity,rank_gauss,,,,,,,,
noise,0.04916,False,0.372940687326535,3.0504193804865407,1.2816380395205105,1.0,4.698053998268732,,0.2,,,,normal,0.0,,,,,,,,,,,
gaussian,,,0.0141577390142834,0.0392141904668516,1.128838187456793,1.0,1.092734853272198,,0.3,False,,,,,0.69609,diagonal,rank_gauss,,,,,,,,
noise,0.26137,False,0.3819948820476805,17.424228854557033,1.3876096742543695,1.0,23.310307788825163,,0.3,,,,normal,0.0,,,,,,,,,,,
gaussian,,,0.1275525301353045,0.444950936625482,0.6854397766407979,1.0,1.304559305592072,,0.2,False,,,,,0.34828,identity,gaussian,,,,,,,,
noise,0.01547,False,0.1472631093688866,0.6000692557820665,0.8010273640684562,1.0,1.8658037986246367,,0.2,,,,student_t,3.0,,,,,,,,,,,
gaussian,,,0.0077663437504711,0.0393512531087332,0.7404686146193553,1.0,1.0935269382111903,,0.3,False,,,,,0.31686,identity,rank_gauss,,,,,,,,
noise,0.00518,False,0.0252588088332078,0.1701403603711731,0.3753566667967291,1.0,1.2147054764253198,,0.2,,,,normal,0.0,,,,,,,,,,,
gaussian,,,0.0059669926257511,0.0393687873786632,0.8008049146051408,1.0,1.093808430044119,,0.3,True,,,,,0.37228,diagonal,rank_gauss,,,,,,,,
noise,0.12845,False,0.3814274221767414,8.415475913516453,1.3755797793765614,1.0,11.616483385404392,,0.2,,,,normal,0.0,,,,,,,,,,,
gaussian,,,0.0564507636965868,0.2596328559648038,0.8567911243093085,1.0,1.065772403020785,,0.2,True,,,,,0.57803,diagonal,gaussian,,,,,,,,
noise,0.25754,False,0.3802045250036949,13.610648531966476,1.40096199887451,1.0,22.95213708359713,,0.3,,,,student_t,3.0,,,,,,,,,,,
gaussian,,,0.0082628452339541,0.0393505748284916,0.9151282613566436,1.0,1.093657813053117,,0.3,True,,,,,0.48157,diagonal,rank_gauss,,,,,,,,
noise,0.03041,False,0.342566156896276,1.7887505923553575,1.1434490930757422,1.0,3.1080676847854654,,0.2,,,,normal,0.0,,,,,,,,,,,
gaussian,,,0.0804419355005119,0.3380771744094954,0.4756153528252357,1.0,1.1713145404358092,,0.3,True,,,,,0.12836,identity,gaussian,,,,,,,,
noise,0.07752,False,0.3781738393903039,4.966883774309415,1.346417467247049,1.0,7.156440849735415,,0.2,,,,normal,0.0,,,,,,,,,,,
gaussian,,,0.006935255879342,0.039378792353273,0.8639326567438412,1.0,1.0939725545166856,,0.3,True,,,,,0.43187,diagonal,rank_gauss,,,,,,,,
noise,0.1775,False,0.3804778400154724,11.465892709821476,1.3938706224682245,1.0,16.06997624455709,,0.3,,,,student_t,10.0,,,,,,,,,,,
gaussian,,,0.1703312079700282,0.587323409702614,1.0887744005246476,1.0,1.464569215321556,,0.2,True,,,,,0.72471,identity,gaussian,,,,,,,,
noise,0.01681,True,0.0,0.0281944300965873,0.3222078915410382,1.0,1.0630312372383843,,0.2,,,,normal,0.0,,,,,,,,,,,
gaussian,,,0.0657691317197033,0.2592893859112211,1.038269336022122,1.0,1.065398345037174,,0.2,True,,,,,0.72636,diagonal,gaussian,,,,,,,,
noise,0.21178,False,0.3821822580078198,11.14008064183086,1.3988646298968666,1.0,18.91376523061821,,0.3,,,,student_t,3.0,,,,,,,,,,,
gaussian,,,0.1033810173404081,0.3766016306388032,0.5433582891743843,1.0,1.2198083232050183,,0.2,True,,,,,0.20151,identity,gaussian,,,,,,,,
noise,0.25277,True,0.0012113747983035,0.0519771296139581,0.3288896247825635,1.0,1.0948226089426765,,0.2,,,,student_t,3.0,,,,,,,,,,,
gaussian,,,0.0143119346919202,0.0388694073715793,1.3569541292554068,1.0,1.0912814676849023,,0.3,False,,,,,0.94396,identity,rank_gauss,,,,,,,,
noise,0.23357,True,0.0017609039704441,0.0478700568214842,0.3266608900237862,1.0,1.0902147894989689,,0.2,,,,student_t,3.0,,,,,,,,,,,
gaussian,,,0.0070344088802595,0.0392965955016351,0.455327301476962,1.0,1.095248759666733,,0.3,True,,,,,0.05327,diagonal,rank_gauss,,,,,,,,
noise,0.05298,False,0.3741497524430337,3.308192004030684,1.2960719942291414,1.0,5.026806801043739,,0.2,,,,normal,0.0,,,,,,,,,,,
gaussian,,,0.0080295168235808,0.039348554341203,0.7138910221632243,1.0,1.0935417287467033,,0.3,False,,,,,0.2925,diagonal,rank_gauss,,,,,,,,
noise,0.27401,False,0.3816722980130373,14.499949427869293,1.4014639942404017,1.0,24.406064117972544,,0.3,,,,student_t,3.0,,,,,,,,,,,
noise,0.13549,False,0.3812930778470651,7.863155652380604,1.3867973264916944,1.0,12.37837263419514,,0.2,,,,student_t,4.0,,,,,,,,,,,
gaussian,,,0.1352506106358197,0.4606011544250671,0.7254997591342015,1.0,1.3233241081835871,,0.2,False,,,,,0.38578,identity,gaussian,,,,,,,,
noise,0.02908,True,0.0004003912055315,0.0282378349482578,0.3218083628110937,1.0,1.0633484370179649,,0.2,,,,normal,0.0,,,,,,,,,,,
gaussian,,,0.0105727700942365,0.0392598496428179,1.059400564840823,1.0,1.092925807398911,,0.3,True,,,,,0.62418,identity,rank_gauss,,,,,,,,
noise,0.01175,False,0.1556276200685638,0.555296497296238,0.6728370140764032,1.0,1.6335022765738678,,0.2,,,,normal,0.0,,,,,,,,,,,
gaussian,,,0.0554917364722794,0.2596939171750693,0.8126132355697184,1.0,1.065857051135271,,0.2,True,,,,,0.54069,diagonal,gaussian,,,,,,,,
noise,0.2422,True,0.0014914345100985,0.0554724619279096,0.3244394700953187,1.0,1.0952254077242507,,0.3,,,,student_t,8.0,,,,,,,,,,,
noise,0.01422,False,0.2081312387791181,0.7137922662090099,0.7735752770166432,1.0,1.8140163621289416,,0.2,,,,normal,0.0,,,,,,,,,,,
gaussian,,,0.0097999350973909,0.0392835573769666,1.0307873043699602,1.0,1.093026636517253,,0.3,False,,,,,0.59502,identity,rank_gauss,,,,,,,,
noise,0.10364,True,0.0,0.030563690977718,0.3224849063466483,1.0,1.0686055758664144,,0.3,,,,student_t,5.0,,,,,,,,,,,
gaussian,,,0.1643291277065305,0.529033079747799,0.9144670104017844,1.0,1.402169516409972,,0.3,True,,,,,0.56181,identity,gaussian,,,,,,,,
noise,0.33217,False,0.3817731661899727,22.22442837041716,1.3889489617971895,1.0,29.546557558423352,,0.3,,,,normal,0.0,,,,,,,,,,,
noise,0.07131,True,0.0,0.0287947152522959,0.3220547036779091,1.0,1.0653163183325087,,0.3,,,,student_t,3.0,,,,,,,,,,,
gaussian,,,0.059216677033972,0.2602030942702592,0.5630162733631304,1.0,1.066351389896742,,0.3,True,,,,,0.30893,diagonal,gaussian,,,,,,,,
noise,0.01445,True,0.0,0.028306217302001,0.3230265045199686,1.0,1.0631142559522553,,0.2,,,,student_t,4.0,,,,,,,,,,,
gaussian,,,0.0168644817150858,0.0391939957558008,1.170157749985089,1.0,1.0927713073842695,,0.3,True,,,,,0.73948,identity,rank_gauss,,,,,,,,
noise,0.01279,True,0.0,0.0281496450929376,0.322715340915045,1.0,1.0629331837335836,,0.3,,,,student_t,5.0,,,,,,,,,,,
gaussian,,,0.0111777019703509,0.0391625683804516,1.2010709311879384,1.0,1.092681666693054,,0.3,False,,,,,0.77246,diagonal,rank_gauss,,,,,,,,
noise,0.14657,False,0.3828536918521223,9.643057040246362,1.3793704924882082,1.0,13.208116064616798,,0.3,,,,normal,0.0,,,,,,,,,,,
gaussian,,,0.0058802479639399,0.0393257357395619,0.5150902135499734,1.0,1.0945829874011062,,0.3,True,,,,,0.11083,diagonal,rank_gauss,,,,,,,,
noise,0.00593,True,0.0001212082272697,0.0281842044224903,0.3225498627977045,1.0,1.0628902280971315,,0.2,,,,normal,0.0,,,,,,,,,,,
gaussian,,,0.0077885856933185,0.0393406964827052,0.6820968485180201,1.0,1.093367672367068,,0.3,True,,,,,0.26372,diagonal,rank_gauss,,,,,,,,
noise,0.40702,True,0.0086509251068255,0.1186765708339832,0.3673789005716161,1.0,1.1508614986250143,,0.2,,,,normal,0.0,,,,,,,,,,,
gaussian,,,0.0115802107410595,0.0388788345235348,1.3531727945543963,1.0,1.0913078800988734,,0.3,False,,,,,0.93975,identity,rank_gauss,,,,,,,,
noise,0.01207,False,0.1256819759633939,0.5011364231084408,0.6878031559004666,1.0,1.6538370264912343,,0.3,,,,student_t,4.0,,,,,,,,,,,
gaussian,,,0.1351781508578378,0.4576215069935182,0.7177803954425781,1.0,1.319777647939413,,0.2,True,,,,,0.37857,identity,gaussian,,,,,,,,
noise,0.2426,True,0.0022841170650209,0.056768032155466,0.3230761348379227,1.0,1.0952057559468993,,0.2,,,,normal,0.0,,,,,,,,,,,
gaussian,,,0.0478394823000606,0.259768018110851,0.4102347389039468,1.0,1.0645459280892675,,0.2,True,,,,,0.05064,diagonal,gaussian,,,,,,,,
noise,0.22944,False,0.3818615027978054,15.259634049262411,1.3865266873608073,1.0,20.4987487530588,,0.3,,,,normal,0.0,,,,,,,,,,,
gaussian,,,0.0061173918575012,0.0392959383882003,0.4493833289854355,1.0,1.0953250255880076,,0.3,True,,,,,0.04724,diagonal,rank_gauss,,,,,,,,
gaussian,,,0.0604845255339038,0.259952900857358,0.6726592894101178,1.0,1.066149795459049,,0.3,True,,,,,0.41698,diagonal,gaussian,,,,,,,,
noise,0.01061,True,0.0,0.0281425864242291,0.3224117776703445,1.0,1.062947146087437,,0.3,,,,student_t,8.0,,,,,,,,,,,
gaussian,,,0.0592303541304443,0.2596724688724628,0.8265913818592105,1.0,1.065831104658791,,0.2,True,,,,,0.55257,diagonal,gaussian,,,,,,,,
noise,0.13394,True,0.0001302828133691,0.0324369106431266,0.3218879627435878,1.0,1.0718578983000373,,0.2,,,,student_t,3.0,,,,,,,,,,,
gaussian,,,0.1915133700779516,0.6543841149433643,1.288482271704726,1.0,1.5259005088479545,,0.2,False,,,,,0.91004,identity,gaussian,,,,,,,,
noise,0.01365,True,0.0,0.0281482408863877,0.3227136044468938,1.0,1.062944027763951,,0.3,,,,student_t,5.0,,,,,,,,,,,
gaussian,,,0.056032807326703,0.2604330592828663,0.417052703208336,1.0,1.0666107704777574,,0.2,False,,,,,0.08301,diagonal,gaussian,,,,,,,,
noise,0.02217,True,0.0,0.0281129399993056,0.3220548931469375,1.0,1.0631747227651247,,0.2,,,,student_t,8.0,,,,,,,,,,,
gaussian,,,0.1173516950410993,0.4378900625594878,0.6678202765810959,1.0,1.2959968852345631,,0.2,True,,,,,0.33169,identity,gaussian,,,,,,,,
noise,0.02857,False,0.3115995118187938,1.525654054472848,1.1213623764417633,1.0,2.9767984980390723,,0.2,,,,student_t,5.0,,,,,,,,,,,
noise,0.04241,False,0.3645829008826948,2.5955013606907733,1.248031196885502,1.0,4.120258001332009,,0.2,,,,normal,0.0,,,,,,,,,,,
gaussian,,,0.0564569338815187,0.2604167784033691,0.4242133523127782,1.0,1.0665941716512002,,0.2,False,,,,,0.10671,diagonal,gaussian,,,,,,,,
noise,0.02542,False,0.2854843506551534,1.2710030080061956,1.0702780289284473,1.0,2.702675408359293,,0.2,,,,student_t,4.0,,,,,,,,,,,
gaussian,,,0.0627492376963244,0.2596209055810407,0.864643721678028,1.0,1.0657562374238891,,0.2,False,,,,,0.58461,diagonal,gaussian,,,,,,,,
noise,0.09566,True,3.0170733465118005e-05,0.0297207974105953,0.3218636054393796,1.0,1.0673811952122818,,0.2,,,,student_t,3.0,,,,,,,,,,,
noise,0.08758,False,0.381592520545736,5.647817689951073,1.3564178598768564,1.0,8.034775991754302,,0.2,,,,normal,0.0,,,,,,,,,,,
gaussian,,,0.0625399518872235,0.259404514865608,0.9724271138631057,1.0,1.065528555172614,,0.3,False,,,,,0.67332,diagonal,gaussian,,,,,,,,
gaussian,,,0.0651870278490499,0.259713557515885,0.7985760209032554,1.0,1.0658838306234508,,0.3,False,,,,,0.52869,diagonal,gaussian,,,,,,,,
noise,0.02274,True,0.0,0.0283839714138109,0.3231863447999914,1.0,1.063360120150536,,0.2,,,,student_t,4.0,,,,,,,,,,,
gaussian,,,0.1322544948407761,0.4683247092253259,0.7457045220172109,1.0,1.3324631447407376,,0.2,True,,,,,0.40463,identity,gaussian,,,,,,,,
noise,0.20849,True,0.0005052473421115,0.0430119407501099,0.3245096064481854,1.0,1.0847123774240588,,0.3,,,,student_t,3.0,,,,,,,,,,,
gaussian,,,0.1896541685586532,0.6731091673391536,1.3434757954281364,1.0,1.540891183752872,,0.2,True,,,,,0.96009,identity,gaussian,,,,,,,,
noise,0.08008,True,0.0,0.0291875307527131,0.3224725745737851,1.0,1.0662600045508532,,0.3,,,,student_t,5.0,,,,,,,,,,,
gaussian,,,0.0050431111118054,0.0392943699684087,0.4505940187911171,1.0,1.0953068912402768,,0.3,True,,,,,0.04849,identity,rank_gauss,,,,,,,,
noise,0.00585,False,0.0364201975998702,0.2047259481559374,0.4005630347136996,1.0,1.2505718909431782,,0.2,,,,normal,0.0,,,,,,,,,,,
gaussian,,,0.1708267597077249,0.5764413439995092,1.055620947243603,1.0,1.453347169367678,,0.2,True,,,,,0.69369,identity,gaussian,,,,,,,,
noise,0.03382,True,0.0,0.0281000686566165,0.3216879758349924,1.0,1.0635541418682823,,0.2,,,,student_t,8.0,,,,,,,,,,,
gaussian,,,0.008024128703741,0.0393428371227322,0.6630086253185715,1.0,1.0933458393113615,,0.3,False,,,,,0.24682,diagonal,rank_gauss,,,,,,,,
noise,0.04736,True,0.0,0.0283357518074666,0.3222949651993198,1.0,1.0638931097271789,,0.2,,,,student_t,3.0,,,,,,,,,,,
gaussian,,,0.0093662086505638,0.0393065810210897,0.9661624529193223,1.0,1.093155983466613,,0.3,True,,,,,0.53086,diagonal,rank_gauss,,,,,,,,
noise,0.48923,False,0.3817717300244453,31.800647073312945,1.4178021102646292,1.0,43.83670365716124,,0.3,,,,student_t,8.0,,,,,,,,,,,
gaussian,,,0.0118745797335519,0.0390766665246558,1.2562143405052273,1.0,1.0920741281440502,,0.3,False,,,,,0.83245,diagonal,rank_gauss,,,,,,,,
noise,0.40151,False,0.3822482853578872,26.92596661766901,1.389582718235591,1.0,35.65577672832902,,0.3,,,,normal,0.0,,,,,,,,,,,
gaussian,,,0.0113871145398074,0.0392956531869945,0.9739161818109984,1.0,1.0930723541564231,,0.3,False,,,,,0.53848,diagonal,rank_gauss,,,,,,,,
noise,0.08435,False,0.3784367064972666,5.242622721346277,1.3759205761285722,1.0,7.822590713084125,,0.2,,,,student_t,8.0,,,,,,,,,,,
gaussian,,,0.0066090671790788,0.0393646573375131,0.7580736271939562,1.0,1.0935397358523518,,0.3,False,,,,,0.33307,diagonal,rank_gauss,,,,,,,,
noise,0.01105,True,0.0,0.0281813906243838,0.3223905034652061,1.0,1.0629401579807356,,0.3,,,,normal,0.0,,,,,,,,,,,
gaussian,,,0.0655803649952215,0.2601813339595859,0.5732364176357887,1.0,1.066336616725654,,0.3,True,,,,,0.31974,diagonal,gaussian,,,,,,,,
noise,0.05447,True,0.0,0.0289199260456501,0.3237573933130534,1.0,1.0650079054737038,,0.3,,,,student_t,4.0,,,,,,,,,,,
gaussian,,,0.0135961380189665,0.0392735285817656,1.0456126819045644,1.0,1.0930346071001582,,0.3,False,,,,,0.61002,diagonal,rank_gauss,,,,,,,,
noise,0.0768,True,0.0,0.0291797591223886,0.3244682544801482,1.0,1.0668000688703327,,0.3,,,,student_t,10.0,,,,,,,,,,,
gaussian,,,0.0091360228777811,0.0393642457301599,0.8125596856729773,1.0,1.0938692251378082,,0.3,True,,,,,0.38329,identity,rank_gauss,,,,,,,,
noise,0.00799,False,0.0691896175035808,0.3245536104564551,0.4969101879898148,1.0,1.3783455089379708,,0.3,,,,normal,0.0,,,,,,,,,,,
gaussian,,,0.0112788329007917,0.0392014009980184,1.1547651178446172,1.0,1.0927483959962068,,0.3,True,,,,,0.72328,identity,rank_gauss,,,,,,,,
noise,0.1305,True,0.0,0.0335544138278469,0.325610678307106,1.0,1.073462036893249,,0.3,,,,student_t,4.0,,,,,,,,,,,
gaussian,,,0.0139811621420838,0.039353592016018,0.9224539976811206,1.0,1.093640508709826,,0.3,True,,,,,0.48858,diagonal,rank_gauss,,,,,,,,
noise,0.02629,False,0.3151832970238046,1.454102891033423,1.095360193867149,1.0,2.783181954902161,,0.2,,,,student_t,8.0,,,,,,,,,,,
gaussian,,,0.0075680553866206,0.0393683230034804,0.7785289552638107,1.0,1.0936318944994412,,0.3,True,,,,,0.35172,diagonal,rank_gauss,,,,,,,,
noise,0.13673,True,1.078332420501038e-05,0.0338883965466646,0.3187743301563088,1.0,1.0732737451346714,,0.2,,,,normal,0.0,,,,,,,,,,,
gaussian,,,0.0083277647205645,0.0393461476695683,0.6083590269355262,1.0,1.0936754548300571,,0.3,False,,,,,0.19832,diagonal,rank_gauss,,,,,,,,
noise,0.16285,False,0.381754102702961,9.952797780081216,1.3824154511744844,1.0,14.877633412883371,,0.3,,,,student_t,5.0,,,,,,,,,,,
gaussian,,,0.0062010294758446,0.0392817958085347,0.4145591854335611,1.0,1.095539281897996,,0.3,False,,,,,0.01032,identity,rank_gauss,,,,,,,,
noise,0.05665,False,0.3747461875155299,3.5560297630021767,1.3075893253542712,1.0,5.343589507566295,,0.3,,,,normal,0.0,,,,,,,,,,,
noise,0.04513,False,0.3680919254557965,2.778705227398479,1.2629963022284458,1.0,4.352541064486795,,0.2,,,,normal,0.0,,,,,,,,,,,
gaussian,,,0.0093093437925588,0.0393392094607707,0.6796358294116647,1.0,1.0933506447162062,,0.3,True,,,,,0.26149,identity,rank_gauss,,,,,,,,
noise,0.01176,True,0.0,0.0281802860069827,0.3226192004979472,1.0,1.0629056601324152,,0.3,,,,student_t,3.0,,,,,,,,,,,
gaussian,,,0.0542857191625844,0.260287391135149,0.522618086733587,1.0,1.0664152263820994,,0.2,True,,,,,0.26379,diagonal,gaussian,,,,,,,,
noise,0.17867,False,0.3814968781646926,11.818295942435224,1.3834213888078395,1.0,16.030550918193207,,0.3,,,,normal,0.0,,,,,,,,,,,
gaussian,,,0.06344115394076,0.2595846677830226,0.8867878023448866,1.0,1.0657087280693096,,0.2,True,,,,,0.60306,diagonal,gaussian,,,,,,,,
noise,0.0153,False,0.2074859675501895,0.7522732759519078,0.8173965382677058,1.0,1.9012079431074225,,0.2,,,,student_t,8.0,,,,,,,,,,,
gaussian,,,0.0137425871277396,0.0392003948196096,1.1530978022390037,1.0,1.0927467390125591,,0.3,True,,,,,0.72156,diagonal,rank_gauss,,,,,,,,
noise,0.39518,False,0.3810390476121144,26.496759831164105,1.3895386666206728,1.0,35.09802634470462,,0.3,,,,normal,0.0,,,,,,,,,,,
gaussian,,,0.1964619452725805,0.6693617670588751,1.3324460331332677,1.0,1.537949733034186,,0.3,True,,,,,0.9501,identity,gaussian,,,,,,,,
noise,0.10756,False,0.3824740435710445,7.000671848750708,1.368553266001229,1.0,9.783847863560531,,0.3,,,,normal,0.0,,,,,,,,,,,
gaussian,,,0.0696882133645031,0.2590357919381983,1.1952591954183662,1.0,1.0651189709782805,,0.3,False,,,,,0.85068,diagonal,gaussian,,,,,,,,
noise,0.02348,True,5.420238493081264e-05,0.0281706938067387,0.3232780989342658,1.0,1.0633810225983618,,0.2,,,,student_t,10.0,,,,,,,,,,,
gaussian,,,0.0582930823869816,0.2592118103199925,1.293167593666372,1.0,1.064747728528615,,0.2,False,,,,,0.90733,diagonal,gaussian,,,,,,,,
noise,0.26887,False,0.3810018797191065,17.932713943859,1.3878110470120395,1.0,23.970821124179054,,0.3,,,,normal,0.0,,,,,,,,,,,
noise,0.0342,False,0.3431649960747239,1.9921385557818496,1.1850632553095408,1.0,3.4514860228525377,,0.2,,,,student_t,10.0,,,,,,,,,,,
gaussian,,,0.0091053992239306,0.0392612019002193,1.057035826705778,1.0,1.0929383840969955,,0.3,True,,,,,0.62174,diagonal,rank_gauss,,,,,,,,
noise,0.01138,True,0.0,0.0281815713687095,0.3223801348463874,1.0,1.062944377994526,,0.2,,,,normal,0.0,,,,,,,,,,,
gaussian,,,0.0061144933341578,0.0393398234483226,0.6292568685751648,1.0,1.0935165273760257,,0.3,True,,,,,0.21725,diagonal,rank_gauss,,,,,,,,
noise,0.01475,True,0.0,0.028189086678767,0.3222735930453011,1.0,1.0629944185896547,,0.2,,,,normal,0.0,,,,,,,,,,,
gaussian,,,0.0077374028675858,0.0393353435707378,0.544117675433303,1.0,1.0943380789376769,,0.3,False,,,,,0.13914,diagonal,rank_gauss,,,,,,,,
noise,0.01116,True,0.0,0.0282773021669652,0.32296117878313,1.0,1.063037917875704,,0.2,,,,student_t,4.0,,,,,,,,,,,
gaussian,,,0.0129056349352691,0.0391302803191042,1.2239913706560106,1.0,1.0924557753430433,,0.3,False,,,,,0.79734,identity,rank_gauss,,,,,,,,
noise,0.03533,True,0.0,0.0281002978057251,0.3216400824566485,1.0,1.0636143409142378,,0.2,,,,student_t,8.0,,,,,,,,,,,
gaussian,,,0.0104761208645994,0.0393800078291376,0.8541571642081293,1.0,1.0940024029178317,,0.3,True,,,,,0.42262,diagonal,rank_gauss,,,,,,,,
noise,0.10361,False,0.3812494425894623,6.22732497140148,1.3668877013398166,1.0,9.578511082521771,,0.2,,,,student_t,5.0,,,,,,,,,,,
gaussian,,,0.0694993366913697,0.2591826054306901,1.3561429069240325,1.0,1.064803568012617,,0.2,False,,,,,0.95594,diagonal,gaussian,,,,,,,,
noise,0.29775,True,0.0038031308182342,0.074364033072619,0.3319130639604791,1.0,1.1111391678730629,,0.2,,,,normal,0.0,,,,,,,,,,,
noise,0.06131,False,0.3747504693910206,3.777754437930173,1.323206659228221,1.0,5.794887181877164,,0.2,,,,student_t,10.0,,,,,,,,,,,
gaussian,,,0.0589427006914689,0.2603500860402791,0.4889930979578616,1.0,1.0664783797126476,,0.2,True,,,,,0.22173,diagonal,gaussian,,,,,,,,
noise,0.01695,True,0.0,0.0281649600963656,0.3231299444928259,1.0,1.0631774758921186,,0.2,,,,student_t,10.0,,,,,,,,,,,
gaussian,,,0.006840733002838,0.0393490646501683,0.7194526829234205,1.0,1.093552035496956,,0.3,True,,,,,0.29776,diagonal,rank_gauss,,,,,,,,
noise,0.02473,False,0.3034010386273892,1.3534291693155105,1.0674639613634858,1.0,2.6542370097153354,,0.2,,,,student_t,8.0,,,,,,,,,,,
gaussian,,,0.0106632503643452,0.0393353026614083,0.9496158045050396,1.0,1.0933991598505373,,0.3,False,,,,,0.51481,identity,rank_gauss,,,,,,,,
noise,0.0262,False,0.3021903455831262,1.378904446150735,1.0853018139035897,1.0,2.778246914272588,,0.3,,,,student_t,5.0,,,,,,,,,,,
gaussian,,,0.0087566821705854,0.039297001485517,0.4805857585808955,1.0,1.0948551653021084,,0.3,True,,,,,0.07787,diagonal,rank_gauss,,,,,,,,
noise,0.20839,True,0.0006572787119598,0.0477471858575193,0.3202004019055142,1.0,1.0868419937489444,,0.2,,,,normal,0.0,,,,,,,,,,,
gaussian,,,0.0646197237016434,0.259316773859895,1.1470417688950836,1.0,1.064636952256405,,0.2,True,,,,,0.79386,diagonal,gaussian,,,,,,,,
noise,0.48949,True,0.0168264791053341,0.1578555863062751,0.4088097955819294,1.0,1.1869958793339768,,0.2,,,,normal,0.0,,,,,,,,,,,
gaussian,,,0.0659735737166274,0.2595563187333541,0.9006185555425952,1.0,1.0656770301973773,,0.2,True,,,,,0.61452,diagonal,gaussian,,,,,,,,
noise,0.00961,True,0.0,0.028155544054661,0.3227210243132793,1.0,1.0629002231258229,,0.2,,,,student_t,5.0,,,,,,,,,,,
gaussian,,,0.0599645051834542,0.2593790630862583,0.9833381442511144,1.0,1.0655070944961689,,0.2,False,,,,,0.68216,diagonal,gaussian,,,,,,,,
noise,0.01708,True,0.0,0.0281951384804158,0.322199248668483,1.0,1.0630364133347583,,0.2,,,,normal,0.0,,,,,,,,,,,
gaussian,,,0.0154940495515246,0.0387875598089105,1.3969289639450506,1.0,1.0910367958093512,,0.3,False,,,,,0.9889,identity,rank_gauss,,,,,,,,
noise,0.05979,False,0.3629196296732176,3.3188318956582457,1.322008109467212,1.0,5.661144364219146,,0.2,,,,student_t,4.0,,,,,,,,,,,
gaussian,,,0.0089001688375844,0.0393547273528774,0.92693601391845,1.0,1.0936207971301528,,0.3,True,,,,,0.49292,identity,rank_gauss,,,,,,,,
noise,0.11709,False,0.3820127526097458,7.64608887516633,1.3722347239042136,1.0,10.619513872949025,,0.2,,,,normal,0.0,,,,,,,,,,,
gaussian,,,0.0801173117112715,0.3419228795111477,0.4814974600921377,1.0,1.1761839369520055,,0.2,False,,,,,0.13528,identity,gaussian,,,,,,,,
noise,0.01205,True,0.0,0.0282855248475798,0.322978962403608,1.0,1.0630573776545231,,0.3,,,,student_t,4.0,,,,,,,,,,,
gaussian,,,0.0147071303169679,0.0388168120060023,1.3818834335603636,1.0,1.091083697930189,,0.3,False,,,,,0.97195,diagonal,rank_gauss,,,,,,,,
noise,0.04923,True,0.0,0.0284271478102136,0.3211308573328867,1.0,1.064232701115579,,0.2,,,,normal,0.0,,,,,,,,,,,
noise,0.0059,True,0.0,0.0281760405082052,0.3226780950597448,1.0,1.0628673734582144,,0.2,,,,student_t,3.0,,,,,,,,,,,
gaussian,,,0.1766136391140004,0.5911787464245115,1.1004949765570928,1.0,1.4684661564785788,,0.2,True,,,,,0.73567,identity,gaussian,,,,,,,,
noise,0.25783,True,0.0018104894825099,0.0599305165386015,0.3265414414695538,1.0,1.099410464985095,,0.2,,,,student_t,8.0,,,,,,,,,,,
noise,0.09813,True,0.0,0.0302365922981088,0.3195614338696271,1.0,1.068248969345705,,0.2,,,,normal,0.0,,,,,,,,,,,
noise,0.01429,True,0.0,0.0281884832214085,0.3222882054107295,1.0,1.0629868425482123,,0.2,,,,normal,0.0,,,,,,,,,,,
gaussian,,,0.0132621479186444,0.0389032351313349,1.343216529842017,1.0,1.0913821918832312,,0.3,True,,,,,0.92863,diagonal,rank_gauss,,,,,,,,
noise,0.02232,False,0.2867333501235747,1.2158708175890045,1.0097967758224742,1.0,2.462124720398289,,0.2,,,,student_t,10.0,,,,,,,,,,,
gaussian,,,0.0058535641315438,0.0393435923693642,0.634381080139763,1.0,1.0934850221135188,,0.3,True,,,,,0.22183,diagonal,rank_gauss,,,,,,,,
noise,0.01095,True,0.0,0.0281813344811253,0.3223936431766822,1.0,1.0629389031410903,,0.2,,,,normal,0.0,,,,,,,,,,,
noise,0.017,False,0.244813909549677,0.8952401758005074,0.8695927417660757,1.0,2.025136954797638,,0.2,,,,normal,0.0,,,,,,,,,,,
gaussian,,,0.0574229680793783,0.2592977781335485,1.0325534785001147,1.0,1.0654092446791263,,0.2,True,,,,,0.72178,diagonal,gaussian,,,,,,,,
noise,0.01507,True,0.0,0.0281896863494054,0.3222634151490576,1.0,1.0629998278941517,,0.2,,,,normal,0.0,,,,,,,,,,,
gaussian,,,0.0744740314207922,0.3395166316146957,0.4777923194222161,1.0,1.1731377478080032,,0.2,False,,,,,0.13094,identity,gaussian,,,,,,,,
noise,0.01873,True,0.0,0.0281991254746696,0.3221462756762112,1.0,1.063069809195126,,0.2,,,,normal,0.0,,,,,,,,,,,
gaussian,,,0.011189918395993,0.0393530155720108,0.9052639097120206,1.0,1.0937253303916905,,0.3,False,,,,,0.47206,identity,rank_gauss,,,,,,,,
noise,0.00602,False,0.0378843810771366,0.2137729505914064,0.4074798490888753,1.0,1.2600370954932092,,0.2,,,,normal,0.0,,,,,,,,,,,
gaussian,,,0.0075640712454024,0.0392979088583388,0.4566692178148721,1.0,1.0952334479629309,,0.3,False,,,,,0.05468,identity,rank_gauss,,,,,,,,
noise,0.07922,False,0.3789381475540391,4.906723981472881,1.3703157294905628,1.0,7.370030377909755,,0.2,,,,student_t,8.0,,,,,,,,,,,
gaussian,,,0.0082595981970254,0.0392952805878215,0.4760631185709305,1.0,1.0949357046202957,,0.3,False,,,,,0.07351,diagonal,rank_gauss,,,,,,,,
noise,0.13874,True,0.0,0.0347192196289078,0.3265084576833051,1.0,1.0746671041748503,,0.2,,,,student_t,10.0,,,,,,,,,,,
gaussian,,,0.0685819129479767,0.2593163489049231,1.149822836519195,1.0,1.0646391415018155,,0.3,False,,,,,0.79603,diagonal,gaussian,,,,,,,,
noise,0.16281,True,0.0006482668020501,0.0375856488105076,0.3235930372975569,1.0,1.077141215704955,,0.3,,,,student_t,5.0,,,,,,,,,,,
gaussian,,,0.1463552800913476,0.4713638053103658,0.7537443644228424,1.0,1.3360440586684177,,0.2,True,,,,,0.41212,identity,gaussian,,,,,,,,
noise,0.19438,False,0.3806409127952702,11.936289434293588,1.3854234411168498,1.0,17.703123224982004,,0.3,,,,student_t,5.0,,,,,,,,,,,
gaussian,,,0.1264322556089525,0.4523091826994078,0.704113737672329,1.0,1.3134201651694708,,0.2,True,,,,,0.36579,identity,gaussian,,,,,,,,
noise,0.49842,True,0.0122928797646503,0.1259026623430819,0.4116358799397426,1.0,1.1798176170562795,,0.2,,,,student_t,3.0,,,,,,,,,,,
gaussian,,,0.0119913972677201,0.0391263599936063,1.2277626777401198,1.0,1.0924353937181497,,0.3,False,,,,,0.80143,identity,rank_gauss,,,,,,,,
noise,0.00938,False,0.0964740623739915,0.4077036555127916,0.5637151607895555,1.0,1.4691310746588269,,0.2,,,,normal,0.0,,,,,,,,,,,
gaussian,,,0.0481634708234028,0.2597405086419428,0.4083562748804557,1.0,1.0645968073463064,,0.2,False,,,,,0.01246,diagonal,gaussian,,,,,,,,
noise,0.00637,False,0.0482344653023302,0.2326863979508027,0.4222734167217294,1.0,1.279943601505955,,0.2,,,,normal,0.0,,,,,,,,,,,
gaussian,,,0.0103652273648203,0.0392834674531072,1.0144535387266125,1.0,1.0929892583315466,,0.3,False,,,,,0.57859,identity,rank_gauss,,,,,,,,
noise,0.01936,False,0.2670288553873107,1.0508457209477855,0.9379882128122462,1.0,2.2092420198790084,,0.2,,,,normal,0.0,,,,,,,,,,,
noise,0.16472,True,0.0004649993230779,0.0378975639989269,0.3236691223223961,1.0,1.0774788288672872,,0.2,,,,student_t,5.0,,,,,,,,,,,
gaussian,,,0.0115572530356951,0.0392250749693722,1.1145995592734566,1.0,1.092775136567904,,0.3,True,,,,,0.68115,diagonal,rank_gauss,,,,,,,,
noise,0.12685,True,4.767039980424492e-05,0.0327093880490063,0.3189092319334208,1.0,1.0718331001277566,,0.2,,,,normal,0.0,,,,,,,,,,,
gaussian,,,0.0556050989982519,0.2604125947333501,0.4257617614851975,1.0,1.0665908781896312,,0.2,False,,,,,0.111,diagonal,gaussian,,,,,,,,
noise,0.14669,False,0.380318931772618,7.6273828137925745,1.391697773653556,1.0,13.17515192520498,,0.3,,,,student_t,3.0,,,,,,,,,,,
gaussian,,,0.0519610753770271,0.2600880055284277,0.6188325196807433,1.0,1.0662546723606192,,0.3,True,,,,,0.36583,diagonal,gaussian,,,,,,,,
noise,0.05924,True,0.0,0.0286129129455977,0.320791448637227,1.0,1.0648396124805148,,0.2,,,,normal,0.0,,,,,,,,,,,
noise,0.006,True,0.0,0.028184060168914,0.3225477034775495,1.0,1.0628907138008727,,0.2,,,,normal,0.0,,,,,,,,,,,
noise,0.14126,True,0.0001643645886543,0.034163487896954,0.3192044379050412,1.0,1.074099071237962,,0.3,,,,student_t,8.0,,,,,,,,,,,
gaussian,,,0.0612448735535111,0.2603957738639997,0.4340884465176648,1.0,1.0665736552521383,,0.2,True,,,,,0.13128,diagonal,gaussian,,,,,,,,
noise,0.00532,False,0.0273620677232334,0.1772040768499637,0.3803224395174816,1.0,1.221999270539769,,0.2,,,,normal,0.0,,,,,,,,,,,
gaussian,,,0.0129557256902465,0.0391962816691397,1.1624320927580165,1.0,1.0927528816595715,,0.3,False,,,,,0.73128,identity,rank_gauss,,,,,,,,
noise,0.15882,True,0.0001028470306229,0.0368404081091987,0.3193062099365777,1.0,1.07701300480467,,0.3,,,,student_t,8.0,,,,,,,,,,,
gaussian,,,0.0667231997265626,0.2594148974663898,0.9678549234203072,1.0,1.0655374726856872,,0.2,True,,,,,0.66961,diagonal,gaussian,,,,,,,,
noise,0.03705,True,0.0,0.0281800070487845,0.3226389774090981,1.0,1.0635543072869136,,0.3,,,,student_t,5.0,,,,,,,,,,,
gaussian,,,0.0090397829753181,0.0392845363802918,0.9909454412601432,1.0,1.0930189956579677,,0.3,True,,,,,0.55531,identity,rank_gauss,,,,,,,,
noise,0.02626,True,0.0,0.0281770414963335,0.3233403834893715,1.0,1.0634819608859118,,0.2,,,,student_t,10.0,,,,,,,,,,,
gaussian,,,0.0141525769607647,0.0389909853078212,1.298868653244576,1.0,1.0916186344925851,,0.3,False,,,,,0.87935,identity,rank_gauss,,,,,,,,
noise,0.1043,False,0.3817562793051544,6.779909691591018,1.367048414590495,1.0,9.49815759556714,,0.2,,,,normal,0.0,,,,,,,,,,,
gaussian,,,0.1400045660656031,0.473576158155111,0.7596294656010016,1.0,1.3386461927855762,,0.2,True,,,,,0.4176,identity,gaussian,,,,,,,,
noise,0.01615,True,0.0,0.028164412809285,0.3231115980494577,1.0,1.063155776113231,,0.2,,,,student_t,10.0,,,,,,,,,,,
gaussian,,,0.0075563494400078,0.0393169862019441,0.5060585859842367,1.0,1.094633325066545,,0.3,True,,,,,0.10234,identity,rank_gauss,,,,,,,,
noise,0.02139,True,0.0,0.0282064172121868,0.3220603289678831,1.0,1.0631300310726053,,0.2,,,,normal,0.0,,,,,,,,,,,
gaussian,,,0.0119357105343272,0.0389819907025723,1.3015616304598705,1.0,1.091592583197526,,0.3,True,,,,,0.88232,diagonal,rank_gauss,,,,,,,,
noise,0.12531,True,0.0,0.0330074924486877,0.3259340347220638,1.0,1.0726095694946605,,0.2,,,,student_t,10.0,,,,,,,,,,,
gaussian,,,0.005619272328316,0.039298883732927,0.4858049224102851,1.0,1.094769779904288,,0.3,True,,,,,0.08283,diagonal,rank_gauss,,,,,,,,
noise,0.12907,True,0.0,0.0329563532249257,0.3188741513537708,1.0,1.0721475844463568,,0.2,,,,normal,0.0,,,,,,,,,,,
gaussian,,,0.0063135225311053,0.0393502215300115,0.6526564102402481,1.0,1.093417632036218,,0.3,True,,,,,0.23782,diagonal,rank_gauss,,,,,,,,
noise,0.00542,False,0.028991243774627,0.1823060439904413,0.383972265372496,1.0,1.2272760860332812,,0.2,,,,normal,0.0,,,,,,,,,,,
gaussian,,,0.0084219426708701,0.0393685237869509,0.7771357959122728,1.0,1.0936282892120348,,0.3,False,,,,,0.35043,diagonal,rank_gauss,,,,,,,,
noise,0.09501,False,0.3792838263881497,6.150865179731895,1.3618268820010857,1.0,8.684622983588177,,0.2,,,,normal,0.0,,,,,,,,,,,
gaussian,,,0.2024404557482387,0.6678833152645486,1.328104018687796,1.0,1.5367826543682868,,0.2,False,,,,,0.94616,identity,gaussian,,,,,,,,
noise,0.10156,False,0.3804683641707838,6.594368301194481,1.36565637669549,1.0,9.258114518694873,,0.2,,,,normal,0.0,,,,,,,,,,,
gaussian,,,0.0080296496557543,0.0393753871593222,0.869328491361511,1.0,1.0939318739389947,,0.3,True,,,,,0.43712,diagonal,rank_gauss,,,,,,,,
noise,0.00644,False,0.0493302053862051,0.2365151331408417,0.4253069848288708,1.0,1.2839883806011465,,0.2,,,,normal,0.0,,,,,,,,,,,
gaussian,,,0.0081856699239168,0.0393685495460158,0.7781823667868837,1.0,1.0936309476987665,,0.3,True,,,,,0.3514,diagonal,rank_gauss,,,,,,,,
noise,0.00896,True,0.0,0.0281487554790048,0.3224619636376706,1.0,1.0629267667453095,,0.2,,,,student_t,8.0,,,,,,,,,,,
gaussian,,,0.19933577364456,0.6761233573418391,1.3523545671650612,1.0,1.5432351187337638,,0.2,True,,,,,0.96811,identity,gaussian,,,,,,,,
noise,0.03808,False,0.3589579638371512,2.3040570557337,1.2188297018160987,1.0,3.752333235507298,,0.2,,,,normal,0.0,,,,,,,,,,,
gaussian,,,0.0593133441744403,0.2594480343433575,0.9534665384012038,1.0,1.0655652463966423,,0.2,True,,,,,0.6579,diagonal,gaussian,,,,,,,,
noise,0.03274,False,0.3240954570583835,1.7847101264992673,1.1722607394143445,1.0,3.3300733307403227,,0.2,,,,student_t,5.0,,,,,,,,,,,
gaussian,,,0.1858095734516635,0.6504892043514862,1.2770350273657174,1.0,1.5226773689793034,,0.2,True,,,,,0.89955,identity,gaussian,,,,,,,,
noise,0.14851,False,0.3811073133977422,9.774499912194091,1.379696345499824,1.0,13.378604161765372,,0.3,,,,normal,0.0,,,,,,,,,,,
gaussian,,,0.0738575584757751,0.3192049663127899,0.4498334060085952,1.0,1.1472471512606002,,0.2,True,,,,,0.09552,identity,gaussian,,,,,,,,
gaussian,,,0.1584163174866454,0.538760568042832,0.9427143667872744,1.0,1.4128728565753002,,0.2,False,,,,,0.58817,identity,gaussian,,,,,,,,
noise,0.0052,False,0.0226056727074099,0.1576982630526377,0.381290168193481,1.0,1.2161167074287564,,0.2,,,,student_t,5.0,,,,,,,,,,,
gaussian,,,0.0071832760782082,0.0393541956504181,0.9019114247995438,1.0,1.093739063106889,,0.3,True,,,,,0.46879,diagonal,rank_gauss,,,,,,,,
noise,0.08393,False,0.3793552160687956,5.4007227272952125,1.353200338398427,1.0,7.715866712364213,,0.2,,,,normal,0.0,,,,,,,,,,,
gaussian,,,0.054132335010716,0.2604337043766002,0.4152960308334618,1.0,1.0666141140693377,,0.2,False,,,,,0.07555,diagonal,gaussian,,,,,,,,
noise,0.08197,True,0.0,0.029136533651242,0.3219604306025212,1.0,1.0661432317743993,,0.2,,,,student_t,3.0,,,,,,,,,,,
gaussian,,,0.0099208874239318,0.0392388658519299,1.084854886440731,1.0,1.092803271864292,,0.3,True,,,,,0.65017,identity,rank_gauss,,,,,,,,
noise,0.00725,False,0.0607572211170712,0.2817932765908157,0.461900528357368,1.0,1.3322359183783063,,0.2,,,,normal,0.0,,,,,,,,,,,
gaussian,,,0.006436028473556,0.0393485964390189,0.7171760360590063,1.0,1.0935507290302973,,0.3,True,,,,,0.29561,identity,rank_gauss,,,,,,,,
noise,0.24325,True,0.001090159699951,0.0569531876246416,0.323148458504973,1.0,1.095376149855169,,0.2,,,,normal,0.0,,,,,,,,,,,
gaussian,,,0.122324484198671,0.4555932278482583,0.7125486083783518,1.0,1.3173559170527636,,0.2,True,,,,,0.37368,identity,gaussian,,,,,,,,
noise,0.11298,False,0.3817991648155591,7.118452971410894,1.3948235423240978,1.0,10.355594159952812,,0.3,,,,student_t,8.0,,,,,,,,,,,
gaussian,,,0.0090077938196788,0.0392353795519356,1.077729340288038,1.0,1.092804429468039,,0.3,False,,,,,0.64287,identity,rank_gauss,,,,,,,,
noise,0.33203,False,0.3821352655018274,20.599674569344096,1.3899158957489186,1.0,30.05174178449904,,0.3,,,,student_t,5.0,,,,,,,,,,,
gaussian,,,0.1886289675237017,0.6325396542383191,1.2243380650848752,1.0,1.5073792678250597,,0.2,True,,,,,0.85101,identity,gaussian,,,,,,,,
noise,0.09586,False,0.379162659722931,6.208421810193335,1.3623657154960958,1.0,8.759016219542012,,0.2,,,,normal,0.0,,,,,,,,,,,
gaussian,,,0.0135662597263644,0.0392015685368914,1.1420688257428115,1.0,1.09273193630932,,0.3,True,,,,,0.71001,diagonal,rank_gauss,,,,,,,,
noise,0.01886,False,0.274473866350337,1.0177873578645429,0.9244066673009768,1.0,2.169919453337504,,0.2,,,,normal,0.0,,,,,,,,,,,
gaussian,,,0.0645330393570424,0.2797723449139841,0.4149640221909298,1.0,1.0956141751974635,,0.2,True,,,,,0.0327,identity,gaussian,,,,,,,,
noise,0.02605,True,0.0,0.0282203989292044,0.3219082259175874,1.0,1.0632545225436352,,0.2,,,,normal,0.0,,,,,,,,,,,
gaussian,,,0.0683841588157038,0.2947882510861871,0.4249285052845523,1.0,1.1155764459497095,,0.3,False,,,,,0.05576,identity,gaussian,,,,,,,,
noise,0.02025,True,0.0,0.0282031374742323,0.3220972444706872,1.0,1.063103256904197,,0.2,,,,normal,0.0,,,,,,,,,,,
noise,0.09561,True,0.0,0.0300782275170662,0.3196325570087929,1.0,1.0679775615138276,,0.2,,,,normal,0.0,,,,,,,,,,,
gaussian,,,0.0094815994953131,0.039336422029467,0.539101218612846,1.0,1.0944009031090984,,0.3,False,,,,,0.13427,diagonal,rank_gauss,,,,,,,,
noise,0.20361,True,0.0008495347586341,0.0470322814882031,0.331213311028694,1.0,1.087280096547142,,0.2,,,,student_t,10.0,,,,,,,,,,,
gaussian,,,0.1635556577706171,0.5939080118026161,1.1087836034981653,1.0,1.471200346092143,,0.2,False,,,,,0.74342,identity,gaussian,,,,,,,,
noise,0.00744,False,0.0442467427318181,0.2562562720813108,0.4771329357561048,1.0,1.342359476841793,,0.2,,,,student_t,4.0,,,,,,,,,,,
gaussian,,,0.0622330803634068,0.2603749785374591,0.4703385552283018,1.0,1.0665122176135684,,0.2,False,,,,,0.19543,diagonal,gaussian,,,,,,,,
noise,0.00777,False,0.0750175452567532,0.3117168018154493,0.4864057077842932,1.0,1.3644548711925633,,0.2,,,,normal,0.0,,,,,,,,,,,
gaussian,,,0.0546215944455054,0.2604335086239475,0.4157631994736554,1.0,1.0666131651701205,,0.2,True,,,,,0.07764,diagonal,gaussian,,,,,,,,
noise,0.01795,False,0.2367770954399409,0.9194062645528108,0.904916631943334,1.0,2.1069109737478184,,0.2,,,,student_t,8.0,,,,,,,,,,,
noise,0.03079,True,0.0001256689342513,0.0282484015445384,0.3217516991965401,1.0,1.0634059482158915,,0.2,,,,normal,0.0,,,,,,,,,,,
gaussian,,,0.063530997025221,0.2591904520436022,1.3911151959670551,1.0,1.064835230405977,,0.2,True,,,,,0.98283,diagonal,gaussian,,,,,,,,
noise,0.00804,False,0.0610060591550953,0.2862263531862644,0.5048918674480797,1.0,1.3795458437498271,,0.2,,,,student_t,4.0,,,,,,,,,,,
gaussian,,,0.0586739968209513,0.2592346800214664,1.0816367955677086,1.0,1.0653181272217709,,0.2,False,,,,,0.76098,diagonal,gaussian,,,,,,,,
noise,0.01265,True,0.0,0.0281850936752897,0.3223401235943798,1.0,1.062961750520713,,0.2,,,,normal,0.0,,,,,,,,,,,
gaussian,,,0.0054578755036904,0.0392952753442377,0.449591546164669,1.0,1.0953214992088038,,0.3,False,,,,,0.04746,identity,rank_gauss,,,,,,,,
noise,0.13256,False,0.3809122813542861,8.69387905692125,1.3765733695643272,1.0,11.977362334351408,,0.2,,,,normal,0.0,,,,,,,,,,,
noise,0.02998,True,0.0005874084391827,0.0281919445095629,0.3234230963844822,1.0,1.0636303672858831,,0.2,,,,student_t,10.0,,,,,,,,,,,
gaussian,,,0.0597331183635925,0.259309210685866,1.025684920714534,1.0,1.0654230718879905,,0.2,True,,,,,0.71627,diagonal,gaussian,,,,,,,,
noise,0.00644,False,0.0428908437526929,0.2328288112035887,0.434170451572288,1.0,1.289450707660277,,0.2,,,,student_t,10.0,,,,,,,,,,,
gaussian,,,0.063648737390327,0.2593127009577353,1.0235048961021245,1.0,1.065427436220818,,0.2,False,,,,,0.71452,diagonal,gaussian,,,,,,,,
noise,0.02294,False,0.25980085818275,1.1251240712163726,1.022522640487386,1.0,2.4989594832308426,,0.2,,,,student_t,4.0,,,,,,,,,,,
gaussian,,,0.1955872104002689,0.6699131010593036,1.334067155225804,1.0,1.5383841382971917,,0.2,False,,,,,0.95157,identity,gaussian,,,,,,,,
noise,0.03242,True,0.0,0.0285080000300107,0.3233655709373991,1.0,1.0637441098294755,,0.2,,,,student_t,4.0,,,,,,,,,,,
gaussian,,,0.0691995015151855,0.2591952876342914,1.325904450233181,1.0,1.0647748546946147,,0.2,True,,,,,0.93263,diagonal,gaussian,,,,,,,,
noise,0.05975,True,0.0,0.0286240517369539,0.320774219307859,1.0,1.0648735083413856,,0.2,,,,normal,0.0,,,,,,,,,,,
gaussian,,,0.0096663635226704,0.0393486360508042,0.9126384495768658,1.0,1.0936651969177142,,0.3,False,,,,,0.47916,diagonal,rank_gauss,,,,,,,,
noise,0.09487,False,0.3799292602645654,5.996435388773111,1.3686852296047638,1.0,8.747181342509656,,0.2,,,,student_t,10.0,,,,,,,,,,,
gaussian,,,0.009979922000515,0.039284615162963,1.0204140302160205,1.0,1.0929921764146333,,0.3,False,,,,,0.58458,identity,rank_gauss,,,,,,,,
noise,0.01818,False,0.2519961052175502,0.9728987394977712,0.9051677009097884,1.0,2.116703266352008,,0.2,,,,normal,0.0,,,,,,,,,,,
gaussian,,,0.1191629897117507,0.4211043327066477,0.6418467637822753,1.0,1.274969740279428,,0.2,True,,,,,0.29629,identity,gaussian,,,,,,,,
noise,0.02372,True,0.0002123913537283,0.0281424555237442,0.3226874033467565,1.0,1.063132137194993,,0.2,,,,student_t,5.0,,,,,,,,,,,
gaussian,,,0.0611697894047953,0.2601442232591744,0.591946116478971,1.0,1.0663053135179372,,0.2,True,,,,,0.33904,diagonal,gaussian,,,,,,,,
noise,0.12094,False,0.3812069141662967,7.9068329191450815,1.3734720156332976,1.0,10.957303951742947,,0.2,,,,normal,0.0,,,,,,,,,,,
gaussian,,,0.0077852851852542,0.0393513325962931,0.918853491846836,1.0,1.0936446540432974,,0.3,False,,,,,0.48509,identity,rank_gauss,,,,,,,,
noise,0.12111,False,0.3824028770026643,7.918346013537184,1.373524107181886,1.0,10.972221405468895,,0.2,,,,normal,0.0,,,,,,,,,,,
gaussian,,,0.1597304491787073,0.58041574588964,1.0677452355510704,1.0,1.4574861552778429,,0.2,False,,,,,0.70504,identity,gaussian,,,,,,,,
noise,0.00579,True,0.0,0.0281761234769908,0.322679138584538,1.0,1.0628670340976285,,0.3,,,,student_t,3.0,,,,,,,,,,,
gaussian,,,0.1493755621831973,0.4973401516890165,0.8243518659930139,1.0,1.366280936137747,,0.2,True,,,,,0.47783,identity,gaussian,,,,,,,,
noise,0.09798,False,0.3819780964532486,6.351967716898995,1.3636495578609282,1.0,8.944602671153593,,0.2,,,,normal,0.0,,,,,,,,,,,
gaussian,,,0.0589857098915302,0.2603098297058424,0.5130252670698734,1.0,1.0664334012003729,,0.2,False,,,,,0.25232,diagonal,gaussian,,,,,,,,
noise,0.43288,False,0.3821726623130121,29.053004377846683,1.389763947077312,1.0,38.41995412546065,,0.3,,,,normal,0.0,,,,,,,,,,,
gaussian,,,0.0072590422378331,0.0392810170587467,0.4140100014362036,1.0,1.0955429971485344,,0.3,True,,,,,0.00973,diagonal,rank_gauss,,,,,,,,
noise,0.34821,False,0.3832297641651719,23.311990056876272,1.3891317504912624,1.0,30.95965832101802,,0.3,,,,normal,0.0,,,,,,,,,,,
gaussian,,,0.0104123045212725,0.0393356510329748,0.9494595517838726,1.0,1.0934014351976966,,0.3,False,,,,,0.51466,diagonal,rank_gauss,,,,,,,,
noise,0.02457,True,0.0005128577141723,0.0282143696831779,0.3219567358250495,1.0,1.0632123647563223,,0.2,,,,normal,0.0,,,,,,,,,,,
gaussian,,,0.011276874143585,0.0392830853914575,1.0122088330783745,1.0,1.0929911950407,,0.3,True,,,,,0.57639,diagonal,rank_gauss,,,,,,,,
noise,0.01119,True,3.7990396789311376e-05,0.0281794514334811,0.3226252110701465,1.0,1.062900194329134,,0.2,,,,student_t,3.0,,,,,,,,,,,
gaussian,,,0.0085748016028259,0.0393518590316639,0.7419360249856194,1.0,1.0935234577687307,,0.3,False,,,,,0.31823,identity,rank_gauss,,,,,,,,
noise,0.2214,True,0.0002670250500529,0.0500061394452236,0.3222757717801531,1.0,1.09002662354781,,0.2,,,,student_t,8.0,,,,,,,,,,,
gaussian,,,0.0929753486596156,0.3420885658532268,0.4817555535694929,1.0,1.1763935801109926,,0.2,False,,,,,0.13558,identity,gaussian,,,,,,,,
noise,0.06752,True,0.0,0.0288267840778677,0.3205134414890896,1.0,1.0654255470692946,,0.2,,,,normal,0.0,,,,,,,,,,,
gaussian,,,0.0059055331498761,0.0392777641199364,0.4086616460248084,1.0,1.09557913932526,,0.3,False,,,,,0.00385,diagonal,rank_gauss,,,,,,,,
noise,0.07749,False,0.3785111970797201,4.586604797145753,1.3460491853716856,1.0,7.252104869449148,,0.2,,,,student_t,5.0,,,,,,,,,,,
gaussian,,,0.0086998892726963,0.0393001658577853,0.9699323694254088,1.0,1.0931137962020494,,0.3,True,,,,,0.53456,diagonal,rank_gauss,,,,,,,,
noise,0.00778,False,0.0375071603062858,0.2358800130969731,0.4736835549254924,1.0,1.3426402361257803,,0.2,,,,student_t,3.0,,,,,,,,,,,
gaussian,,,0.0074997892462763,0.0393540155964345,0.7384200950725995,1.0,1.0935386362064057,,0.3,False,,,,,0.315,identity,rank_gauss,,,,,,,,
noise,0.24302,True,0.000602180396744,0.0571824566519769,0.3363372890891632,1.0,1.0970463038397973,,0.2,,,,student_t,10.0,,,,,,,,,,,
gaussian,,,0.0129963586363932,0.0390450638718764,1.271415906207996,1.0,1.0918930668591595,,0.3,True,,,,,0.849,diagonal,rank_gauss,,,,,,,,
noise,0.33771,True,0.0041534781709167,0.0833708485394321,0.3513839047063871,1.0,1.1228361215813885,,0.2,,,,student_t,5.0,,,,,,,,,,,
gaussian,,,0.0072303069908987,0.0393508430215118,0.7437921611146724,1.0,1.0935143850918565,,0.3,False,,,,,0.31998,diagonal,rank_gauss,,,,,,,,
noise,0.07983,False,0.3757579772178611,5.123198909441311,1.349040529190754,1.0,7.357935683404355,,0.2,,,,normal,0.0,,,,,,,,,,,
gaussian,,,0.0603941322590324,0.2603892881604021,0.4398614321639906,1.0,1.06656301187572,,0.2,False,,,,,0.14348,diagonal,gaussian,,,,,,,,
noise,0.01069,True,5.157618241691253e-05,0.0281811561343494,0.3224018014211198,1.0,1.0629356926967166,,0.2,,,,normal,0.0,,,,,,,,,,,
gaussian,,,0.0810024579750643,0.3383119587235064,0.4759684018904093,1.0,1.1716119840608663,,0.2,True,,,,,0.12878,identity,gaussian,,,,,,,,
noise,0.08769,False,0.3809468936862271,5.655264852596454,1.3565085128147891,1.0,8.044390663665393,,0.2,,,,normal,0.0,,,,,,,,,,,
noise,0.01425,True,0.0,0.0283042386123245,0.3230225654201842,1.0,1.0631092707846626,,0.2,,,,student_t,4.0,,,,,,,,,,,
gaussian,,,0.0087121094841441,0.0393403281315879,0.9390988440735532,1.0,1.0935129435983086,,0.3,False,,,,,0.50466,identity,rank_gauss,,,,,,,,
noise,0.02589,True,0.0,0.0281432680751855,0.3226804609545851,1.0,1.0631874223845503,,0.2,,,,student_t,5.0,,,,,,,,,,,
gaussian,,,0.0079825913253156,0.0393819187868752,0.8523302535654314,1.0,1.0940120464092424,,0.3,True,,,,,0.42093,identity,rank_gauss,,,,,,,,
noise,0.06165,True,0.0,0.028669375649472,0.3207101308208748,1.0,1.0650023235926285,,0.2,,,,normal,0.0,,,,,,,,,,,
noise,0.37872,True,0.0066694566011675,0.106235916402561,0.3558716388607096,1.0,1.1396153950533168,,0.2,,,,normal,0.0,,,,,,,,,,,
gaussian,,,0.1674351709092729,0.5712095478347509,1.039717883423347,1.0,1.447856292153466,,0.2,True,,,,,0.6788,identity,gaussian,,,,,,,,
noise,0.08543,False,0.3781175471297252,5.313351356043256,1.376988146276855,1.0,7.917932515667323,,0.2,,,,student_t,8.0,,,,,,,,,,,
gaussian,,,0.0119323074219618,0.0388439442264686,1.3708364504230397,1.0,1.091186061335072,,0.3,True,,,,,0.95952,diagonal,rank_gauss,,,,,,,,
noise,0.25443,True,0.0013232943881208,0.0602191994592002,0.3245043571930624,1.0,1.0983735170867532,,0.2,,,,normal,0.0,,,,,,,,,,,
gaussian,,,0.0589319414925864,0.2594734214118397,0.9431540074454712,1.0,1.065586489856308,,0.3,False,,,,,0.64948,diagonal,gaussian,,,,,,,,
gaussian,,,0.0135298639888186,0.039176780343502,1.1952773809452717,1.0,1.0927562016203043,,0.3,True,,,,,0.76626,diagonal,rank_gauss,,,,,,,,
noise,0.02284,True,0.0,0.0282095582864346,0.3220132038566563,1.0,1.0631661767419949,,0.2,,,,normal,0.0,,,,,,,,,,,
gaussian,,,0.0158658731893814,0.0389704398191997,1.310229393755438,1.0,1.0915538716499171,,0.3,True,,,,,0.89194,diagonal,rank_gauss,,,,,,,,
noise,0.00837,True,6.478846533941596e-05,0.0281569705203575,0.3227229189664077,1.0,1.0628904154996976,,0.2,,,,student_t,5.0,,,,,,,,,,,
gaussian,,,0.0131798644862312,0.0393289386184045,0.9523210205968828,1.0,1.0933572038262265,,0.3,True,,,,,0.5174,diagonal,rank_gauss,,,,,,,,
noise,0.1752,True,0.0007881470620493,0.0396747008917713,0.3241465297501798,1.0,1.0794002398110036,,0.2,,,,student_t,5.0,,,,,,,,,,,
noise,0.02149,True,0.0002784077166134,0.0281422895986886,0.3226940875659762,1.0,1.0630807711186945,,0.2,,,,student_t,5.0,,,,,,,,,,,
noise,0.01821,True,0.0,0.0281855077146187,0.3225660725865832,1.0,1.0629848348401338,,0.2,,,,student_t,3.0,,,,,,,,,,,
gaussian,,,0.0915093109642898,0.3609378404050306,0.5135449211673369,1.0,1.200165288949011,,0.2,True,,,,,0.17075,identity,gaussian,,,,,,,,
noise,0.00557,False,0.0216267666042644,0.146092091929683,0.3852122352138087,1.0,1.2216383403276443,,0.2,,,,student_t,3.0,,,,,,,,,,,
gaussian,,,0.0674127489326993,0.259065158697601,1.182346421993862,1.0,1.0651423011763703,,0.2,True,,,,,0.84055,diagonal,gaussian,,,,,,,,
noise,0.0119,False,0.1653006388678287,0.5648142554340625,0.6793596012405995,1.0,1.64423005657052,,0.2,,,,normal,0.0,,,,,,,,,,,
gaussian,,,0.1843241470052559,0.6666187784649892,1.3243934954801049,1.0,1.5357813426328266,,0.2,True,,,,,0.94279,identity,gaussian,,,,,,,,
noise,0.41461,True,0.0132748753355959,0.1221091947108064,0.3707207292126739,1.0,1.1539829618042037,,0.2,,,,normal,0.0,,,,,,,,,,,
gaussian,,,0.1487697659045183,0.4939973924331857,0.8150755271921991,1.0,1.3624252227064937,,0.2,True,,,,,0.4692,identity,gaussian,,,,,,,,
noise,0.04161,True,0.0,0.0282828712924048,0.3223530817402065,1.0,1.063641668609037,,0.2,,,,student_t,3.0,,,,,,,,,,,
noise,0.30186,False,0.3824152512360472,16.003738500504063,1.4021355500461203,1.0,26.864955110720523,,0.3,,,,student_t,3.0,,,,,,,,,,,
gaussian,,,0.0604477723578569,0.2593917359892542,0.977706424879538,1.0,1.0655180095953989,,0.2,False,,,,,0.6776,diagonal,gaussian,,,,,,,,
noise,0.06452,False,0.3753015219413679,3.944680545943567,1.3470193919540967,1.0,6.07686661461891,,0.2,,,,student_t,8.0,,,,,,,,,,,
gaussian,,,0.0102390976405404,0.0393539906427943,0.9272773694978428,1.0,1.0936169597169816,,0.3,True,,,,,0.49324,identity,rank_gauss,,,,,,,,
noise,0.07005,False,0.3746125871181897,4.119647645937346,1.3357949662324715,1.0,6.592086506147135,,0.2,,,,student_t,5.0,,,,,,,,,,,
gaussian,,,0.0076502089053648,0.0393744072907144,0.769072362724619,1.0,1.0936226182854285,,0.3,True,,,,,0.34316,diagonal,rank_gauss,,,,,,,,
noise,0.21309,True,0.0002082651094927,0.0488963567782388,0.3204938942592055,1.0,1.0879202846913187,,0.2,,,,normal,0.0,,,,,,,,,,,
gaussian,,,0.0614829101601551,0.2593480600079228,1.0000583540826822,1.0,1.0654736595762562,,0.2,True,,,,,0.69566,diagonal,gaussian,,,,,,,,
noise,0.05786,False,0.3754198280866846,3.5092821108303154,1.330868329622883,1.0,5.493602622641627,,0.2,,,,student_t,8.0,,,,,,,,,,,
gaussian,,,0.0084490893202173,0.0393733360803986,0.786606240579847,1.0,1.093718428284597,,0.3,False,,,,,0.3591,identity,rank_gauss,,,,,,,,
noise,0.28469,True,0.0029235387598129,0.0682727391086027,0.3311938795240277,1.0,1.1071459603069855,,0.3,,,,student_t,8.0,,,,,,,,,,,
gaussian,,,0.1708061646081353,0.5959233420584892,1.1149134869158486,1.0,1.4732105278091838,,0.2,False,,,,,0.74915,identity,gaussian,,,,,,,,
noise,0.1297,False,0.3814714460708659,7.515165531173409,1.3852935726936837,1.0,11.862276635369936,,0.3,,,,student_t,4.0,,,,,,,,,,,
gaussian,,,0.1813459355985783,0.5660954720708978,1.0242521726146003,1.0,1.4424519920296102,,0.2,True,,,,,0.66433,identity,gaussian,,,,,,,,
noise,0.02974,True,9.303406158767125e-05,0.0282416956164095,0.3217865176638617,1.0,1.0633702487708871,,0.2,,,,normal,0.0,,,,,,,,,,,
gaussian,,,0.006272166370641,0.0393505078433849,0.7095695591299016,1.0,1.0935308909606465,,0.3,False,,,,,0.28852,diagonal,rank_gauss,,,,,,,,
noise,0.0642,True,0.0,0.0287347913359114,0.3206244106189757,1.0,1.0651814912046658,,0.2,,,,normal,0.0,,,,,,,,,,,
gaussian,,,0.0116542915823225,0.0391988840617108,1.160644114392577,1.0,1.0927510749968503,,0.3,False,,,,,0.72939,diagonal,rank_gauss,,,,,,,,
noise,0.29316,True,0.001871047590047,0.0616019112957572,0.3354307217815809,1.0,1.1055564034439016,,0.2,,,,student_t,3.0,,,,,,,,,,,
gaussian,,,0.0083164933022343,0.0393517512799025,0.6898851564082105,1.0,1.0934642054789023,,0.3,False,,,,,0.27089,diagonal,rank_gauss,,,,,,,,
noise,0.00648,True,0.0,0.0281832545391502,0.3225328820533564,1.0,1.0628941914179997,,0.2,,,,normal,0.0,,,,,,,,,,,
gaussian,,,0.0161200145380402,0.0388073253609364,1.3866109145924976,1.0,1.0910644258565565,,0.3,False,,,,,0.97728,diagonal,rank_gauss,,,,,,,,
noise,0.09609,True,9.366177501712868e-05,0.0300544232657616,0.3224652728546238,1.0,1.0677878542646584,,0.3,,,,student_t,5.0,,,,,,,,,,,
gaussian,,,0.1934736359137403,0.6488189004767242,1.2721299351709738,1.0,1.521285540549135,,0.2,True,,,,,0.89505,identity,gaussian,,,,,,,,
noise,0.04388,False,0.360550360622967,2.596678478598217,1.2741044754557262,1.0,4.277977437417247,,0.2,,,,student_t,8.0,,,,,,,,,,,
gaussian,,,0.1377194158459704,0.4931229655734682,0.8126570779098904,1.0,1.3614143548471034,,0.2,True,,,,,0.46695,identity,gaussian,,,,,,,,
noise,0.01951,False,0.2687597254565642,1.060773558630719,0.941975382868502,1.0,2.221070944599955,,0.3,,,,normal,0.0,,,,,,,,,,,
gaussian,,,0.1513666921956222,0.532236130609624,0.9237192350884732,1.0,1.4057022757227853,,0.2,True,,,,,0.57044,identity,gaussian,,,,,,,,
noise,0.05249,False,0.3716534229150395,3.275116363065276,1.294373256837911,1.0,4.984576818313405,,0.2,,,,normal,0.0,,,,,,,,,,,
noise,0.01966,False,0.2033347462017147,0.8131280376646186,0.9325095970722896,1.0,2.185110094973383,,0.2,,,,student_t,3.0,,,,,,,,,,,
gaussian,,,0.0553654957907575,0.2597298897248081,0.7868095787103321,1.0,1.0659077307873497,,0.2,False,,,,,0.51858,diagonal,gaussian,,,,,,,,
noise,0.06495,False,0.3754428969680194,3.9728032203023615,1.347912821402257,1.0,6.114592596506919,,0.3,,,,student_t,8.0,,,,,,,,,,,
gaussian,,,0.0575873616497212,0.2597534969987496,0.7733251839051907,1.0,1.0659355085650153,,0.2,False,,,,,0.50692,diagonal,gaussian,,,,,,,,
noise,0.26074,True,0.0032983368631169,0.0607945128217355,0.326980859921633,1.0,1.1002156826652194,,0.3,,,,student_t,8.0,,,,,,,,,,,
noise,0.23299,False,0.3813304596580613,15.500281271415664,1.3866680987308235,1.0,20.81129635060414,,0.3,,,,normal,0.0,,,,,,,,,,,
gaussian,,,0.0096093932640334,0.0393201326480085,0.9577963053782406,1.0,1.0932929100732158,,0.3,False,,,,,0.52284,identity,rank_gauss,,,,,,,,
noise,0.25859,True,0.0020749672837464,0.0614741490959489,0.3250645300634363,1.0,1.0995201634746803,,0.2,,,,normal,0.0,,,,,,,,,,,
gaussian,,,0.0582565339375513,0.2589642039687321,1.2272994767755476,1.0,1.065071220534474,,0.2,False,,,,,0.87574,diagonal,gaussian,,,,,,,,
noise,0.0232,False,0.3058568152379843,1.3061211750749642,1.0278510920366055,1.0,2.515983869320184,,0.2,,,,normal,0.0,,,,,,,,,,,
gaussian,,,0.0080147809751423,0.039382144722493,0.8442839333023688,1.0,1.0940273589433187,,0.3,False,,,,,0.41325,identity,rank_gauss,,,,,,,,
noise,0.01461,False,0.20926125651175,0.7390991668973024,0.7881531977537007,1.0,1.84319236733564,,0.3,,,,normal,0.0,,,,,,,,,,,
gaussian,,,0.0055042603962202,0.0392967282543255,0.4466592992619242,1.0,1.0953549893766317,,0.3,False,,,,,0.04439,diagonal,rank_gauss,,,,,,,,
gaussian,,,0.0062643703058449,0.0392858454767177,0.4355410906368402,1.0,1.095411535721575,,0.3,False,,,,,0.03269,diagonal,rank_gauss,,,,,,,,
noise,0.04906,False,0.3715750461049475,3.0436743128825805,1.281220261999256,1.0,4.68946349221021,,0.3,,,,normal,0.0,,,,,,,,,,,
gaussian,,,0.0108540968699109,0.039262914366338,1.0556406189894538,1.0,1.0929504018726972,,0.3,False,,,,,0.62029,diagonal,rank_gauss,,,,,,,,
noise,0.14776,False,0.3813656139414841,9.723684188376792,1.379572337512988,1.0,13.312692590467137,,0.3,,,,normal,0.0,,,,,,,,,,,
gaussian,,,0.1682648590982406,0.5548378961272793,0.9903342463466248,1.0,1.430377211912879,,0.2,False,,,,,0.63264,identity,gaussian,,,,,,,,
noise,0.01992,False,0.2573640609221279,1.0605895075899234,0.9536511960409992,1.0,2.268668032241957,,0.2,,,,student_t,10.0,,,,,,,,,,,
gaussian,,,0.0147823311839377,0.03903976006389,1.2756631386431962,1.0,1.091854422089569,,0.3,True,,,,,0.85366,diagonal,rank_gauss,,,,,,,,
noise,0.01814,True,0.0002129213191113,0.0283388827560213,0.3230984610863168,1.0,1.0632142338486656,,0.3,,,,student_t,4.0,,,,,,,,,,,
gaussian,,,0.1452488595646711,0.4878458333500104,0.7981379428937124,1.0,1.355296872739188,,0.2,False,,,,,0.45344,identity,gaussian,,,,,,,,
noise,0.15948,True,0.0003188174147062,0.0380074499047018,0.3276184856630612,1.0,1.0782211395948085,,0.3,,,,student_t,10.0,,,,,,,,,,,
gaussian,,,0.1412977505988474,0.5043245460180497,0.8438918531249647,1.0,1.3743024417069376,,0.2,False,,,,,0.49603,identity,gaussian,,,,,,,,
noise,0.00611,True,0.0,0.0281758638556916,0.32267609647493,1.0,1.0628680601464595,,0.2,,,,student_t,3.0,,,,,,,,,,,
gaussian,,,0.010577733671696,0.0392009361801137,1.1541659313439956,1.0,1.092749558806037,,0.3,False,,,,,0.72267,diagonal,rank_gauss,,,,,,,,
noise,0.00646,False,0.0485518917262297,0.2376121509986451,0.426177931009106,1.0,1.2851475910765688,,0.2,,,,normal,0.0,,,,,,,,,,,
gaussian,,,0.1402074468296277,0.4823459253555736,0.7831780206667937,1.0,1.3489041790789136,,0.2,False,,,,,0.43952,identity,gaussian,,,,,,,,
noise,0.02296,True,0.0,0.0282098436469013,0.3220092954260092,1.0,1.0631692729894082,,0.2,,,,normal,0.0,,,,,,,,,,,
gaussian,,,0.0133447838518807,0.0390400930617534,1.2750041242727164,1.0,1.091858370969502,,0.3,False,,,,,0.85294,diagonal,rank_gauss,,,,,,,,
noise,0.00521,True,0.0,0.0281642834196123,0.3227269095603907,1.0,1.062873146874263,,0.2,,,,student_t,5.0,,,,,,,,,,,
gaussian,,,0.0580943479302112,0.2597695861116674,0.4113366092568952,1.0,1.064537583431799,,0.2,False,,,,,0.05765,diagonal,gaussian,,,,,,,,
noise,0.33946,False,0.3810057601683789,22.19329289857658,1.4012865717078582,1.0,30.4652620929544,,0.3,,,,student_t,10.0,,,,,,,,,,,
gaussian,,,0.0522021939333535,0.2600199217578511,0.6447891326862065,1.0,1.066204249018568,,0.2,True,,,,,0.39085,diagonal,gaussian,,,,,,,,
noise,0.01256,False,0.1629768822747829,0.5823367209929132,0.7093191236974514,1.0,1.6958477321230263,,0.2,,,,student_t,8.0,,,,,,,,,,,
gaussian,,,0.0064606837062395,0.0393546971938527,0.5588833749814862,1.0,1.0942943660009992,,0.3,True,,,,,0.15335,identity,rank_gauss,,,,,,,,
noise,0.02194,False,0.2899472031282651,1.1912292231987882,1.0015290706366455,1.0,2.4312979580971805,,0.2,,,,student_t,10.0,,,,,,,,,,,
gaussian,,,0.2063024712042385,0.6876877340939416,1.386530795985241,1.0,1.5520529639663263,,0.3,True,,,,,0.9988,identity,gaussian,,,,,,,,
noise,0.34801,False,0.3816586835782006,22.534597399102275,1.4165574973167938,1.0,31.259817287860947,,0.3,,,,student_t,8.0,,,,,,,,,,,
gaussian,,,0.0599180784240559,0.2601756588783083,0.5757801017411998,1.0,1.0663326815965768,,0.2,True,,,,,0.3224,diagonal,gaussian,,,,,,,,
noise,0.00554,True,8.930925883343654e-05,0.0281743274274648,0.3228637578033416,1.0,1.0629348395943572,,0.3,,,,student_t,10.0,,,,,,,,,,,
noise,0.00636,False,0.0426477985824815,0.2321405991370551,0.421841846905297,1.0,1.2793674056557585,,0.2,,,,normal,0.0,,,,,,,,,,,
gaussian,,,0.1747973012689853,0.5722238194271366,1.0427933777028733,1.0,1.4489237243360735,,0.2,True,,,,,0.68168,identity,gaussian,,,,,,,,
noise,0.42537,True,0.0087307716842639,0.1270315473148634,0.3756390645502789,1.0,1.1584830080277344,,0.2,,,,normal,0.0,,,,,,,,,,,
gaussian,,,0.0617557769719037,0.2597546386642705,0.4083047597784783,1.0,1.0645752058709663,,0.3,True,,,,,0.02895,diagonal,gaussian,,,,,,,,
noise,0.04626,True,0.0,0.0283840413400352,0.3212316269241941,1.0,1.064074016051883,,0.2,,,,normal,0.0,,,,,,,,,,,
gaussian,,,0.0592993044787053,0.2596943950374683,0.8122729806892434,1.0,1.065857687778576,,0.2,True,,,,,0.5404,diagonal,gaussian,,,,,,,,
noise,0.27166,True,0.0014359975279784,0.0622714988798503,0.33503750497489,1.0,1.102216731302423,,0.2,,,,student_t,5.0,,,,,,,,,,,
gaussian,,,0.0097114601024373,0.0393487525359648,0.7139747878376039,1.0,1.0935421957853892,,0.3,True,,,,,0.29258,identity,rank_gauss,,,,,,,,
noise,0.34552,True,0.0053020801611439,0.0924088337452654,0.3444121284296971,1.0,1.127248563161405,,0.2,,,,normal,0.0,,,,,,,,,,,
gaussian,,,0.1204208101837057,0.4458842004629148,0.6877924183844909,1.0,1.3056874008592396,,0.2,False,,,,,0.35049,identity,gaussian,,,,,,,,
noise,0.09418,False,0.3806169251570839,6.094662379689312,1.3612871134155888,1.0,8.611990166341622,,0.2,,,,normal,0.0,,,,,,,,,,,
noise,0.12601,False,0.3829450074419839,8.250208745830816,1.374936151557807,1.0,11.402279362440712,,0.3,,,,normal,0.0,,,,,,,,,,,
gaussian,,,0.0621303817466797,0.2597164807994933,0.796476963208076,1.0,1.065887951821401,,0.2,True,,,,,0.52689,diagonal,gaussian,,,,,,,,
noise,0.03709,False,0.3153222205739684,1.730131708313588,1.21138352917211,1.0,3.611735982807368,,0.2,,,,student_t,3.0,,,,,,,,,,,
gaussian,,,0.0724727348771531,0.2592832154287439,1.1942309720579856,1.0,1.064680066988004,,0.3,False,,,,,0.83062,diagonal,gaussian,,,,,,,,
noise,0.13315,False,0.3813063142509759,7.722518439205627,1.3862151360442654,1.0,12.16977347083265,,0.2,,,,student_t,4.0,,,,,,,,,,,
gaussian,,,0.005701378343068,0.0392963110596196,0.4455763201816479,1.0,1.0953623262049708,,0.3,True,,,,,0.04324,identity,rank_gauss,,,,,,,,
noise,0.0099,True,0.0,0.0281804075019002,0.322426545409919,1.0,1.0629263999535703,,0.2,,,,normal,0.0,,,,,,,,,,,
noise,0.02922,False,0.2769416988222971,1.3125263395110394,1.1235040772324276,1.0,2.954578537151796,,0.2,,,,student_t,3.0,,,,,,,,,,,
noise,0.0534,False,0.3499876602281865,2.6025572375788046,1.303600047524539,1.0,5.005444291147676,,0.2,,,,student_t,3.0,,,,,,,,,,,
gaussian,,,0.0119104674894841,0.0391973713364564,1.1472017247096646,1.0,1.092729527131254,,0.3,False,,,,,0.71538,diagonal,rank_gauss,,,,,,,,
noise,0.29812,False,0.3823422611984872,17.644037602682168,1.3998537250511434,1.0,26.90617055294709,,0.3,,,,student_t,4.0,,,,,,,,,,,
gaussian,,,0.0575784184920704,0.2603895659994241,0.4381482096390509,1.0,1.0665659382941326,,0.2,True,,,,,0.13998,diagonal,gaussian,,,,,,,,
noise,0.0054,True,0.0,0.028174467220118,0.3228604285464931,1.0,1.062932755659419,,0.2,,,,student_t,10.0,,,,,,,,,,,
gaussian,,,0.0713675899360714,0.2591811408948614,1.3637220705507485,1.0,1.0648110990432618,,0.2,True,,,,,0.96177,diagonal,gaussian,,,,,,,,
noise,0.06591,False,0.3746030094562615,4.03558934229097,1.3498457991879227,1.0,6.198843784848606,,0.3,,,,student_t,8.0,,,,,,,,,,,
gaussian,,,0.1518924422549609,0.5141837309844028,0.8718437074830967,1.0,1.385537243330504,,0.2,True,,,,,0.52207,identity,gaussian,,,,,,,,
noise,0.00702,False,0.0321829485051385,0.2037015290304383,0.4409302048918973,1.0,1.2987725655648867,,0.2,,,,student_t,3.0,,,,,,,,,,,
noise,0.01027,True,0.0,0.0281677263048923,0.3229753177285419,1.0,1.0630179725027475,,0.2,,,,student_t,10.0,,,,,,,,,,,
noise,0.26366,True,0.0027829533786501,0.0616732469015232,0.3274375036160739,1.0,1.101031723536542,,0.3,,,,student_t,8.0,,,,,,,,,,,
gaussian,,,0.061737668234544,0.2593189148570467,1.0197576072450223,1.0,1.0654350211895314,,0.2,False,,,,,0.71151,diagonal,gaussian,,,,,,,,
noise,0.15174,True,0.0005166347316987,0.0361100617586696,0.3186877788245835,1.0,1.0756642806365984,,0.3,,,,normal,0.0,,,,,,,,,,,
gaussian,,,0.0108084234313957,0.0392151753601168,1.1242845569472806,1.0,1.092733030456876,,0.3,True,,,,,0.69124,identity,rank_gauss,,,,,,,,
noise,0.24493,True,0.0009778489388065,0.0562298531446109,0.3247757200117141,1.0,1.0959389462201048,,0.2,,,,student_t,8.0,,,,,,,,,,,
noise,0.07505,True,0.0,0.0290822481077832,0.3202654204948997,1.0,1.0660242612964157,,0.2,,,,normal,0.0,,,,,,,,,,,
noise,0.37231,True,0.003668413870925,0.094957289040423,0.3703868549461018,1.0,1.138419342002967,,0.2,,,,student_t,4.0,,,,,,,,,,,
gaussian,,,0.0116022671627461,0.0393439785778522,0.6111849124327131,1.0,1.0936480868857168,,0.3,True,,,,,0.20094,identity,rank_gauss,,,,,,,,
noise,0.25134,False,0.3822772784340342,14.830024340479492,1.3984257111210652,1.0,22.72410986228497,,0.3,,,,student_t,4.0,,,,,,,,,,,
gaussian,,,0.1846350790655761,0.5983926895668306,1.122425003243791,1.0,1.475660248387766,,0.2,True,,,,,0.75617,identity,gaussian,,,,,,,,
noise,0.01918,True,0.0,0.0281458548541816,0.322700502876102,1.0,1.063033385883363,,0.3,,,,student_t,5.0,,,,,,,,,,,
gaussian,,,0.0580825200854255,0.2592407074273578,1.0761749103122458,1.0,1.0653281688453369,,0.2,True,,,,,0.75663,diagonal,gaussian,,,,,,,,
noise,0.26604,True,0.0017696598827732,0.054995115932457,0.3307557377233303,1.0,1.0981966812428514,,0.3,,,,student_t,3.0,,,,,,,,,,,
noise,0.01439,True,0.0,0.0281646742702098,0.3230710752028031,1.0,1.063110524377955,,0.3,,,,student_t,10.0,,,,,,,,,,,
noise,0.00929,True,0.0,0.0281558862982411,0.3227215307562077,1.0,1.062897528562495,,0.3,,,,student_t,5.0,,,,,,,,,,,
gaussian,,,0.0668359176179586,0.2591987469711789,1.3171142586721605,1.0,1.0647681035194174,,0.3,False,,,,,0.92584,diagonal,gaussian,,,,,,,,
noise,0.21418,False,0.3808173656930187,12.594789431147268,1.396635587046348,1.0,19.403198688962775,,0.3,,,,student_t,4.0,,,,,,,,,,,
gaussian,,,0.0622853422408048,0.2592832732735755,1.0424291371333303,1.0,1.0653907324965546,,0.3,False,,,,,0.72969,diagonal,gaussian,,,,,,,,
noise,0.09942,True,0.0002306346061683,0.0299109496400691,0.3218437151124848,1.0,1.067754710955397,,0.3,,,,student_t,3.0,,,,,,,,,,,
gaussian,,,0.1737480710641057,0.5792330915392674,1.0641335113830852,1.0,1.4562576436329098,,0.3,False,,,,,0.70166,identity,gaussian,,,,,,,,
noise,0.11412,False,0.3796093443583271,7.444938052088261,1.3711887996133256,1.0,10.359000458856196,,0.2,,,,normal,0.0,,,,,,,,,,,
gaussian,,,0.0130050839050855,0.0391344691946971,1.220265307742726,1.0,1.0924769454185497,,0.3,True,,,,,0.79329,identity,rank_gauss,,,,,,,,
noise,0.09365,True,0.0,0.0299083947919885,0.3224624896609218,1.0,1.067536827393819,,0.2,,,,student_t,5.0,,,,,,,,,,,
gaussian,,,0.1778660708326765,0.6121543967019707,1.1642470595102632,1.0,1.4890172262900965,,0.2,False,,,,,0.7952,identity,gaussian,,,,,,,,
noise,0.09316,True,0.0,0.0299319033392369,0.3197033148729648,1.0,1.067720379802548,,0.2,,,,normal,0.0,,,,,,,,,,,
gaussian,,,0.0105279170945196,0.0393499895922335,0.914364815474874,1.0,1.0936600756401194,,0.3,True,,,,,0.48084,identity,rank_gauss,,,,,,,,
noise,0.02342,True,0.0,0.0281706151845887,0.3232767498138026,1.0,1.063378938090044,,0.2,,,,student_t,10.0,,,,,,,,,,,
gaussian,,,0.1514290478580187,0.5189400777112236,0.8854249851714832,1.0,1.3909015316573554,,0.2,False,,,,,0.53473,identity,gaussian,,,,,,,,
noise,0.08278,False,0.3774566305928057,5.139815006546911,1.3743041903115307,1.0,7.684033384939546,,0.2,,,,student_t,8.0,,,,,,,,,,,
gaussian,,,0.1711977729818372,0.5625294242559545,1.013478132159738,1.0,1.4386498650269783,,0.2,True,,,,,0.65426,identity,gaussian,,,,,,,,
noise,0.25407,True,0.0011433329174886,0.0576577542507493,0.3375553335349965,1.0,1.0999175234538463,,0.2,,,,student_t,4.0,,,,,,,,,,,
gaussian,,,0.0566655072626784,0.2602555995208875,0.5377530009150709,1.0,1.0663891658845794,,0.2,False,,,,,0.28123,diagonal,gaussian,,,,,,,,
noise,0.01435,True,7.556503595529396e-05,0.0281885685360614,0.3222863006820591,1.0,1.0629878173605731,,0.2,,,,normal,0.0,,,,,,,,,,,
gaussian,,,0.0555404592274237,0.2604160084940196,0.424471317282501,1.0,1.0665935961940174,,0.2,False,,,,,0.10744,diagonal,gaussian,,,,,,,,
noise,0.02711,True,0.0003915996449502,0.0281427763702785,0.3226763778535794,1.0,1.063220800319017,,0.2,,,,student_t,5.0,,,,,,,,,,,
noise,0.02927,True,0.0,0.0281856080696306,0.3224712941804206,1.0,1.06322193018736,,0.2,,,,student_t,3.0,,,,,,,,,,,
gaussian,,,0.0569910752328637,0.2601666081711838,0.5800701884088005,1.0,1.0663257691428842,,0.2,True,,,,,0.32686,diagonal,gaussian,,,,,,,,
noise,0.01733,True,0.0,0.0281251612077949,0.3222053703485619,1.0,1.0630613814936838,,0.2,,,,student_t,8.0,,,,,,,,,,,
gaussian,,,0.01169451568682,0.039124073407453,1.236140543763164,1.0,1.0923892169836835,,0.3,True,,,,,0.81055,diagonal,rank_gauss,,,,,,,,
noise,0.0875,True,0.0,0.0296272832223075,0.3198722570641075,1.0,1.0671514722506896,,0.2,,,,normal,0.0,,,,,,,,,,,
gaussian,,,0.1884636773197072,0.6258438310029095,1.2048276692969229,1.0,1.5015247862906156,,0.2,False,,,,,0.83294,identity,gaussian,,,,,,,,
noise,0.28297,True,0.0015818263825632,0.0692742098556347,0.328983641420292,1.0,1.106582910181429,,0.2,,,,normal,0.0,,,,,,,,,,,
gaussian,,,0.0591937883693868,0.2599291505438202,0.6830401633443912,1.0,1.066128969213432,,0.2,True,,,,,0.42655,diagonal,gaussian,,,,,,,,
noise,0.15934,True,0.0003956765381466,0.0373882981609207,0.3187078290994043,1.0,1.07696638353437,,0.2,,,,normal,0.0,,,,,,,,,,,
gaussian,,,0.0631812204385239,0.2596945307158887,0.8121791262295734,1.0,1.0658578641791343,,0.2,True,,,,,0.54032,diagonal,gaussian,,,,,,,,
noise,0.01576,True,0.0,0.0281916957656712,0.3222414336357773,1.0,1.0630118798365455,,0.2,,,,normal,0.0,,,,,,,,,,,
gaussian,,,0.0666091216229898,0.2592963714319877,1.033489044396756,1.0,1.0654073943640583,,0.2,False,,,,,0.72253,diagonal,gaussian,,,,,,,,
noise,0.1814,True,0.0,0.038367741337661,0.3230115759602039,1.0,1.0794340378227123,,0.2,,,,student_t,3.0,,,,,,,,,,,
gaussian,,,0.0081388775062399,0.0393818986016104,0.8523516432830835,1.0,1.0940119803820834,,0.3,False,,,,,0.42095,diagonal,rank_gauss,,,,,,,,
noise,0.01594,False,0.2264748005420096,0.8257831394429658,0.8350854395904734,1.0,1.9438083662499368,,0.2,,,,normal,0.0,,,,,,,,,,,
gaussian,,,0.0507483775414886,0.261605198944286,0.4092591679433018,1.0,1.0677814435641229,,0.2,False,,,,,0.00317,identity,gaussian,,,,,,,,
noise,0.02743,True,0.0,0.028180154201469,0.3233664716660122,1.0,1.0635269916035028,,0.2,,,,student_t,10.0,,,,,,,,,,,
gaussian,,,0.0606843510663788,0.2603813869342553,0.465201226553575,1.0,1.0665214076465337,,0.2,False,,,,,0.18764,diagonal,gaussian,,,,,,,,
noise,0.16103,True,0.0001297450242945,0.0372999250818924,0.3235250091966943,1.0,1.0768300778286837,,0.3,,,,student_t,5.0,,,,,,,,,,,
noise,0.02012,False,0.2453637955792511,1.0050428800114193,0.960033219359519,1.0,2.279365074187351,,0.2,,,,student_t,5.0,,,,,,,,,,,
gaussian,,,0.1324408048487529,0.4698160729753717,0.7496432458663135,1.0,1.3342212447667348,,0.2,False,,,,,0.4083,identity,gaussian,,,,,,,,
noise,0.05794,True,0.0,0.0290001517994078,0.3238189179100335,1.0,1.0652559472793088,,0.2,,,,student_t,4.0,,,,,,,,,,,
gaussian,,,0.010049745889861,0.0392734415030638,1.0454751210120945,1.0,1.0930353530503136,,0.3,False,,,,,0.60988,identity,rank_gauss,,,,,,,,
noise,0.17608,False,0.3803704893409985,10.785035988087792,1.3838826224866458,1.0,16.0629604938925,,0.3,,,,student_t,5.0,,,,,,,,,,,
gaussian,,,0.0116763305067904,0.0391417604344985,1.2160641501719176,1.0,1.092515799446223,,0.3,False,,,,,0.78872,identity,rank_gauss,,,,,,,,
noise,0.23593,False,0.3821171627037518,13.903072788256228,1.3977837607841153,1.0,21.3467919610552,,0.3,,,,student_t,4.0,,,,,,,,,,,
gaussian,,,0.0111452140593933,0.0391264801420584,1.228055906247412,1.0,1.0924340243939628,,0.3,True,,,,,0.80175,identity,rank_gauss,,,,,,,,
noise,0.0255,True,0.0001465653745702,0.0282182625379969,0.321926274500157,1.0,1.0632385711123238,,0.2,,,,normal,0.0,,,,,,,,,,,
gaussian,,,0.0111011897887729,0.0393584977510218,0.8958741802175535,1.0,1.093761669774738,,0.3,True,,,,,0.46291,diagonal,rank_gauss,,,,,,,,
noise,0.01389,False,0.1742267336003569,0.6303877836524603,0.7621519200057886,1.0,1.792811773065445,,0.2,,,,student_t,5.0,,,,,,,,,,,
gaussian,,,0.0097676492154351,0.0393786601611768,0.8412486665668059,1.0,1.0940232023543843,,0.3,True,,,,,0.41034,identity,rank_gauss,,,,,,,,
noise,0.00622,True,0.0006542962605724,0.0281598340287379,0.3225448454757948,1.0,1.0628996056011464,,0.2,,,,student_t,8.0,,,,,,,,,,,
gaussian,,,0.0054662653715981,0.0392962458021805,0.4693678163504007,1.0,1.09503850994959,,0.3,True,,,,,0.06712,diagonal,rank_gauss,,,,,,,,
noise,0.01693,True,0.0,0.028194795452409,0.3222040511560855,1.0,1.0630335277016891,,0.2,,,,normal,0.0,,,,,,,,,,,
noise,0.18059,True,0.0002392066829572,0.0414776976437828,0.3190355986128717,1.0,1.080933579519721,,0.2,,,,normal,0.0,,,,,,,,,,,
gaussian,,,0.0121270651401145,0.0388328605195841,1.3761872437148623,1.0,1.0911451543401347,,0.3,True,,,,,0.96554,identity,rank_gauss,,,,,,,,
noise,0.00652,False,0.0510856421004854,0.240909919627994,0.4288033034295656,1.0,1.2886359328593442,,0.2,,,,normal,0.0,,,,,,,,,,,
gaussian,,,0.1377143514926783,0.4635271556129144,0.7331182821524564,1.0,1.3267936240609317,,0.2,False,,,,,0.39289,identity,gaussian,,,,,,,,
noise,0.15427,False,0.3821086893993531,10.16478439928036,1.3805863704959371,1.0,13.88486712866528,,0.2,,,,normal,0.0,,,,,,,,,,,
gaussian,,,0.0585022866268757,0.2604151332651611,0.4247601809431778,1.0,1.06659295342322,,0.2,False,,,,,0.10825,diagonal,gaussian,,,,,,,,
noise,0.01825,True,0.0,0.0281979337754866,0.3221617133385818,1.0,1.0630597813067288,,0.2,,,,normal,0.0,,,,,,,,,,,
gaussian,,,0.0129639245546455,0.0389676139728956,1.3143440730277367,1.0,1.091563383700791,,0.3,False,,,,,0.89654,identity,rank_gauss,,,,,,,,
noise,0.03002,True,9.864880266352571e-05,0.0282433458679469,0.3217772404351273,1.0,1.063379648677087,,0.2,,,,normal,0.0,,,,,,,,,,,
gaussian,,,0.0093383266832618,0.0392380631152104,1.0742621750791743,1.0,1.0928068694109676,,0.3,True,,,,,0.63932,diagonal,rank_gauss,,,,,,,,
noise,0.26245,True,0.0023441672934908,0.0626589586659063,0.325612037803809,1.0,1.1005995247019045,,0.2,,,,normal,0.0,,,,,,,,,,,
gaussian,,,0.1491474360706371,0.4934301168464453,0.8135061223399769,1.0,1.3617695502667213,,0.2,True,,,,,0.46774,identity,gaussian,,,,,,,,
noise,0.4285,True,0.0077936909388938,0.1161502804264136,0.394311136875908,1.0,1.160642183674893,,0.2,,,,student_t,4.0,,,,,,,,,,,
gaussian,,,0.0637320194068332,0.2598727648505167,0.7101349259114909,1.0,1.066071164193016,,0.2,True,,,,,0.45117,diagonal,gaussian,,,,,,,,
noise,0.00926,True,0.0,0.0281559093757955,0.3227215776130498,1.0,1.0628972817807416,,0.3,,,,student_t,5.0,,,,,,,,,,,
gaussian,,,0.0548912336311052,0.2597408261474977,0.4083251553873387,1.0,1.0645958769201602,,0.2,True,,,,,0.01322,diagonal,gaussian,,,,,,,,
noise,0.03747,False,0.339034803754273,1.9853093434262896,1.216892831835282,1.0,3.719670978681077,,0.3,,,,student_t,4.0,,,,,,,,,,,
gaussian,,,0.0149360760774865,0.038780577993527,1.4009777451102945,1.0,1.0910387979825935,,0.3,False,,,,,0.99346,identity,rank_gauss,,,,,,,,
noise,0.4142,False,0.3817664382333021,27.78641140246192,1.389663370143066,1.0,36.77394341238214,,0.3,,,,normal,0.0,,,,,,,,,,,
gaussian,,,0.012425105719637,0.039225573176639,1.1080960133600948,1.0,1.092800906715912,,0.3,True,,,,,0.67425,identity,rank_gauss,,,,,,,,
noise,0.04366,True,0.0,0.02835508396005,0.3213197106719125,1.0,1.063943140859675,,0.3,,,,normal,0.0,,,,,,,,,,,
noise,0.2227,False,0.3820180510259556,13.107272967176684,1.3971247692778204,1.0,20.16449509947397,,0.3,,,,student_t,4.0,,,,,,,,,,,
gaussian,,,0.0658822308255461,0.2591877910847192,1.3424448997275915,1.0,1.064789135780195,,0.3,False,,,,,0.94539,diagonal,gaussian,,,,,,,,
noise,0.12718,False,0.3813545750167789,8.32945263654962,1.3752493018373777,1.0,11.504988017005502,,0.2,,,,normal,0.0,,,,,,,,,,,
gaussian,,,0.1488402955662969,0.5104337232639092,0.861176269705195,1.0,1.3812814396874191,,0.3,False,,,,,0.51213,identity,gaussian,,,,,,,,
noise,0.00787,True,0.0,0.028171690940527,0.3229189344265827,1.0,1.0629727017373394,,0.2,,,,student_t,10.0,,,,,,,,,,,
noise,0.01086,False,0.1392629179572387,0.4991719370513457,0.6330757348916247,1.0,1.5705781492928417,,0.2,,,,normal,0.0,,,,,,,,,,,
gaussian,,,0.1346462816859783,0.4560665178521317,0.7137679873088191,1.0,1.317921656088065,,0.2,True,,,,,0.37482,identity,gaussian,,,,,,,,
noise,0.32252,True,0.0047541883608535,0.083181953460434,0.3540622104582695,1.0,1.1212216824320609,,0.2,,,,student_t,10.0,,,,,,,,,,,
gaussian,,,0.007438236560772,0.039339301123392,0.6790070893015023,1.0,1.0933509564834214,,0.3,False,,,,,0.26097,diagonal,rank_gauss,,,,,,,,
noise,0.00973,True,0.0002335053119055,0.0281804496574483,0.3224318612726176,1.0,1.0629244911602769,,0.2,,,,normal,0.0,,,,,,,,,,,
gaussian,,,0.012607010158022,0.039195136469519,1.1640441446494367,1.0,1.092755894422646,,0.3,False,,,,,0.733,diagonal,rank_gauss,,,,,,,,
noise,0.36148,False,0.3817383183160924,24.21174505025628,1.3892654968534768,1.0,32.128782427299875,,0.3,,,,normal,0.0,,,,,,,,,,,
gaussian,,,0.0110890543847826,0.0390615972868645,1.261348416927115,1.0,1.0919826423154102,,0.3,False,,,,,0.83808,identity,rank_gauss,,,,,,,,
noise,0.0171,True,0.0,0.028195171755759,0.3221986081686183,1.0,1.0630367999792412,,0.3,,,,normal,0.0,,,,,,,,,,,
gaussian,,,0.0548299551264542,0.2604266960467744,0.4210907299355673,1.0,1.066601762431468,,0.3,False,,,,,0.09732,diagonal,gaussian,,,,,,,,
noise,0.28407,False,0.3817348015400616,18.339326365671774,1.4152764282939756,1.0,25.566968724021727,,0.3,,,,student_t,8.0,,,,,,,,,,,
gaussian,,,0.1921289116931686,0.68801240117666,1.3874936456760003,1.0,1.5522966480649143,,0.2,True,,,,,0.99966,identity,gaussian,,,,,,,,
noise,0.00558,True,0.0,0.0281845627390944,0.3225606512225868,1.0,1.0628878814741465,,0.2,,,,normal,0.0,,,,,,,,,,,
gaussian,,,0.0124891072038352,0.0392720825825892,1.047097574958808,1.0,1.093025497390562,,0.3,True,,,,,0.61152,diagonal,rank_gauss,,,,,,,,
noise,0.03811,True,0.0,0.0283016024604397,0.3215070081434852,1.0,1.063688900722745,,0.2,,,,normal,0.0,,,,,,,,,,,
gaussian,,,0.1609477255640163,0.5647926090991146,1.020315316612012,1.0,1.4410662932682698,,0.2,False,,,,,0.66065,identity,gaussian,,,,,,,,
noise,0.01699,False,0.2421261216937598,0.8945836841273007,0.8692787455266319,1.0,2.024365421194367,,0.3,,,,normal,0.0,,,,,,,,,,,
gaussian,,,0.060440650667648,0.2593146740547348,1.11472368875324,1.0,1.0646132573848763,,0.2,True,,,,,0.7686,diagonal,gaussian,,,,,,,,
noise,0.00676,False,0.0558881484445268,0.2541920574429151,0.4394712804621345,1.0,1.302744433224396,,0.2,,,,normal,0.0,,,,,,,,,,,
gaussian,,,0.0608202492701194,0.2598668430479852,0.7132617433249989,1.0,1.066064393012947,,0.2,False,,,,,0.45398,diagonal,gaussian,,,,,,,,
noise,0.04933,True,0.0,0.0284287938029716,0.3211274627719312,1.0,1.0642382144585785,,0.2,,,,normal,0.0,,,,,,,,,,,
gaussian,,,0.0061803719352669,0.0393517048263548,0.7267848971394071,1.0,1.0935553823744346,,0.3,False,,,,,0.30438,identity,rank_gauss,,,,,,,,
noise,0.01096,True,0.0,0.0281813440192184,0.3223933292536209,1.0,1.0629390281237252,,0.3,,,,normal,0.0,,,,,,,,,,,
gaussian,,,0.0990794260815655,0.3600406828868936,0.5119270323570745,1.0,1.19903707742498,,0.2,False,,,,,0.16903,identity,gaussian,,,,,,,,
noise,0.14705,True,0.0,0.0353706632119888,0.3186977618422142,1.0,1.074891333489009,,0.2,,,,normal,0.0,,,,,,,,,,,
noise,0.32149,False,0.3818760122228549,19.04992975195008,1.400336739738603,1.0,28.995822861139523,,0.3,,,,student_t,4.0,,,,,,,,,,,
gaussian,,,0.0072523031424513,0.0393687621545911,0.7800873525840599,1.0,1.0936405848826924,,0.3,False,,,,,0.35315,diagonal,rank_gauss,,,,,,,,
noise,0.04283,False,0.3509490029012574,2.3048575551015325,1.254444626731548,1.0,4.181335012200847,,0.2,,,,student_t,4.0,,,,,,,,,,,
gaussian,,,0.0596764512813063,0.2595837385049676,0.8872817988251691,1.0,1.0657076233961371,,0.2,False,,,,,0.60347,diagonal,gaussian,,,,,,,,
noise,0.03366,True,0.0,0.0282683840198477,0.321656145557136,1.0,1.0635097849409836,,0.2,,,,normal,0.0,,,,,,,,,,,
gaussian,,,0.1074608930819692,0.3820749444365974,0.5544312376236163,1.0,1.2266451066636836,,0.2,False,,,,,0.21258,identity,gaussian,,,,,,,,
noise,0.28692,False,0.38271583993858,19.15649377473176,1.3882272828827105,1.0,25.560579132613405,,0.3,,,,normal,0.0,,,,,,,,,,,
gaussian,,,0.0676286317783483,0.2592591771186948,1.059939821481215,1.0,1.065358503312273,,0.2,False,,,,,0.74369,diagonal,gaussian,,,,,,,,
noise,0.04098,False,0.359599752406902,2.43767084881998,1.2399876171282334,1.0,4.030437585789315,,0.2,,,,student_t,10.0,,,,,,,,,,,
gaussian,,,0.0587247385303398,0.2604127535093276,0.4256915683606175,1.0,1.066591016590261,,0.3,False,,,,,0.11081,diagonal,gaussian,,,,,,,,
noise,0.03499,True,0.0,0.0282296145794817,0.3235335462922341,1.0,1.0638543524546,,0.3,,,,student_t,10.0,,,,,,,,,,,
gaussian,,,0.0668977372187309,0.2597701152525477,0.4117227366349861,1.0,1.064534937576942,,0.2,True,,,,,0.05981,diagonal,gaussian,,,,,,,,
noise,0.05542,True,0.0002936438959475,0.0285388505443385,0.3209207740545793,1.0,1.064594892102838,,0.2,,,,normal,0.0,,,,,,,,,,,
gaussian,,,0.0635462311397668,0.2595244220383534,0.9179939035706176,1.0,1.0656384977490774,,0.2,True,,,,,0.62885,diagonal,gaussian,,,,,,,,
noise,0.01992,True,0.0,0.0281862076246978,0.322552243682852,1.0,1.0630128943156851,,0.2,,,,student_t,3.0,,,,,,,,,,,
gaussian,,,0.0125638713063601,0.0391233494312024,1.237174701869772,1.0,1.0923794340780453,,0.3,False,,,,,0.81167,diagonal,rank_gauss,,,,,,,,
noise,0.16729,False,0.3806845482568863,8.738818554168246,1.394905625631082,1.0,14.990209684940911,,0.3,,,,student_t,3.0,,,,,,,,,,,
gaussian,,,0.0115599655082123,0.0392352738334463,1.0788942876052063,1.0,1.0928044738468496,,0.3,True,,,,,0.64406,identity,rank_gauss,,,,,,,,
noise,0.00721,False,0.0350853602655142,0.211631854667666,0.4489576206446898,1.0,1.309541375821059,,0.2,,,,student_t,3.0,,,,,,,,,,,
gaussian,,,0.0097113099275178,0.0392993400601326,0.9705168819214048,1.0,1.0931072980092007,,0.3,True,,,,,0.53513,identity,rank_gauss,,,,,,,,
noise,0.13428,True,0.0007519934318823,0.0341138583339097,0.3263065490385624,1.0,1.073962371528549,,0.3,,,,student_t,10.0,,,,,,,,,,,
gaussian,,,0.0070741021837041,0.039329984308898,0.5242624512827587,1.0,1.0945261348940347,,0.3,False,,,,,0.11984,identity,rank_gauss,,,,,,,,
noise,0.21256,True,0.0012015480021377,0.0487656506931864,0.3204592869938611,1.0,1.0877975413335936,,0.2,,,,normal,0.0,,,,,,,,,,,
gaussian,,,0.0774575727455743,0.3043904468367161,0.4334981556685564,1.0,1.128103676293726,,0.2,False,,,,,0.07102,identity,gaussian,,,,,,,,
noise,0.07409,False,0.3776263159520537,4.734865466102263,1.34208430457235,1.0,6.857499439143754,,0.3,,,,normal,0.0,,,,,,,,,,,
gaussian,,,0.0690119173244517,0.2592019387020319,1.4022302830526951,1.0,1.06484597212977,,0.3,True,,,,,0.99136,diagonal,gaussian,,,,,,,,
noise,0.02903,False,0.3053624057272133,1.4842622190327048,1.1267071698783797,1.0,3.0033334419950286,,0.3,,,,student_t,4.0,,,,,,,,,,,
gaussian,,,0.0102769146439867,0.0393685273104105,0.7998944228511686,1.0,1.0938021006826344,,0.3,False,,,,,0.37142,identity,rank_gauss,,,,,,,,
noise,0.01681,False,0.2421571365885187,0.8827705658215494,0.8635920998470779,1.0,2.0104915336502485,,0.2,,,,normal,0.0,,,,,,,,,,,
gaussian,,,0.1651844087215637,0.5648669726625903,1.0205399858547102,1.0,1.4411454879710144,,0.3,True,,,,,0.66086,identity,gaussian,,,,,,,,
noise,0.17562,False,0.3810593458813511,10.275593155582822,1.3934174496745588,1.0,15.958996382040183,,0.3,,,,student_t,4.0,,,,,,,,,,,
gaussian,,,0.0702594020543195,0.2592793681282175,1.197949258986933,1.0,1.064683174554831,,0.3,False,,,,,0.83351,diagonal,gaussian,,,,,,,,
noise,0.07259,False,0.3780857405985307,4.522902616921917,1.3449171714534405,1.0,6.783851287941798,,0.3,,,,student_t,10.0,,,,,,,,,,,
gaussian,,,0.0542467911096806,0.2603925529304033,0.4498944277582806,1.0,1.0665466605861922,,0.2,True,,,,,0.1624,diagonal,gaussian,,,,,,,,
noise,0.15783,False,0.3813745644609813,10.406015976585916,1.38108423119412,1.0,14.197820855081485,,0.2,,,,normal,0.0,,,,,,,,,,,
gaussian,,,0.1161834577807444,0.4189401034798385,0.6366473879879044,1.0,1.2723104104304994,,0.2,True,,,,,0.29143,identity,gaussian,,,,,,,,
noise,0.06051,True,0.0,0.0286313702500063,0.3240928986216582,1.0,1.0654241713305277,,0.2,,,,student_t,10.0,,,,,,,,,,,
gaussian,,,0.0090552869260639,0.0393663525118329,0.8093565600070061,1.0,1.093852113850001,,0.3,False,,,,,0.38029,identity,rank_gauss,,,,,,,,
noise,0.4393,True,0.0125416604530049,0.1335175902554568,0.3823065853117205,1.0,1.1644340459144242,,0.2,,,,normal,0.0,,,,,,,,,,,
gaussian,,,0.1616669913373821,0.5619765249188051,1.0118082313733987,1.0,1.438057916368447,,0.2,True,,,,,0.6527,identity,gaussian,,,,,,,,
noise,0.00775,True,0.0,0.0281817742533951,0.3224935441103788,1.0,1.0629046307754069,,0.2,,,,normal,0.0,,,,,,,,,,,
gaussian,,,0.0052110367224912,0.0392972804987585,0.4677354027666124,1.0,1.0950706108087278,,0.3,True,,,,,0.06558,diagonal,rank_gauss,,,,,,,,
noise,0.3387,False,0.3809168440170189,22.66718115007161,1.3890269331560416,1.0,30.121831472345438,,0.3,,,,normal,0.0,,,,,,,,,,,
gaussian,,,0.0066522435471959,0.0393669699815769,0.8070445545441963,1.0,1.0938395749833858,,0.3,True,,,,,0.37805,identity,rank_gauss,,,,,,,,
noise,0.01173,True,0.0,0.0281658724651155,0.323009398261148,1.0,1.0630486251265103,,0.3,,,,student_t,10.0,,,,,,,,,,,
gaussian,,,0.1819412373961284,0.5776573306816123,1.0593266820952307,1.0,1.4546167645443586,,0.2,True,,,,,0.69716,identity,gaussian,,,,,,,,
noise,0.12063,False,0.3797826953680908,7.885838333057677,1.373376298748172,1.0,10.93010205679233,,0.2,,,,normal,0.0,,,,,,,,,,,
gaussian,,,0.006505666064394,0.0393466962247926,0.6371411660862203,1.0,1.0934802179211267,,0.3,False,,,,,0.22426,identity,rank_gauss,,,,,,,,
noise,0.11444,True,0.0,0.03148505926153,0.3191501222593591,1.0,1.0701738673350036,,0.3,,,,normal,0.0,,,,,,,,,,,
gaussian,,,0.010773815133878,0.0393448484347853,0.9353771376073444,1.0,1.0935425081318697,,0.3,True,,,,,0.50106,identity,rank_gauss,,,,,,,,
noise,0.01641,True,0.0009719746939123,0.0281463983394125,0.3227074760655418,1.0,1.0629843795678706,,0.3,,,,student_t,5.0,,,,,,,,,,,
gaussian,,,0.0871399510188508,0.3551353338352249,0.503265717201377,1.0,1.19286624254878,,0.2,False,,,,,0.15971,identity,gaussian,,,,,,,,
noise,0.05359,True,0.0,0.0284663659727583,0.3239399577172828,1.0,1.064927739902484,,0.3,,,,student_t,10.0,,,,,,,,,,,
noise,0.00975,False,0.0664845534380678,0.32374678111182,0.5631590794370426,1.0,1.464902731134065,,0.3,,,,student_t,3.0,,,,,,,,,,,
gaussian,,,0.0641603522423963,0.2592006337676258,1.3120675973562563,1.0,1.0647635901854478,,0.2,False,,,,,0.92194,diagonal,gaussian,,,,,,,,
noise,0.341,False,0.3832421183917452,22.295305678318336,1.4013114702769764,1.0,30.602213990542225,,0.3,,,,student_t,10.0,,,,,,,,,,,
noise,0.19366,True,0.001166358833184,0.0435230973712554,0.3203765908222829,1.0,1.083761032722352,,0.3,,,,student_t,8.0,,,,,,,,,,,
noise,0.21798,True,0.0005105944421976,0.0505151884489101,0.3328423575562035,1.0,1.0906618485510278,,0.3,,,,student_t,10.0,,,,,,,,,,,
noise,0.15683,True,5.148858517811661e-05,0.036512944838828,0.3192816883128835,1.0,1.0766662784370766,,0.3,,,,student_t,8.0,,,,,,,,,,,
noise,0.00502,False,0.0234473092851151,0.1621755819133152,0.3698962808840174,1.0,1.2065097551581936,,0.2,,,,normal,0.0,,,,,,,,,,,
gaussian,,,0.0113920776041268,0.0391606738782829,1.201823800726498,1.0,1.0926701807161838,,0.3,False,,,,,0.77328,diagonal,rank_gauss,,,,,,,,
noise,0.24075,False,0.3815159086844152,16.026328458511763,1.3869574808787437,1.0,21.49454275360107,,0.3,,,,normal,0.0,,,,,,,,,,,
noise,0.04727,True,0.0,0.0283610231565715,0.3238017661248441,1.0,1.0645203195334625,,0.3,,,,student_t,10.0,,,,,,,,,,,
gaussian,,,0.0606404355560022,0.2598713955215173,0.7108797717498602,1.0,1.0660695586229392,,0.2,True,,,,,0.45184,diagonal,gaussian,,,,,,,,
noise,0.01026,False,0.1308062494554547,0.4617913241562797,0.6053607666450492,1.0,1.5289399170427749,,0.3,,,,normal,0.0,,,,,,,,,,,
gaussian,,,0.0614355383146814,0.2601135555654304,0.6074813156045532,1.0,1.0662759132826314,,0.3,False,,,,,0.35464,diagonal,gaussian,,,,,,,,
noise,0.44795,False,0.3833466161096591,26.657994081857737,1.401864192913697,1.0,40.30606544836382,,0.3,,,,student_t,4.0,,,,,,,,,,,
gaussian,,,0.0110555781135091,0.0393824726047665,0.8494241930293354,1.0,1.0940191580307743,,0.3,True,,,,,0.41814,diagonal,rank_gauss,,,,,,,,
noise,0.01717,False,0.2426086643355391,0.9064039869862932,0.8748980796638118,1.0,2.038265131016117,,0.3,,,,normal,0.0,,,,,,,,,,,
noise,0.45979,False,0.3825653677988517,30.87764307547774,1.389885298352175,1.0,40.791244556937926,,0.3,,,,normal,0.0,,,,,,,,,,,
gaussian,,,0.0792864657100267,0.3280612101608895,0.4612740043098675,1.0,1.1585785160860194,,0.3,True,,,,,0.1107,identity,gaussian,,,,,,,,
noise,0.04103,False,0.3493697937692522,2.301805519000041,1.2406376801651378,1.0,4.043039071065163,,0.2,,,,student_t,5.0,,,,,,,,,,,
gaussian,,,0.0083356098884191,0.0393662435969149,0.8073749300248426,1.0,1.0938411425814472,,0.3,True,,,,,0.37836,diagonal,rank_gauss,,,,,,,,
noise,0.37004,True,0.0061407785578317,0.1025466243471021,0.3526603595428679,1.0,1.1362945451756077,,0.3,,,,normal,0.0,,,,,,,,,,,
gaussian,,,0.0868048209792598,0.3573396527898695,0.5071187397267266,1.0,1.1956397067811904,,0.3,False,,,,,0.16388,identity,gaussian,,,,,,,,
noise,0.00582,False,0.036887078545194,0.2031396801782029,0.3993615252514748,1.0,1.2489159255421127,,0.3,,,,normal,0.0,,,,,,,,,,,
gaussian,,,0.0164814027538159,0.0388995395742489,1.3462418287952995,1.0,1.0913619299582773,,0.3,False,,,,,0.93202,identity,rank_gauss,,,,,,,,
noise,0.00638,False,0.0354779800621912,0.2132342111090605,0.4275075614285593,1.0,1.2807050236296122,,0.3,,,,student_t,5.0,,,,,,,,,,,
noise,0.00724,True,0.0,0.0281729364414744,0.3229040583510779,1.0,1.0629618726566863,,0.3,,,,student_t,10.0,,,,,,,,,,,
gaussian,,,0.0081406395170464,0.0393406625909882,0.6644059122672703,1.0,1.0933355781719922,,0.3,True,,,,,0.24799,diagonal,rank_gauss,,,,,,,,
noise,0.0622,True,0.0,0.0286831110847029,0.320691611422579,1.0,1.0650403585296857,,0.3,,,,normal,0.0,,,,,,,,,,,
gaussian,,,0.0099476421111666,0.0393529083322432,0.7278717510022265,1.0,1.0935590812163445,,0.3,True,,,,,0.30541,diagonal,rank_gauss,,,,,,,,
noise,0.05191,False,0.3695477482134636,3.120584072485808,1.3114334617924155,1.0,4.974483378752571,,0.3,,,,student_t,8.0,,,,,,,,,,,
gaussian,,,0.0573730054350549,0.2603911494038463,0.445399614739253,1.0,1.0665542584474104,,0.3,False,,,,,0.15422,diagonal,gaussian,,,,,,,,
noise,0.05511,False,0.3752542270029154,3.4520088122153325,1.3030058403966966,1.0,5.210562215341204,,0.3,,,,normal,0.0,,,,,,,,,,,
gaussian,,,0.0143525311490284,0.0390190592357031,1.284737531381254,1.0,1.0917522054157316,,0.3,True,,,,,0.86366,diagonal,rank_gauss,,,,,,,,
noise,0.23684,False,0.3826140931410126,15.761268548700048,1.3868147846956758,1.0,21.150270861585646,,0.3,,,,normal,0.0,,,,,,,,,,,
gaussian,,,0.0078668128387189,0.0392895622216817,0.9792511291961208,1.0,1.0930420262207838,,0.3,False,,,,,0.54375,diagonal,rank_gauss,,,,,,,,
noise,0.38199,True,0.0084130942827265,0.0984601684807476,0.3741518949718754,1.0,1.1420825110756714,,0.3,,,,student_t,4.0,,,,,,,,,,,
gaussian,,,0.0120421586892148,0.0390152188108048,1.287444573700845,1.0,1.0917330157397656,,0.3,True,,,,,0.86666,identity,rank_gauss,,,,,,,,
noise,0.02401,False,0.3086732347475994,1.3602165884864852,1.0439000026220977,1.0,2.5816035287932144,,0.3,,,,normal,0.0,,,,,,,,,,,
gaussian,,,0.0629231124108606,0.2596692363711584,0.8287748034359108,1.0,1.065827106356582,,0.3,True,,,,,0.55442,diagonal,gaussian,,,,,,,,
noise,0.10596,True,2.7918641200663785e-05,0.0312761134499079,0.3248268452837055,1.0,1.0700504162308953,,0.3,,,,student_t,4.0,,,,,,,,,,,
gaussian,,,0.0086760179089085,0.0393571637882226,0.897336345459374,1.0,1.0937578196377342,,0.3,False,,,,,0.46434,identity,rank_gauss,,,,,,,,
noise,0.00845,False,0.0868088701927559,0.3447511538022282,0.5254213856500524,1.0,1.414397764824734,,0.3,,,,student_t,10.0,,,,,,,,,,,
gaussian,,,0.0052117168435036,0.0393230764624075,0.5103619113221912,1.0,1.0946125091414851,,0.3,False,,,,,0.10638,diagonal,rank_gauss,,,,,,,,
gaussian,,,0.0139759283415231,0.0390278581411887,1.2812256712483476,1.0,1.09178931531572,,0.3,True,,,,,0.8598,identity,rank_gauss,,,,,,,,
noise,0.00778,True,0.000195779967124,0.0281817439988101,0.3224926127190688,1.0,1.0629048991011358,,0.3,,,,normal,0.0,,,,,,,,,,,
gaussian,,,0.012636298670993,0.0392390597602849,1.0847471704071312,1.0,1.0928038750699929,,0.3,True,,,,,0.65006,diagonal,rank_gauss,,,,,,,,
noise,0.00785,False,0.0624819209043937,0.3040714998631101,0.4895033032945762,1.0,1.371304437359946,,0.3,,,,student_t,8.0,,,,,,,,,,,
gaussian,,,0.0499811470989375,0.2597378692762263,0.4085722718542371,1.0,1.064601730446229,,0.3,False,,,,,0.00836,diagonal,gaussian,,,,,,,,
noise,0.05663,True,0.0001418122229536,0.0285627513405872,0.3208797652144565,1.0,1.0646706577948688,,0.3,,,,normal,0.0,,,,,,,,,,,
gaussian,,,0.1518644256980406,0.5257892647029314,0.9051172716722172,1.0,1.398571815877606,,0.3,True,,,,,0.55309,identity,gaussian,,,,,,,,
noise,0.44478,False,0.3822844784794227,29.859886513481467,1.3898206142707163,1.0,39.46856109011912,,0.3,,,,normal,0.0,,,,,,,,,,,
gaussian,,,0.0607130664402186,0.2603916214235472,0.4557471107149826,1.0,1.0665375886077737,,0.3,True,,,,,0.17247,diagonal,gaussian,,,,,,,,
noise,0.00787,False,0.0770270699034666,0.317537975842884,0.4911730383297683,1.0,1.370750490369127,,0.3,,,,normal,0.0,,,,,,,,,,,
gaussian,,,0.0047535392334794,0.039293995761849,0.4717118847543628,1.0,1.0949976166229596,,0.3,False,,,,,0.06934,diagonal,rank_gauss,,,,,,,,
noise,0.07555,True,0.0,0.0291015199395065,0.3202491753698095,1.0,1.0660662348658505,,0.3,,,,normal,0.0,,,,,,,,,,,
gaussian,,,0.0583067885053024,0.2597402425042228,0.4083910675101902,1.0,1.0645977850910586,,0.3,False,,,,,0.01168,diagonal,gaussian,,,,,,,,
noise,0.01465,False,0.1735814415098359,0.6753520556623679,0.790900615361675,1.0,1.8502343174220488,,0.3,,,,student_t,5.0,,,,,,,,,,,
gaussian,,,0.007993726102495,0.0392761397003919,0.4287621574332864,1.0,1.0954265392037752,,0.3,True,,,,,0.02556,diagonal,rank_gauss,,,,,,,,
noise,0.17949,True,0.0008666156671592,0.0417890705505478,0.3290126334158469,1.0,1.0820790588077165,,0.3,,,,student_t,10.0,,,,,,,,,,,
noise,0.01095,True,0.0,0.0281417601663578,0.3224014111658577,1.0,1.062951721243932,,0.3,,,,student_t,8.0,,,,,,,,,,,
noise,0.04759,False,0.3690465297012899,2.9445349289988547,1.2748261377603467,1.0,4.563273280670487,,0.3,,,,normal,0.0,,,,,,,,,,,
gaussian,,,0.0678324632161224,0.2595943816204857,0.8811055282003091,1.0,1.0657210857325228,,0.3,False,,,,,0.59834,diagonal,gaussian,,,,,,,,
noise,0.00666,False,0.0447660333128764,0.2486362477336427,0.4349953739198386,1.0,1.2968359718716669,,0.3,,,,normal,0.0,,,,,,,,,,,
noise,0.18686,True,0.0001049645142866,0.0428078812942088,0.3192190690532155,1.0,1.0821955970631392,,0.3,,,,normal,0.0,,,,,,,,,,,
gaussian,,,0.1699392146639298,0.5325543672966088,0.9246410084843688,1.0,1.4060527798610154,,0.3,True,,,,,0.5713,identity,gaussian,,,,,,,,
noise,0.03728,False,0.3193997195565846,1.740254004433672,1.2130213218726589,1.0,3.6277686188999194,,0.3,,,,student_t,3.0,,,,,,,,,,,
noise,0.0412,True,0.0,0.0282147727405206,0.3226216558976406,1.0,1.0637259809219874,,0.3,,,,student_t,5.0,,,,,,,,,,,
gaussian,,,0.0068429448351179,0.0392826176925868,0.4206004560929851,1.0,1.0954853546406829,,0.3,False,,,,,0.01683,identity,rank_gauss,,,,,,,,
noise,0.38955,True,0.0068069822845239,0.1109281320811234,0.3600914435091713,1.0,1.1438444051314525,,0.3,,,,normal,0.0,,,,,,,,,,,
gaussian,,,0.0106441497780164,0.039376093454343,0.7671362125245745,1.0,1.093614827643481,,0.3,True,,,,,0.34139,diagonal,rank_gauss,,,,,,,,
noise,0.03452,True,0.0,0.0282743945297746,0.3216274106392028,1.0,1.0635426838862192,,0.3,,,,normal,0.0,,,,,,,,,,,
gaussian,,,0.015232635097252,0.0387943433916869,1.392550366196967,1.0,1.0910347261488074,,0.4,True,,,,,0.98396,diagonal,rank_gauss,,,,,,,,
noise,0.06328,False,0.3772793984504473,4.003970571823969,1.3239296345804097,1.0,5.917718076219589,,0.3,,,,normal,0.0,,,,,,,,,,,
noise,0.27453,False,0.3827115897048353,17.89244855056689,1.3997970941766045,1.0,24.691931659179108,,0.3,,,,student_t,10.0,,,,,,,,,,,
gaussian,,,0.1406871999916157,0.4661517300657937,0.7399885475753019,1.0,1.3298978969077977,,0.3,True,,,,,0.3993,identity,gaussian,,,,,,,,
noise,0.00957,True,0.0,0.0281765376568214,0.3226419644837596,1.0,1.0628867091340584,,0.3,,,,student_t,3.0,,,,,,,,,,,
gaussian,,,0.0094774166507192,0.0393460432639492,0.9343674680984542,1.0,1.093551657775897,,0.3,False,,,,,0.50008,identity,rank_gauss,,,,,,,,
noise,0.07895,True,0.0,0.0288158097183823,0.3202937329650837,1.0,1.0664422977354324,,0.3,,,,student_t,8.0,,,,,,,,,,,
gaussian,,,0.0071566252828959,0.0393449926768422,0.6382122649181773,1.0,1.093470910957544,,0.4,True,,,,,0.22518,identity,rank_gauss,,,,,,,,
noise,0.14004,False,0.3809193452126183,9.20062197574965,1.3781699315117235,1.0,12.63435716133752,,0.3,,,,normal,0.0,,,,,,,,,,,
gaussian,,,0.0164398513656683,0.0388762194237656,1.3540912534041198,1.0,1.0913000265266175,,0.4,True,,,,,0.94076,diagonal,rank_gauss,,,,,,,,
noise,0.05768,True,3.257450219118496e-06,0.0284724300134808,0.3225494952369611,1.0,1.0645960515648718,,0.3,,,,student_t,5.0,,,,,,,,,,,
gaussian,,,0.00977217124187,0.0392733915445705,1.045971881757638,1.0,1.0930325716098597,,0.4,False,,,,,0.61038,diagonal,rank_gauss,,,,,,,,
noise,0.16596,False,0.3820962802622064,10.701796243443445,1.3924007694471936,1.0,15.04551200254436,,0.3,,,,student_t,10.0,,,,,,,,,,,
gaussian,,,0.0599234181604843,0.2599649070500097,0.6676997481520461,1.0,1.0661593214355525,,0.3,False,,,,,0.41238,diagonal,gaussian,,,,,,,,
noise,0.18592,False,0.3819438055686707,11.404046843831546,1.384768712680225,1.0,16.944806442310142,,0.3,,,,student_t,5.0,,,,,,,,,,,
gaussian,,,0.1867356714161647,0.6710533994126279,1.3374216728011965,1.0,1.539280838600385,,0.3,False,,,,,0.95461,identity,gaussian,,,,,,,,
noise,0.03259,True,0.0001275364816407,0.0282106762195222,0.3234807548931795,1.0,1.063743601301495,,0.3,,,,student_t,10.0,,,,,,,,,,,
noise,0.01638,True,0.0,0.0281646802943728,0.3231168772680626,1.0,1.063161942416078,,0.3,,,,student_t,10.0,,,,,,,,,,,
gaussian,,,0.0575113251010348,0.2597695929926015,0.4120761658480423,1.0,1.064532451212962,,0.3,False,,,,,0.06169,diagonal,gaussian,,,,,,,,
noise,0.00601,True,0.0,0.0281607339812437,0.3225511737250248,1.0,1.06289786800528,,0.3,,,,student_t,8.0,,,,,,,,,,,
gaussian,,,0.0639304655872765,0.2599030671857726,0.6952762920422207,1.0,1.0661033103956468,,0.3,False,,,,,0.43773,diagonal,gaussian,,,,,,,,
noise,0.00837,False,0.0824487347147768,0.3333961575304673,0.5146955162711535,1.0,1.4046404363518656,,0.3,,,,student_t,8.0,,,,,,,,,,,
gaussian,,,0.0524336408110795,0.2604276331631327,0.420715185180349,1.0,1.0666027050740028,,0.3,True,,,,,0.09611,diagonal,gaussian,,,,,,,,
noise,0.07747,False,0.380172957937348,4.963500913383211,1.3463583516861255,1.0,7.152080987897813,,0.3,,,,normal,0.0,,,,,,,,,,,
gaussian,,,0.0112652253123678,0.0392828092717633,1.0118232864511838,1.0,1.092991570542965,,0.3,False,,,,,0.576,identity,rank_gauss,,,,,,,,
noise,0.0256,False,0.2904987827144037,1.3418103686608038,1.0751831730229855,1.0,2.728283780827318,,0.3,,,,student_t,5.0,,,,,,,,,,,
gaussian,,,0.0612998197429595,0.2591854286628248,1.3486612514773697,1.0,1.0647952798715976,,0.3,True,,,,,0.95018,diagonal,gaussian,,,,,,,,
noise,0.21764,False,0.3820718252621362,14.124329949313722,1.39730150392739,1.0,19.63552617449517,,0.3,,,,student_t,10.0,,,,,,,,,,,
gaussian,,,0.1879728497531686,0.6500918808610843,1.2758684571146868,1.0,1.5223469599289896,,0.3,False,,,,,0.89848,identity,gaussian,,,,,,,,
noise,0.11961,True,0.0,0.0319642680818038,0.3190410587700107,1.0,1.070844717104753,,0.3,,,,normal,0.0,,,,,,,,,,,
noise,0.10571,True,0.0,0.0307170252041209,0.3224935069750133,1.0,1.0688405827349787,,0.3,,,,student_t,5.0,,,,,,,,,,,
gaussian,,,0.0054955302268583,0.0392775873663279,0.4088066359637864,1.0,1.0955777053951237,,0.3,True,,,,,0.00401,diagonal,rank_gauss,,,,,,,,
noise,0.07417,True,0.0,0.0290494793570854,0.3202940875575756,1.0,1.0659510584350051,,0.3,,,,normal,0.0,,,,,,,,,,,
gaussian,,,0.0618965691440288,0.2594332027159647,0.960045049985752,1.0,1.0655525020827317,,0.3,False,,,,,0.66326,diagonal,gaussian,,,,,,,,
noise,0.07006,True,0.0,0.0289087941766434,0.3204291412442676,1.0,1.0656204981073516,,0.3,,,,normal,0.0,,,,,,,,,,,
gaussian,,,0.1742927192706682,0.5808250208530472,1.0689956661567734,1.0,1.457910646155837,,0.3,True,,,,,0.70621,identity,gaussian,,,,,,,,
noise,0.28236,False,0.3816045843827934,18.227137709888492,1.4152306247334916,1.0,25.41474453600173,,0.3,,,,student_t,8.0,,,,,,,,,,,
gaussian,,,0.0073286995591668,0.039361346428877,0.5648736745136479,1.0,1.0942347239481605,,0.3,True,,,,,0.15894,diagonal,rank_gauss,,,,,,,,
noise,0.24422,False,0.3825999996967677,15.884857121106302,1.398670515669093,1.0,21.997655602177797,,0.3,,,,student_t,10.0,,,,,,,,,,,
gaussian,,,0.0687261718824682,0.2592144778054605,1.2865227199449163,1.0,1.064743747253283,,0.3,False,,,,,0.90219,diagonal,gaussian,,,,,,,,
noise,0.02996,True,0.0,0.0281898398318265,0.3224649913701304,1.0,1.063241080895902,,0.3,,,,student_t,3.0,,,,,,,,,,,
noise,0.11161,True,0.0,0.0315676251846344,0.3254399914747385,1.0,1.0707104971694856,,0.3,,,,student_t,10.0,,,,,,,,,,,
gaussian,,,0.1136036318893599,0.414267315593348,0.6255499672787268,1.0,1.2665576749701564,,0.3,True,,,,,0.28102,identity,gaussian,,,,,,,,
noise,0.01295,False,0.1503975750056133,0.5751309751495792,0.7247474249992948,1.0,1.7227796697236837,,0.3,,,,student_t,5.0,,,,,,,,,,,
gaussian,,,0.0614892563134017,0.2592846250202864,1.041529359970073,1.0,1.0653923449541836,,0.3,False,,,,,0.72897,diagonal,gaussian,,,,,,,,
noise,0.16393,True,0.0006862005752285,0.0382102206616938,0.3187430898204206,1.0,1.0777826911526351,,0.3,,,,normal,0.0,,,,,,,,,,,
gaussian,,,0.0065157747545359,0.0392939874751182,0.452384213045432,1.0,1.0952818704005476,,0.4,False,,,,,0.05035,diagonal,rank_gauss,,,,,,,,
noise,0.01643,True,4.379271671228757e-05,0.0281463867491596,0.3227074286238341,1.0,1.0629847028560868,,0.3,,,,student_t,5.0,,,,,,,,,,,
gaussian,,,0.0778125713253192,0.2916909593647755,0.4225254678053553,1.0,1.111514021961258,,0.3,False,,,,,0.05094,identity,gaussian,,,,,,,,
noise,0.01344,True,0.0,0.0281350341068384,0.3223252361859257,1.0,1.0629891409767858,,0.3,,,,student_t,8.0,,,,,,,,,,,
gaussian,,,0.0142726830578044,0.038859688880948,1.3610360672683954,1.0,1.0912468500555057,,0.3,False,,,,,0.94854,diagonal,rank_gauss,,,,,,,,
noise,0.46093,False,0.3818489942503364,30.24016400151612,1.4025007381657413,1.0,41.26915759362193,,0.4,,,,student_t,10.0,,,,,,,,,,,
gaussian,,,0.0093339939933312,0.0393263781062818,0.9534266392999567,1.0,1.093341716306605,,0.3,False,,,,,0.51851,diagonal,rank_gauss,,,,,,,,
noise,0.00858,False,0.0939265070168907,0.3594694734637543,0.5252777275198083,1.0,1.4162818370851022,,0.3,,,,normal,0.0,,,,,,,,,,,
noise,0.20811,False,0.3830339748125366,12.229674453233052,1.3962445622440722,1.0,18.860868485346465,,0.3,,,,student_t,4.0,,,,,,,,,,,
gaussian,,,0.0686827214289063,0.2591860454865239,1.383732493195212,1.0,1.064828595558252,,0.3,True,,,,,0.97716,diagonal,gaussian,,,,,,,,
noise,0.11148,True,0.0,0.0311799320094286,0.3225257390835904,1.0,1.0695203503886952,,0.3,,,,student_t,5.0,,,,,,,,,,,
gaussian,,,0.0663651825725671,0.2665367603802255,0.409872497112497,1.0,1.075841887652386,,0.3,False,,,,,0.01141,identity,gaussian,,,,,,,,
noise,0.00962,False,0.1133817072819521,0.4223637290194545,0.5751790952877914,1.0,1.485286768623244,,0.3,,,,normal,0.0,,,,,,,,,,,
gaussian,,,0.0594605121939594,0.2598814660081006,0.7056850306824445,1.0,1.0660807829134038,,0.3,True,,,,,0.44716,diagonal,gaussian,,,,,,,,
noise,0.05289,False,0.3704383947984745,3.043796206441775,1.2958572677233244,1.0,5.077997180518163,,0.3,,,,student_t,5.0,,,,,,,,,,,
gaussian,,,0.008429625541141,0.0391992695840269,1.1461710629801485,1.0,1.092734354547673,,0.3,False,,,,,0.71431,diagonal,rank_gauss,,,,,,,,
noise,0.0972,True,0.0,0.0306672005809527,0.324605839758977,1.0,1.0689888497045152,,0.3,,,,student_t,4.0,,,,,,,,,,,
gaussian,,,0.0577002248717758,0.2604288343423998,0.4202013308470239,1.0,1.0666039574809238,,0.3,True,,,,,0.09442,diagonal,gaussian,,,,,,,,
gaussian,,,0.1739843020128059,0.6152908418908811,1.173681079871359,1.0,1.4919648631515268,,0.3,False,,,,,0.80399,identity,gaussian,,,,,,,,
noise,0.03113,True,0.0,0.0280985860792691,0.3217731526049818,1.0,1.063453164038935,,0.3,,,,student_t,8.0,,,,,,,,,,,
noise,0.06897,True,0.0,0.0288714906373089,0.3204652468990788,1.0,1.0655359640275357,,0.2,,,,normal,0.0,,,,,,,,,,,
gaussian,,,0.053397568885365,0.2602802043876939,0.526135683893136,1.0,1.066408799115264,,0.2,False,,,,,0.26791,diagonal,gaussian,,,,,,,,
noise,0.01211,False,0.1625478497857855,0.5781693223512923,0.6884166056787712,1.0,1.6593057074075297,,0.2,,,,normal,0.0,,,,,,,,,,,
gaussian,,,0.1438670947859934,0.4891321266093582,0.8016631391428215,1.0,1.356789777449957,,0.2,False,,,,,0.45672,identity,gaussian,,,,,,,,
noise,0.01035,True,0.0,0.0281808806719438,0.3224124589605805,1.0,1.0629316080598563,,0.2,,,,normal,0.0,,,,,,,,,,,
gaussian,,,0.0057383940540487,0.0393469810864943,0.659195772253047,1.0,1.0933711525908247,,0.3,True,,,,,0.24355,identity,rank_gauss,,,,,,,,
noise,0.08506,True,0.0,0.0290848113124908,0.3201238444691331,1.0,1.0670059665165887,,0.2,,,,student_t,8.0,,,,,,,,,,,
noise,0.45144,True,0.015825151423185,0.137091255012124,0.4060418909676743,1.0,1.1716230628463251,,0.2,,,,student_t,10.0,,,,,,,,,,,
gaussian,,,0.0083580528230934,0.0392895979273037,0.9787065149857122,1.0,1.0930445855206865,,0.3,False,,,,,0.54321,identity,rank_gauss,,,,,,,,
noise,0.00541,True,0.0,0.0281846602795793,0.3225658863925383,1.0,1.0628867909348811,,0.2,,,,normal,0.0,,,,,,,,,,,
gaussian,,,0.0088234028088695,0.0393709046787025,0.7911796661977649,1.0,1.093752796346054,,0.3,True,,,,,0.3633,diagonal,rank_gauss,,,,,,,,
noise,0.35359,False,0.3810349652909938,22.90071791597374,1.4166368840733417,1.0,31.75669094742694,,0.3,,,,student_t,8.0,,,,,,,,,,,
gaussian,,,0.1320549228156415,0.4467613068448319,0.6900081104706923,1.0,1.306746576022564,,0.2,True,,,,,0.35257,identity,gaussian,,,,,,,,
noise,0.18599,True,0.0003440694697615,0.0426204295030529,0.3191910382331289,1.0,1.082018002262672,,0.2,,,,normal,0.0,,,,,,,,,,,
gaussian,,,0.1833021541897197,0.6462639488103775,1.264616302835175,1.0,1.519140619586651,,0.3,True,,,,,0.88815,identity,gaussian,,,,,,,,
noise,0.00617,False,0.039673410026168,0.2218314933896425,0.4137354962132594,1.0,1.2685015539396634,,0.2,,,,normal,0.0,,,,,,,,,,,
gaussian,,,0.0117233488720797,0.0391242791410648,1.2353469385428049,1.0,1.0923967187361523,,0.3,False,,,,,0.80968,diagonal,rank_gauss,,,,,,,,
noise,0.02199,True,0.0,0.0282077160812302,0.3220408518826779,1.0,1.0631447039794604,,0.2,,,,normal,0.0,,,,,,,,,,,
gaussian,,,0.0101010475951573,0.0393724099678001,0.8268503641851468,1.0,1.0939741255740862,,0.3,True,,,,,0.39664,identity,rank_gauss,,,,,,,,
noise,0.24937,False,0.381745706134024,16.062815319383724,1.414117594838574,1.0,22.47830775357403,,0.3,,,,student_t,8.0,,,,,,,,,,,
gaussian,,,0.0694672227013256,0.2589946870455414,1.2138530983883735,1.0,1.0650907836039074,,0.2,False,,,,,0.86524,diagonal,gaussian,,,,,,,,
noise,0.14099,False,0.3809648813142263,8.193710351410235,1.388044372610699,1.0,12.868765926944182,,0.3,,,,student_t,4.0,,,,,,,,,,,
gaussian,,,0.0116659933962052,0.0390988284434424,1.2486180969760765,1.0,1.0922155589203293,,0.3,False,,,,,0.82414,diagonal,rank_gauss,,,,,,,,
noise,0.07004,False,0.3782745571769666,4.460960177409041,1.3361733868194712,1.0,6.504941262460747,,0.2,,,,normal,0.0,,,,,,,,,,,
gaussian,,,0.0087724924849965,0.039360436390248,0.5686259459112833,1.0,1.0941735336982097,,0.3,True,,,,,0.16238,identity,rank_gauss,,,,,,,,
noise,0.04272,False,0.3598232398089825,2.5210951114705007,1.267243313633457,1.0,4.177868944996917,,0.2,,,,student_t,8.0,,,,,,,,,,,
gaussian,,,0.0581233689160907,0.2601722267377547,0.5773733351481357,1.0,1.0663302216309165,,0.2,True,,,,,0.32406,diagonal,gaussian,,,,,,,,
noise,0.00829,True,0.0,0.0281812707903861,0.3224767639595749,1.0,1.0629096140604204,,0.2,,,,normal,0.0,,,,,,,,,,,
gaussian,,,0.164736665593659,0.5663114817310354,1.0249047303014016,1.0,1.4426812438989205,,0.2,True,,,,,0.66494,identity,gaussian,,,,,,,,
noise,0.06337,True,8.475786289297016e-05,0.0287132509600338,0.32065227038403,1.0,1.0651223835183683,,0.3,,,,normal,0.0,,,,,,,,,,,
gaussian,,,0.0643050848533353,0.260358542762758,0.4817602510369951,1.0,1.0664909082703455,,0.3,True,,,,,0.21186,diagonal,gaussian,,,,,,,,
noise,0.04202,True,0.0,0.028338166014866,0.3213751757415857,1.0,1.063864451079716,,0.2,,,,normal,0.0,,,,,,,,,,,
noise,0.04094,False,0.3679872380495196,2.4965475257700467,1.23893329204485,1.0,3.995089055117712,,0.2,,,,normal,0.0,,,,,,,,,,,
gaussian,,,0.0125401585595408,0.039043616503232,1.2721308245736518,1.0,1.091886337006267,,0.3,True,,,,,0.84978,diagonal,rank_gauss,,,,,,,,
noise,0.00759,False,0.060878395592086,0.3012929543962531,0.4778633207142828,1.0,1.353200556038073,,0.2,,,,normal,0.0,,,,,,,,,,,
gaussian,,,0.1240965351704315,0.4348697897389059,0.660381249939247,1.0,1.292318003900358,,0.2,True,,,,,0.32466,identity,gaussian,,,,,,,,
noise,0.01637,True,0.0,0.0281646676779292,0.3231166478145793,1.0,1.0631616731012614,,0.2,,,,student_t,10.0,,,,,,,,,,,
gaussian,,,0.0120448711457595,0.0392179826842039,1.121345383079803,1.0,1.0927471562651228,,0.3,True,,,,,0.68815,identity,rank_gauss,,,,,,,,
noise,0.0221,False,0.2969415299377909,1.232795979702031,1.004548916434006,1.0,2.4273426701683407,,0.2,,,,normal,0.0,,,,,,,,,,,
gaussian,,,0.0145719740495691,0.0391363321341176,1.2194619214497997,1.0,1.092482922017155,,0.3,False,,,,,0.7924,diagonal,rank_gauss,,,,,,,,
noise,0.01196,True,8.719401196111143e-05,0.0281512167165542,0.3227169371111405,1.0,1.0629234972147816,,0.2,,,,student_t,5.0,,,,,,,,,,,
gaussian,,,0.0615584064397829,0.2820618837655452,0.4162225398017499,1.0,1.0987616415733037,,0.2,False,,,,,0.03623,identity,gaussian,,,,,,,,
noise,0.022,False,0.2728185306597813,1.1201202394251943,1.0046146465192958,1.0,2.4317186607159917,,0.3,,,,student_t,5.0,,,,,,,,,,,
gaussian,,,0.066198779568767,0.2590669553081861,1.1815313565468974,1.0,1.0651438724433444,,0.2,True,,,,,0.83991,diagonal,gaussian,,,,,,,,
noise,0.00525,True,0.0004280177019765,0.0281847710632449,0.3225708106677213,1.0,1.0628857939608247,,0.2,,,,normal,0.0,,,,,,,,,,,
gaussian,,,0.0065333935448865,0.0393458536245605,0.6854614156696767,1.0,1.0934114127760195,,0.3,False,,,,,0.26682,identity,rank_gauss,,,,,,,,
noise,0.09075,False,0.3823004632176496,5.86243395456326,1.3588952017639548,1.0,8.311935822693597,,0.2,,,,normal,0.0,,,,,,,,,,,
gaussian,,,0.1385724053995444,0.4726768241944105,0.7572343876840685,1.0,1.3375890948534184,,0.2,False,,,,,0.41537,identity,gaussian,,,,,,,,
noise,0.00782,True,0.0,0.0282468971672083,0.3228936807182888,1.0,1.0629727674187168,,0.2,,,,student_t,4.0,,,,,,,,,,,
gaussian,,,0.0104336658203528,0.0389371603772659,1.3329392902061428,1.0,1.0914923288011422,,0.3,True,,,,,0.91723,diagonal,rank_gauss,,,,,,,,
noise,0.2019,False,0.3827855908053924,13.081785037655669,1.3962021939708793,1.0,18.23707555327008,,0.3,,,,student_t,10.0,,,,,,,,,,,
gaussian,,,0.011523258432897,0.0392650710672457,1.052947704567098,1.0,1.0929729105490908,,0.3,True,,,,,0.61751,identity,rank_gauss,,,,,,,,
noise,0.20454,True,0.0001650866424207,0.0472501756638653,0.3313111425038499,1.0,1.087492624655867,,0.3,,,,student_t,10.0,,,,,,,,,,,
gaussian,,,0.1965127409908251,0.6434870185895567,1.2564498263031356,1.0,1.516791484410339,,0.2,True,,,,,0.88064,identity,gaussian,,,,,,,,
noise,0.12377,True,0.0,0.0323826445056123,0.3189621560034025,1.0,1.0714056577728743,,0.3,,,,normal,0.0,,,,,,,,,,,
noise,0.01816,True,0.0,0.0281976823445784,0.3221646054182731,1.0,1.063057929643654,,0.3,,,,normal,0.0,,,,,,,,,,,
noise,0.00506,False,0.0095740696338488,0.1272768663541685,0.368897698511285,1.0,1.1969299045542323,,0.3,,,,student_t,3.0,,,,,,,,,,,
gaussian,,,0.0096975367195336,0.0392829577629565,1.0237214836075474,1.0,1.0929902229357975,,0.3,True,,,,,0.58793,diagonal,rank_gauss,,,,,,,,
noise,0.00602,False,0.0311121842993109,0.1957429903408626,0.4124980482364478,1.0,1.2602746646223166,,0.3,,,,student_t,5.0,,,,,,,,,,,
gaussian,,,0.0118121741206571,0.0392299263271309,1.103828676852717,1.0,1.0928066467329365,,0.3,False,,,,,0.66981,diagonal,rank_gauss,,,,,,,,
noise,0.03602,True,9.359193585223302e-05,0.0282390255530203,0.3235561452882098,1.0,1.0639038300706125,,0.3,,,,student_t,10.0,,,,,,,,,,,
gaussian,,,0.1770299942851339,0.589419614005723,1.0951481401541436,1.0,1.4666927948897417,,0.3,False,,,,,0.73067,identity,gaussian,,,,,,,,
noise,0.08456,False,0.3783666909738828,5.3144143067563885,1.3598450722802162,1.0,7.837453121043881,,0.3,,,,student_t,10.0,,,,,,,,,,,
gaussian,,,0.0637682396974651,0.2597988477347734,0.747754450427793,1.0,1.065988551939182,,0.3,False,,,,,0.4846,diagonal,gaussian,,,,,,,,
noise,0.01852,False,0.2684666362762078,0.9953322864370364,0.9148954341355294,1.0,2.1432698759693736,,0.2,,,,normal,0.0,,,,,,,,,,,
gaussian,,,0.0053553832793979,0.039345887180005,0.5518649136590613,1.0,1.0943182393106938,,0.3,True,,,,,0.14663,identity,rank_gauss,,,,,,,,
noise,0.17922,True,0.0003513862261492,0.0411931175897565,0.319001121115536,1.0,1.0806633650676944,,0.2,,,,normal,0.0,,,,,,,,,,,
gaussian,,,0.0145985016124505,0.0389702710877013,1.3108391876219805,1.0,1.091557419449776,,0.3,False,,,,,0.89263,diagonal,rank_gauss,,,,,,,,
noise,0.25846,True,0.0009072763218164,0.0585602899526909,0.3327182469662478,1.0,1.0985672334877052,,0.3,,,,student_t,5.0,,,,,,,,,,,
gaussian,,,0.006408226309838,0.0392985299016999,0.4845590886696735,1.0,1.0947849733425254,,0.3,False,,,,,0.08164,identity,rank_gauss,,,,,,,,
noise,0.17842,False,0.382886808760632,11.801351970922152,1.3833981685617909,1.0,16.00855886041833,,0.2,,,,normal,0.0,,,,,,,,,,,
gaussian,,,0.1616386046078404,0.5391740289642214,0.9439246754128368,1.0,1.4133260140843549,,0.2,False,,,,,0.5893,identity,gaussian,,,,,,,,
noise,0.18,False,0.3803226164670035,9.424674766085657,1.3963517910499228,1.0,16.110702393728218,,0.3,,,,student_t,3.0,,,,,,,,,,,
gaussian,,,0.0097726647704862,0.039198450149811,1.1495732113211057,1.0,1.092729808567475,,0.3,True,,,,,0.71787,diagonal,rank_gauss,,,,,,,,
noise,0.02778,False,0.3313914054393116,1.6124648051825807,1.1077712976879663,1.0,2.8902060629224016,,0.2,,,,normal,0.0,,,,,,,,,,,
gaussian,,,0.059624739204948,0.2589321804620558,1.2412615095980823,1.0,1.0650511485976497,,0.2,True,,,,,0.88662,diagonal,gaussian,,,,,,,,
gaussian,,,0.0078139158741036,0.0393793562060944,0.8576483480653337,1.0,1.093986632494691,,0.3,False,,,,,0.42594,diagonal,rank_gauss,,,,,,,,
noise,0.01878,False,0.2621587377583941,1.0125015870861025,0.92218862859999,1.0,2.163642135972957,,0.2,,,,normal,0.0,,,,,,,,,,,
gaussian,,,0.0125130983154194,0.0391931792990421,1.1720477704927554,1.0,1.0927743495681397,,0.3,False,,,,,0.74151,identity,rank_gauss,,,,,,,,
noise,0.01361,True,4.038775749537482e-05,0.0281345951536331,0.322320019379951,1.0,1.062991946859765,,0.2,,,,student_t,8.0,,,,,,,,,,,
gaussian,,,0.0108816885195117,0.0393585785297114,0.8909615521661697,1.0,1.0937749759869912,,0.3,False,,,,,0.45808,diagonal,rank_gauss,,,,,,,,
noise,0.03061,False,0.3100440712367262,1.5778515493902865,1.147485775143409,1.0,3.1361763232662367,,0.2,,,,student_t,4.0,,,,,,,,,,,
gaussian,,,0.0138135219114996,0.0388120636794677,1.383778389813513,1.0,1.091068633398664,,0.3,True,,,,,0.97407,identity,rank_gauss,,,,,,,,
noise,0.01404,True,0.0,0.0281332946823705,0.3223068149248657,1.0,1.0629991873627234,,0.2,,,,student_t,8.0,,,,,,,,,,,
gaussian,,,0.0052795103571526,0.0392981073110416,0.4570228091855465,1.0,1.0952297362125851,,0.3,False,,,,,0.05505,identity,rank_gauss,,,,,,,,
noise,0.04601,True,0.0,0.0283235502128659,0.3223087262659715,1.0,1.0638308879411065,,0.2,,,,student_t,3.0,,,,,,,,,,,
noise,0.00994,False,0.1206954891858458,0.4420194205155376,0.5903394661936218,1.0,1.5070130315385266,,0.2,,,,normal,0.0,,,,,,,,,,,
noise,0.00859,False,0.0866935708656593,0.3600666009540187,0.5257593365041752,1.0,1.416932831375982,,0.2,,,,normal,0.0,,,,,,,,,,,
gaussian,,,0.007353534303059,0.0393460659432126,0.6375942353346022,1.0,1.0934767476129994,,0.3,True,,,,,0.22465,identity,rank_gauss,,,,,,,,
noise,0.09994,True,0.0,0.0303019373256482,0.3224731000405136,1.0,1.0681971866404285,,0.2,,,,student_t,5.0,,,,,,,,,,,
gaussian,,,0.0642986930571062,0.2601660238956434,0.580330906001579,1.0,1.0663253315890655,,0.2,True,,,,,0.32713,diagonal,gaussian,,,,,,,,
noise,0.04674,False,0.3403565900726733,2.2455047435619586,1.2754757970008797,1.0,4.432796228606127,,0.2,,,,student_t,3.0,,,,,,,,,,,
gaussian,,,0.0066107204400008,0.039339724743035,0.6248873388379088,1.0,1.0935430978766092,,0.3,True,,,,,0.21325,diagonal,rank_gauss,,,,,,,,
noise,0.10894,True,0.0,0.0306348930033393,0.3195609837417499,1.0,1.0696002014749184,,0.2,,,,student_t,8.0,,,,,,,,,,,
gaussian,,,0.0075753734669872,0.0392941192465101,0.4711569780438058,1.0,1.095007100478276,,0.3,True,,,,,0.06881,identity,rank_gauss,,,,,,,,
noise,0.07179,False,0.3790742035707104,4.579307687178287,1.3388380322758762,1.0,6.657219343725638,,0.2,,,,normal,0.0,,,,,,,,,,,
gaussian,,,0.1947485182651483,0.6754311314743389,1.3503157211636616,1.0,1.5426987001835315,,0.2,True,,,,,0.96627,identity,gaussian,,,,,,,,
noise,0.06403,False,0.3708192575870127,3.742010806018337,1.325038917151493,1.0,6.059383352126704,,0.2,,,,student_t,5.0,,,,,,,,,,,
gaussian,,,0.1521302143409547,0.5477377327949081,0.9691635594753376,1.0,1.422677581432184,,0.2,False,,,,,0.61287,identity,gaussian,,,,,,,,
noise,0.41903,True,0.0059554795311874,0.1124446625188527,0.3899385822430372,1.0,1.156737807561036,,0.2,,,,student_t,4.0,,,,,,,,,,,
gaussian,,,0.0597759526846676,0.2604317987856176,0.4185203256872538,1.0,1.066607709226521,,0.2,False,,,,,0.08858,diagonal,gaussian,,,,,,,,
noise,0.10021,False,0.3778234850978323,5.1209889398612685,1.375562547143414,1.0,9.087715527192763,,0.2,,,,student_t,3.0,,,,,,,,,,,
gaussian,,,0.0702960154948709,0.259220300519885,1.2737148222575725,1.0,1.0647362653482615,,0.2,False,,,,,0.89228,diagonal,gaussian,,,,,,,,
noise,0.00761,False,0.0559584968011896,0.2756924636334892,0.4825286895636169,1.0,1.3545170643524742,,0.2,,,,student_t,5.0,,,,,,,,,,,
gaussian,,,0.0582625106264341,0.2597685236759404,0.4108049850612313,1.0,1.0645412657082718,,0.2,True,,,,,0.05445,diagonal,gaussian,,,,,,,,
noise,0.01139,False,0.1395024605880391,0.511095910073678,0.6579061621206264,1.0,1.6112078903953688,,0.2,,,,student_t,8.0,,,,,,,,,,,
gaussian,,,0.0147046568752692,0.0387863611616189,1.397658323378771,1.0,1.0910365445837908,,0.3,False,,,,,0.98971,diagonal,rank_gauss,,,,,,,,
noise,0.0139,False,0.1977039167045683,0.6930758149978962,0.7613433197642382,1.0,1.7902052484842006,,0.2,,,,normal,0.0,,,,,,,,,,,
gaussian,,,0.0085621000382691,0.0393435616310094,0.9447966158426008,1.0,1.0934719645895887,,0.3,True,,,,,0.51017,diagonal,rank_gauss,,,,,,,,
noise,0.43399,False,0.3825150114542463,25.81809842390197,1.401753915393411,1.0,39.05736719341631,,0.3,,,,student_t,4.0,,,,,,,,,,,
gaussian,,,0.009841418266056,0.0392823078818175,1.033497467753609,1.0,1.0930314817851543,,0.3,True,,,,,0.59775,identity,rank_gauss,,,,,,,,
noise,0.04399,True,0.0,0.0283192026266787,0.3237302558206547,1.0,1.0643261890881468,,0.2,,,,student_t,10.0,,,,,,,,,,,
gaussian,,,0.0100305002442926,0.0393650377960561,0.8109979827834847,1.0,1.0938593824671765,,0.3,True,,,,,0.38184,diagonal,rank_gauss,,,,,,,,
noise,0.05902,True,0.0,0.0285017790493735,0.3225437742811918,1.0,1.0646800115447488,,0.2,,,,student_t,5.0,,,,,,,,,,,
gaussian,,,0.0641881102376287,0.2592171212623433,1.2809271817166592,1.0,1.0647406212489092,,0.2,True,,,,,0.89786,diagonal,gaussian,,,,,,,,
noise,0.22077,True,0.0008876106576157,0.0490763552528474,0.3276508197275219,1.0,1.0890615825853875,,0.3,,,,student_t,5.0,,,,,,,,,,,
gaussian,,,0.1666335046248683,0.540021896411601,0.94640940624728,1.0,1.4142549966649154,,0.2,True,,,,,0.59162,identity,gaussian,,,,,,,,
noise,0.06376,False,0.3713177680536814,3.5564945026901364,1.3312882079589394,1.0,6.01018151099359,,0.2,,,,student_t,4.0,,,,,,,,,,,
gaussian,,,0.0069716732535024,0.039363526847629,0.8140401368486777,1.0,1.0938784929715812,,0.3,True,,,,,0.38465,identity,rank_gauss,,,,,,,,
noise,0.01856,True,0.0,0.0281986775758103,0.3221517457254986,1.0,1.0630662283059684,,0.2,,,,normal,0.0,,,,,,,,,,,
gaussian,,,0.0674052047551848,0.259213188356179,1.410597325872696,1.0,1.064853835725215,,0.2,True,,,,,0.99778,diagonal,gaussian,,,,,,,,
noise,0.3656,False,0.3808582791543197,19.445690035281384,1.4031286506297167,1.0,32.493824577517046,,0.3,,,,student_t,3.0,,,,,,,,,,,
gaussian,,,0.1245895321653772,0.4669231773707246,0.7420148703315451,1.0,1.330809163043482,,0.2,False,,,,,0.40119,identity,gaussian,,,,,,,,
noise,0.01777,True,0.0,0.0281969118302235,0.322177128656876,1.0,1.0630500100131168,,0.2,,,,normal,0.0,,,,,,,,,,,
gaussian,,,0.1072937055327026,0.405818931212019,0.6059449303224147,1.0,1.2561230807681405,,0.2,True,,,,,0.26249,identity,gaussian,,,,,,,,
noise,0.18379,False,0.3817220532046004,12.165314194524518,1.3838703946558202,1.0,16.480973634625144,,0.2,,,,normal,0.0,,,,,,,,,,,
gaussian,,,0.0084117658512565,0.0393483978368335,0.7183558374449114,1.0,1.0935509593366548,,0.3,True,,,,,0.29673,identity,rank_gauss,,,,,,,,
noise,0.0215,False,0.2606359136062949,1.0894705161863338,0.9933323630138144,1.0,2.391010854329819,,0.2,,,,student_t,5.0,,,,,,,,,,,
gaussian,,,0.0088963293249254,0.0393599964150069,0.5665860779005495,1.0,1.0942022659299475,,0.3,True,,,,,0.16053,identity,rank_gauss,,,,,,,,
noise,0.07304,True,0.0,0.0289027056417586,0.3224910095671654,1.0,1.0656774056328069,,0.2,,,,student_t,5.0,,,,,,,,,,,
gaussian,,,0.0062125255973636,0.039294422202109,0.4754866071329129,1.0,1.0949434155216202,,0.3,True,,,,,0.07293,diagonal,rank_gauss,,,,,,,,
noise,0.09098,False,0.3800790086296999,5.878004817674837,1.359064460061728,1.0,8.332050947035865,,0.2,,,,normal,0.0,,,,,,,,,,,
gaussian,,,0.1557617052034766,0.5643428357048721,1.0189566693381449,1.0,1.4405870648207793,,0.2,True,,,,,0.65938,identity,gaussian,,,,,,,,
noise,0.12714,False,0.380747756540455,8.32674344107031,1.3752387385941915,1.0,11.501476501206373,,0.2,,,,normal,0.0,,,,,,,,,,,
gaussian,,,0.0120133588917319,0.0392142265744986,1.1281269321666532,1.0,1.0927345642920514,,0.3,True,,,,,0.69532,diagonal,rank_gauss,,,,,,,,
noise,0.18224,True,0.0002756012759373,0.0418226147034986,0.3190797542149242,1.0,1.0812616587574482,,0.2,,,,normal,0.0,,,,,,,,,,,
gaussian,,,0.0113006705865933,0.0393167428046211,0.9607783281503318,1.0,1.0932496498918984,,0.3,False,,,,,0.52569,diagonal,rank_gauss,,,,,,,,
noise,0.07528,True,0.0,0.0290910619096975,0.3202579437996562,1.0,1.066043534848238,,0.2,,,,normal,0.0,,,,,,,,,,,
gaussian,,,0.0587774278638889,0.2596934178226426,0.8129535374128971,1.0,1.0658564163002946,,0.2,True,,,,,0.54098,diagonal,gaussian,,,,,,,,
noise,0.48922,False,0.3829267781390925,29.14104357040826,1.4021298159348805,1.0,43.99774721661942,,0.3,,,,student_t,4.0,,,,,,,,,,,
gaussian,,,0.1581911477231046,0.5284974399413997,0.912923087640558,1.0,1.4015773947637868,,0.2,False,,,,,0.56037,identity,gaussian,,,,,,,,
noise,0.17102,True,0.000641904278694,0.0395486405109211,0.3188346878401167,1.0,1.0790876592934031,,0.2,,,,normal,0.0,,,,,,,,,,,
gaussian,,,0.1169716532697741,0.4407101973800465,0.6748210827242506,1.0,1.299423377962503,,0.2,False,,,,,0.33829,identity,gaussian,,,,,,,,
noise,0.10615,False,0.3818872487774532,6.742695930896588,1.3756772708223008,1.0,9.744151973837427,,0.2,,,,student_t,10.0,,,,,,,,,,,
gaussian,,,0.0110918542387562,0.0389834522988789,1.300944433076599,1.0,1.0915982992369793,,0.3,False,,,,,0.88164,diagonal,rank_gauss,,,,,,,,
noise,0.09587,False,0.3787565008525959,5.740891723446989,1.362362360342909,1.0,8.888038546920987,,0.2,,,,student_t,5.0,,,,,,,,,,,
gaussian,,,0.0120834607085198,0.0393786702210129,0.8644870176877771,1.0,1.0939707671018664,,0.3,True,,,,,0.43241,diagonal,rank_gauss,,,,,,,,
noise,0.01661,True,7.959696193415855e-05,0.0281935850486214,0.3222142890042626,1.0,1.0630274554406287,,0.2,,,,normal,0.0,,,,,,,,,,,
gaussian,,,0.0141859980883659,0.0390211408317262,1.2832862256578632,1.0,1.0917660206223778,,0.3,True,,,,,0.86205,identity,rank_gauss,,,,,,,,
noise,0.01101,True,0.0,0.0281791301473795,0.3226270966573447,1.0,1.0628985462603526,,0.3,,,,student_t,3.0,,,,,,,,,,,
gaussian,,,0.0099194267052661,0.0390483561764671,1.2698764666995346,1.0,1.0919108114792888,,0.3,True,,,,,0.84733,identity,rank_gauss,,,,,,,,
noise,0.04023,True,0.0002812800725446,0.028321447816696,0.3214356069922667,1.0,1.0637819751936424,,0.2,,,,normal,0.0,,,,,,,,,,,
gaussian,,,0.1897436182808937,0.6571636368635168,1.296659723674988,1.0,1.528181096622918,,0.2,False,,,,,0.91752,identity,gaussian,,,,,,,,
noise,0.01049,False,0.1282113256111106,0.4760773168395453,0.616066546896721,1.0,1.5448237965130425,,0.2,,,,normal,0.0,,,,,,,,,,,
gaussian,,,0.0084091460454162,0.0393426823093713,0.644911089480538,1.0,1.0934350025952366,,0.3,False,,,,,0.23103,diagonal,rank_gauss,,,,,,,,
noise,0.29309,True,0.0015474815479303,0.061584242092008,0.3354170650634783,1.0,1.105536621847058,,0.2,,,,student_t,3.0,,,,,,,,,,,
gaussian,,,0.0611102192870556,0.2603685284039704,0.4744446933752108,1.0,1.0665042107422793,,0.2,True,,,,,0.20147,diagonal,gaussian,,,,,,,,
noise,0.0307,False,0.3275979677528318,1.73958376655603,1.1601509909320276,1.0,3.151864806275752,,0.2,,,,student_t,8.0,,,,,,,,,,,
gaussian,,,0.0098134611662621,0.0392537160763607,1.0637099058686503,1.0,1.09288863873974,,0.3,True,,,,,0.6285,diagonal,rank_gauss,,,,,,,,
noise,0.43661,True,0.0111617742498489,0.1322539912382245,0.3809944979225357,1.0,1.1632740651225082,,0.2,,,,normal,0.0,,,,,,,,,,,
gaussian,,,0.0096238673959403,0.0393718524318442,0.788886715837728,1.0,1.093733511996156,,0.3,False,,,,,0.36118,diagonal,rank_gauss,,,,,,,,
noise,0.0106,False,0.1287222356950375,0.4829290384356026,0.6211512439869887,1.0,1.552455441488544,,0.2,,,,normal,0.0,,,,,,,,,,,
gaussian,,,0.082380384728286,0.3458803554491234,0.487766871193856,1.0,1.181187858703286,,0.3,True,,,,,0.14249,identity,gaussian,,,,,,,,
noise,0.30719,False,0.3836502283131303,20.530792986113106,1.3885966457379113,1.0,27.346040490308223,,0.3,,,,normal,0.0,,,,,,,,,,,
gaussian,,,0.1714258312834511,0.6147549385659297,1.1720703432408337,1.0,1.491463326856609,,0.2,False,,,,,0.80249,identity,gaussian,,,,,,,,
noise,0.00849,True,0.0002355176394326,0.0281705640318729,0.3229335435641733,1.0,1.0629837870586565,,0.2,,,,student_t,10.0,,,,,,,,,,,
gaussian,,,0.0532608543972068,0.2603625018977861,0.4788998822179249,1.0,1.066495972119364,,0.2,False,,,,,0.20785,diagonal,gaussian,,,,,,,,
noise,0.01636,True,0.0,0.0281845338094503,0.3225806681261932,1.0,1.0629580206464977,,0.2,,,,student_t,3.0,,,,,,,,,,,
gaussian,,,0.0110206212746917,0.0392210950019635,1.118683347796792,1.0,1.0927609798770126,,0.3,False,,,,,0.68537,identity,rank_gauss,,,,,,,,
noise,0.04603,True,0.0,0.0282716958066318,0.3226007166663767,1.0,1.0639498245298653,,0.2,,,,student_t,5.0,,,,,,,,,,,
noise,0.19193,True,0.0005041642863371,0.0439204831837762,0.319399503305095,1.0,1.0832464245460154,,0.2,,,,normal,0.0,,,,,,,,,,,
gaussian,,,0.0101225535121196,0.0393079054515551,0.9644457215275378,1.0,1.0931757024955198,,0.3,False,,,,,0.52917,diagonal,rank_gauss,,,,,,,,
noise,0.14032,True,0.0006530275111339,0.0349460857626503,0.3265828484553617,1.0,1.074921866303696,,0.2,,,,student_t,10.0,,,,,,,,,,,
noise,0.03246,False,0.3325258336831351,1.7672867572416808,1.169259579571824,1.0,3.3062140064918646,,0.2,,,,student_t,5.0,,,,,,,,,,,
gaussian,,,0.0559449767292992,0.2603928615109813,0.450966228904511,1.0,1.06654490718593,,0.2,True,,,,,0.16429,diagonal,gaussian,,,,,,,,
noise,0.06469,True,0.0,0.028744593723621,0.3241867018785506,1.0,1.0657494978986817,,0.2,,,,student_t,10.0,,,,,,,,,,,
noise,0.01183,True,0.0,0.0281823816543147,0.3223659771494337,1.0,1.0629503280752348,,0.2,,,,normal,0.0,,,,,,,,,,,
gaussian,,,0.0111382127155035,0.0392826479058617,1.011609468807555,1.0,1.0929915404349415,,0.3,True,,,,,0.57578,identity,rank_gauss,,,,,,,,
noise,0.06105,True,0.0,0.0286550133381818,0.320730351214665,1.0,1.064961213058005,,0.2,,,,normal,0.0,,,,,,,,,,,
gaussian,,,0.0559992736053784,0.2604290641266393,0.4200875130499591,1.0,1.0666042157199829,,0.2,False,,,,,0.09404,diagonal,gaussian,,,,,,,,
noise,0.07578,True,0.0,0.0291104401441953,0.3202417133438301,1.0,1.0660856354144492,,0.2,,,,normal,0.0,,,,,,,,,,,
noise,0.09679,False,0.3798428007819316,5.798705707786924,1.3629540572119585,1.0,8.970071726996622,,0.2,,,,student_t,5.0,,,,,,,,,,,
gaussian,,,0.1404174770932502,0.4941759998011671,0.8155700368907854,1.0,1.3626315935849362,,0.2,True,,,,,0.46966,identity,gaussian,,,,,,,,
noise,0.01278,True,0.0,0.0281855598337403,0.322336018360861,1.0,1.0629636301864045,,0.2,,,,normal,0.0,,,,,,,,,,,
gaussian,,,0.1913380388611723,0.6677406771089923,1.3276854444974893,1.0,1.5366698839027293,,0.2,False,,,,,0.94578,identity,gaussian,,,,,,,,
noise,0.05438,True,0.0,0.0285182714512203,0.3209560454000965,1.0,1.0645310685493992,,0.2,,,,normal,0.0,,,,,,,,,,,
gaussian,,,0.0075771108995548,0.039350050080134,0.746752078514287,1.0,1.0935030116572293,,0.3,True,,,,,0.32269,diagonal,rank_gauss,,,,,,,,
noise,0.01743,False,0.2535582826405459,0.9234954382760048,0.8828964576343835,1.0,2.0583861298403083,,0.2,,,,normal,0.0,,,,,,,,,,,
gaussian,,,0.0100416203012069,0.0393697141615504,0.8726888497981284,1.0,1.0938975466690497,,0.3,False,,,,,0.44033,identity,rank_gauss,,,,,,,,
noise,0.01736,True,0.0,0.0281958860232708,0.3221902780774244,1.0,1.0630418668983863,,0.2,,,,normal,0.0,,,,,,,,,,,
gaussian,,,0.0532058747906774,0.2603835673602927,0.4633809851456399,1.0,1.066524561391018,,0.2,False,,,,,0.18481,diagonal,gaussian,,,,,,,,
noise,0.00672,True,0.0,0.0281748692582688,0.3226702434738778,1.0,1.0628703437515536,,0.2,,,,student_t,3.0,,,,,,,,,,,
noise,0.05747,True,8.924876209270849e-05,0.0285784416846774,0.3208513181204426,1.0,1.0647242100244696,,0.2,,,,normal,0.0,,,,,,,,,,,
gaussian,,,0.0633340455222402,0.25945216048967,0.9517989204184708,1.0,1.0655685642698964,,0.2,True,,,,,0.65654,diagonal,gaussian,,,,,,,,
noise,0.06115,True,0.0003379212647897,0.0285496610835448,0.3225348446807748,1.0,1.064817555874355,,0.2,,,,student_t,5.0,,,,,,,,,,,
gaussian,,,0.0114012943038781,0.0393414333623359,0.941439499860356,1.0,1.093500284321625,,0.3,False,,,,,0.50695,identity,rank_gauss,,,,,,,,
noise,0.25659,True,0.0016722561556209,0.0608685338005163,0.3247913119990191,1.0,1.0989667954810427,,0.2,,,,normal,0.0,,,,,,,,,,,
gaussian,,,0.1894494084523404,0.6480664916291066,1.2699181572818947,1.0,1.5206557741249036,,0.2,True,,,,,0.89302,identity,gaussian,,,,,,,,
noise,0.03527,False,0.3555627952267723,2.1150987099850878,1.195347263732457,1.0,3.5150079146444653,,0.2,,,,normal,0.0,,,,,,,,,,,
noise,0.13712,True,0.0,0.0339397470393408,0.3187701783657807,1.0,1.0733327827240924,,0.2,,,,normal,0.0,,,,,,,,,,,
gaussian,,,0.0490156167942769,0.2603923298619419,0.448163267035841,1.0,1.0665495250766484,,0.2,False,,,,,0.1593,diagonal,gaussian,,,,,,,,
noise,0.10155,True,0.0,0.030463905018809,0.3194678098257924,1.0,1.068628455428823,,0.2,,,,normal,0.0,,,,,,,,,,,
gaussian,,,0.0061341362488808,0.0393167934998864,0.506465347496204,1.0,1.0946289422155684,,0.3,False,,,,,0.1027,diagonal,rank_gauss,,,,,,,,
noise,0.03035,False,0.33104585914717,1.739761035274363,1.1423371793988195,1.0,3.126477536181011,,0.3,,,,student_t,10.0,,,,,,,,,,,
gaussian,,,0.1992532562650641,0.6858738251536608,1.381151464256159,1.0,1.5506867038947902,,0.2,False,,,,,0.99399,identity,gaussian,,,,,,,,
noise,0.04231,False,0.3588914806994621,2.5251823268801137,1.2485121118662192,1.0,4.144758970961404,,0.2,,,,student_t,10.0,,,,,,,,,,,
gaussian,,,0.0727757149693633,0.259051304337396,1.1884369673651356,1.0,1.0651309985211164,,0.2,False,,,,,0.84533,diagonal,gaussian,,,,,,,,
noise,0.00542,True,0.0,0.0281846613002117,0.3225655785305373,1.0,1.0628868541928622,,0.2,,,,normal,0.0,,,,,,,,,,,
gaussian,,,0.0169347779825806,0.0387738179478286,1.4041633424873772,1.0,1.0910347560321343,,0.3,True,,,,,0.99705,diagonal,rank_gauss,,,,,,,,
noise,0.24822,False,0.3817495094125986,16.532736553890818,1.3872126157053468,1.0,22.152301459265,,0.3,,,,normal,0.0,,,,,,,,,,,
gaussian,,,0.0563236803506688,0.2722285486645627,0.4115208770397697,1.0,1.0846168072859974,,0.2,False,,,,,0.02067,identity,gaussian,,,,,,,,
noise,0.03289,False,0.3438210853165066,1.881703465969337,1.1859877244328054,1.0,3.336868833755753,,0.2,,,,student_t,8.0,,,,,,,,,,,
gaussian,,,0.06918681223588,0.2981635219499268,0.4277497922363161,1.0,1.1199912908920258,,0.2,True,,,,,0.06107,identity,gaussian,,,,,,,,
noise,0.00578,False,0.0311569871825658,0.1940941382796506,0.3962680540062937,1.0,1.2482636053894085,,0.2,,,,student_t,8.0,,,,,,,,,,,
noise,0.38538,False,0.3821139207552901,25.832270076660297,1.3894662240349367,1.0,34.23454286657518,,0.3,,,,normal,0.0,,,,,,,,,,,
gaussian,,,0.0069756305487806,0.0392991589712176,0.4913395498091256,1.0,1.0947121164632176,,0.3,True,,,,,0.08814,identity,rank_gauss,,,,,,,,
noise,0.0105,False,0.0838235942090371,0.358483421201987,0.5973025042818111,1.0,1.5141172002750014,,0.2,,,,student_t,3.0,,,,,,,,,,,
gaussian,,,0.0943946367181981,0.3711896412255646,0.5327256439334668,1.0,1.2130297452597945,,0.2,False,,,,,0.19072,identity,gaussian,,,,,,,,
noise,0.23722,False,0.382975687497208,15.787028927951322,1.386828930889082,1.0,21.18372894208655,,0.3,,,,normal,0.0,,,,,,,,,,,
gaussian,,,0.0125828338149425,0.0392575808756839,1.0616829669005785,1.0,1.0929120070336684,,0.3,False,,,,,0.62649,identity,rank_gauss,,,,,,,,
noise,0.21619,True,0.0006587855125186,0.0496696571896654,0.3207039334794098,1.0,1.0886439366315457,,0.2,,,,normal,0.0,,,,,,,,,,,
gaussian,,,0.0124918516299269,0.0389772887653652,1.3031022095208975,1.0,1.0915761630456071,,0.3,False,,,,,0.88402,diagonal,rank_gauss,,,,,,,,
noise,0.0267,True,0.0001540300405807,0.028178238302606,0.323350202753515,1.0,1.0634987183418372,,0.2,,,,student_t,10.0,,,,,,,,,,,
gaussian,,,0.01306500580274,0.0389402854522143,1.3318772153404446,1.0,1.091500591135173,,0.3,False,,,,,0.91604,identity,rank_gauss,,,,,,,,
noise,0.00731,True,0.0,0.0281820699218186,0.3225071931451494,1.0,1.0629008105380282,,0.2,,,,normal,0.0,,,,,,,,,,,
gaussian,,,0.0857643125936786,0.3529764893199246,0.4995503376524834,1.0,1.1901460721569366,,0.2,False,,,,,0.15565,identity,gaussian,,,,,,,,
noise,0.23213,False,0.3816668502588902,15.441983283815228,1.3866344144484766,1.0,20.73557948804108,,0.3,,,,normal,0.0,,,,,,,,,,,
gaussian,,,0.009161734621686,0.0393394813626644,0.6803310126362274,1.0,1.0933526139539242,,0.3,True,,,,,0.26208,identity,rank_gauss,,,,,,,,
noise,0.01776,False,0.2466596585912217,0.9217622289427814,0.8943958846435838,1.0,2.097499934839462,,0.2,,,,student_t,10.0,,,,,,,,,,,
gaussian,,,0.0096437458381496,0.0392714577183464,1.0481459745197437,1.0,1.0930182169389633,,0.3,False,,,,,0.61258,identity,rank_gauss,,,,,,,,
noise,0.05246,False,0.3720908806229447,3.273091297233844,1.294267912265228,1.0,4.981991835487619,,0.2,,,,normal,0.0,,,,,,,,,,,
gaussian,,,0.009514944600793,0.0392762564473338,1.042973558186952,1.0,1.0930479723335793,,0.3,False,,,,,0.60732,identity,rank_gauss,,,,,,,,
noise,0.4794,False,0.3814731451778084,31.155628374300782,1.4177511371277232,1.0,42.96115248805129,,0.3,,,,student_t,8.0,,,,,,,,,,,
gaussian,,,0.0073543397643259,0.0392815744727595,0.4144191486177869,1.0,1.0955403097412226,,0.3,True,,,,,0.01017,identity,rank_gauss,,,,,,,,
noise,0.02199,False,0.2898785496544662,1.22547241705701,1.0021183559220872,1.0,2.418510573307728,,0.2,,,,normal,0.0,,,,,,,,,,,
noise,0.23211,False,0.3818913136080126,14.310472450965264,1.387520615855729,1.0,21.08635100015899,,0.3,,,,student_t,5.0,,,,,,,,,,,
gaussian,,,0.1761153842968103,0.551671722897375,0.9808675680043693,1.0,1.4269502070815008,,0.2,True,,,,,0.6238,identity,gaussian,,,,,,,,
noise,0.03297,False,0.3467107116709468,1.9605806578004732,1.1727964309872732,1.0,3.3218102619144405,,0.2,,,,normal,0.0,,,,,,,,,,,
noise,0.0689,True,5.008673841533362e-05,0.028869203580178,0.3204675693344751,1.0,1.0655305801311148,,0.2,,,,normal,0.0,,,,,,,,,,,
gaussian,,,0.0134140620389331,0.0392150807098985,1.1249644950219648,1.0,1.0927318457499946,,0.3,False,,,,,0.69195,diagonal,rank_gauss,,,,,,,,
noise,0.2672,True,0.0020576402150452,0.0641410858561512,0.326322950484802,1.0,1.1019481737942656,,0.2,,,,normal,0.0,,,,,,,,,,,
gaussian,,,0.0063386245955062,0.0393468316506534,0.6070765460673397,1.0,1.0936857370969684,,0.2,True,,,,,0.19714,diagonal,rank_gauss,,,,,,,,
noise,0.27256,True,0.002171057615885,0.0660677369264362,0.3416831543967493,1.0,1.1053489130130347,,0.2,,,,student_t,10.0,,,,,,,,,,,
gaussian,,,0.0610613218423384,0.260170004802072,0.5784217862681466,1.0,1.0663285702584888,,0.2,False,,,,,0.32515,diagonal,gaussian,,,,,,,,
noise,0.03259,False,0.3457582501510022,1.9350644498144844,1.168746024038531,1.0,3.289991189168815,,0.2,,,,normal,0.0,,,,,,,,,,,
gaussian,,,0.0565251498474255,0.259870806985939,0.7112022940857459,1.0,1.0660688636957592,,0.2,False,,,,,0.45213,diagonal,gaussian,,,,,,,,
noise,0.01328,False,0.1849759861366867,0.6530785243730486,0.7369537238288606,1.0,1.744404838093334,,0.2,,,,normal,0.0,,,,,,,,,,,
gaussian,,,0.0060143705937751,0.0393483001208577,0.6583244961574841,1.0,1.0933788999621614,,0.3,False,,,,,0.24279,identity,rank_gauss,,,,,,,,
noise,0.07834,True,0.0,0.0290102429324491,0.3219910165928417,1.0,1.0658480699295927,,0.3,,,,student_t,3.0,,,,,,,,,,,
gaussian,,,0.0092520293721946,0.0393554812567708,0.7522967131198368,1.0,1.0935040731040329,,0.3,True,,,,,0.32779,diagonal,rank_gauss,,,,,,,,
noise,0.1881,False,0.3811856568343572,9.861814355299796,1.3971191798757252,1.0,16.82497721987858,,0.3,,,,student_t,3.0,,,,,,,,,,,
noise,0.10522,True,0.0001583688543341,0.030727582188701,0.3193713775316016,1.0,1.0690499449511544,,0.2,,,,normal,0.0,,,,,,,,,,,
gaussian,,,0.0597158526163867,0.2597778712072426,0.7597547839375234,1.0,1.0659639997324486,,0.2,False,,,,,0.49511,diagonal,gaussian,,,,,,,,
noise,0.23997,False,0.3809819149349306,14.14609137549921,1.3979624624644091,1.0,21.70786125174939,,0.2,,,,student_t,4.0,,,,,,,,,,,
gaussian,,,0.0115510900907124,0.0391097938430778,1.244445673687396,1.0,1.0922849579887923,,0.3,True,,,,,0.81961,identity,rank_gauss,,,,,,,,
noise,0.13662,False,0.3811218530325033,8.968915331614209,1.3774706641157055,1.0,12.333932015233124,,0.2,,,,normal,0.0,,,,,,,,,,,
gaussian,,,0.0126933405564567,0.0392007386930293,1.1536148597350302,1.0,1.09274895228903,,0.3,False,,,,,0.7221,diagonal,rank_gauss,,,,,,,,
noise,0.00881,True,0.0002909760384908,0.028175150274835,0.3226496551682916,1.0,1.0628814275272125,,0.2,,,,student_t,3.0,,,,,,,,,,,
noise,0.0078,False,0.0526360165576479,0.2741468593114917,0.4937161514982114,1.0,1.3645277594313658,,0.2,,,,student_t,4.0,,,,,,,,,,,
gaussian,,,0.0158325018029531,0.0391088429165614,1.2448947492032916,1.0,1.0922787587902552,,0.3,False,,,,,0.8201,identity,rank_gauss,,,,,,,,
noise,0.01467,True,0.0,0.028131904721399,0.3222874457550824,1.0,1.063010166369017,,0.2,,,,student_t,8.0,,,,,,,,,,,
gaussian,,,0.1724453857181171,0.6138624862647065,1.1693865265096477,1.0,1.4906260778534954,,0.2,True,,,,,0.79999,identity,gaussian,,,,,,,,
noise,0.22072,True,0.0017275114936317,0.0508216670216826,0.3210353478972582,1.0,1.0897192050775188,,0.2,,,,normal,0.0,,,,,,,,,,,
noise,0.10574,True,0.0,0.0307666700170145,0.3193580737089264,1.0,1.069110858892313,,0.2,,,,normal,0.0,,,,,,,,,,,
gaussian,,,0.0097352145761006,0.0392975167540327,0.9717412809747192,1.0,1.0930938977420517,,0.3,False,,,,,0.53633,identity,rank_gauss,,,,,,,,
noise,0.02111,True,0.0,0.0282057229689298,0.322069407042518,1.0,1.063123320894794,,0.2,,,,normal,0.0,,,,,,,,,,,
gaussian,,,0.0072484478060015,0.0393389504456122,0.6771509747170528,1.0,1.0933480145248953,,0.3,False,,,,,0.25931,diagonal,rank_gauss,,,,,,,,
noise,0.21246,False,0.3815153206702308,13.78122410082256,1.3969714163734757,1.0,19.175266532690493,,0.3,,,,student_t,10.0,,,,,,,,,,,
gaussian,,,0.1745251939272967,0.5996244184080882,1.12617050316213,1.0,1.476876132588389,,0.2,True,,,,,0.75967,identity,gaussian,,,,,,,,
noise,0.45558,False,0.3806999836442141,29.88573173145818,1.4024711923311672,1.0,40.79326103468197,,0.3,,,,student_t,10.0,,,,,,,,,,,
gaussian,,,0.0612780535310281,0.2602605820959831,0.5353065961641945,1.0,1.0663930902997136,,0.2,True,,,,,0.27846,diagonal,gaussian,,,,,,,,
noise,0.0483,True,0.0,0.0284126341813599,0.3211624229407356,1.0,1.0641819586879324,,0.2,,,,normal,0.0,,,,,,,,,,,
gaussian,,,0.0088858493391319,0.0393511771110619,0.6947865674470184,1.0,1.0934960054928995,,0.3,False,,,,,0.27528,identity,rank_gauss,,,,,,,,
noise,0.38213,True,0.0052356454345497,0.0996031377271543,0.3669222189298528,1.0,1.1387385112870865,,0.2,,,,student_t,5.0,,,,,,,,,,,
noise,0.47189,True,0.0187271176922271,0.1491560582683822,0.3990995554082891,1.0,1.178889998526463,,0.2,,,,normal,0.0,,,,,,,,,,,
noise,0.00616,True,0.0,0.0281614340627532,0.3227258377061442,1.0,1.0628771718954364,,0.2,,,,student_t,5.0,,,,,,,,,,,
noise,0.04634,True,0.0002999299126521,0.0287432372594608,0.3236140199603692,1.0,1.0644790685906165,,0.2,,,,student_t,4.0,,,,,,,,,,,
gaussian,,,0.0115856700384419,0.0391286157424442,1.2253827117275784,1.0,1.092448896939941,,0.3,True,,,,,0.79886,identity,rank_gauss,,,,,,,,
noise,0.02746,False,0.3256756380546842,1.5506630223807665,1.1025697119209217,1.0,2.884927180818809,,0.2,,,,student_t,10.0,,,,,,,,,,,
gaussian,,,0.0112511676704186,0.039229913834543,1.1035332311321986,1.0,1.09280615215502,,0.3,False,,,,,0.66951,diagonal,rank_gauss,,,,,,,,
noise,0.43845,True,0.0127205521175044,0.1331176589966214,0.3818907789096758,1.0,1.164066936710488,,0.2,,,,normal,0.0,,,,,,,,,,,
gaussian,,,0.0085916676530821,0.0393771593092566,0.765799876106126,1.0,1.0936134673010325,,0.3,False,,,,,0.34021,identity,rank_gauss,,,,,,,,
noise,0.15797,False,0.3823780922360488,10.415502619626276,1.3811030524723866,1.0,14.210128828118815,,0.3,,,,normal,0.0,,,,,,,,,,,
gaussian,,,0.0089563853353341,0.0393824787702181,0.8486566667590153,1.0,1.0940183749993475,,0.3,False,,,,,0.4174,identity,rank_gauss,,,,,,,,
noise,0.01487,False,0.2158579734136282,0.7559990025371107,0.7976622318014402,1.0,1.862728013495201,,0.2,,,,normal,0.0,,,,,,,,,,,
gaussian,,,0.0630330043280781,0.2590495372797833,1.1892019100101314,1.0,1.0651296161494883,,0.2,True,,,,,0.84593,diagonal,gaussian,,,,,,,,
noise,0.28834,True,0.0015549650000233,0.0710956527692564,0.3299979205277766,1.0,1.1082150199723302,,0.2,,,,normal,0.0,,,,,,,,,,,
gaussian,,,0.0175822235690018,0.0387719053739572,1.405215546743838,1.0,1.0910348284877192,,0.3,True,,,,,0.99827,identity,rank_gauss,,,,,,,,
noise,0.09121,False,0.3800426953767156,5.754314887707619,1.3658871995353734,1.0,8.424043732278946,,0.2,,,,student_t,10.0,,,,,,,,,,,
noise,0.01046,False,0.1240683395870742,0.4742109468018904,0.6146755368374245,1.0,1.5427459664803105,,0.2,,,,normal,0.0,,,,,,,,,,,
noise,0.10859,True,0.0003354595065132,0.0309894009073587,0.3192868338815694,1.0,1.0694499705912963,,0.2,,,,normal,0.0,,,,,,,,,,,
gaussian,,,0.0651682298320607,0.2592042366697568,1.404210665953755,1.0,1.0648478973723456,,0.2,True,,,,,0.99288,diagonal,gaussian,,,,,,,,
noise,0.30161,False,0.3823939719985881,20.15247092935858,1.388504298160333,1.0,26.8545163814607,,0.3,,,,normal,0.0,,,,,,,,,,,
gaussian,,,0.0665155625440141,0.2592110198469037,1.2950428234265188,1.0,1.064749080584314,,0.3,True,,,,,0.90878,diagonal,gaussian,,,,,,,,
noise,0.08154,True,0.0,0.0291205956156141,0.3219639576638169,1.0,1.0661075361843722,,0.2,,,,student_t,3.0,,,,,,,,,,,
gaussian,,,0.0155087972971454,0.038805170651951,1.3877177038321786,1.0,1.0910609548584558,,0.3,False,,,,,0.97854,diagonal,rank_gauss,,,,,,,,
noise,0.38087,False,0.3818973383827331,23.67390829137181,1.3904464343558531,1.0,34.435375162986524,,0.3,,,,student_t,5.0,,,,,,,,,,,
noise,0.00688,True,0.0,0.0281826669575325,0.3225205113611284,1.0,1.0628972855338907,,0.2,,,,normal,0.0,,,,,,,,,,,
gaussian,,,0.0629389648672712,0.2592045909057804,1.304847758509554,1.0,1.0647572361067543,,0.2,True,,,,,0.91636,diagonal,gaussian,,,,,,,,
noise,0.0094,True,0.0,0.0281761437936422,0.3226436941705727,1.0,1.0628854697869023,,0.2,,,,student_t,3.0,,,,,,,,,,,
gaussian,,,0.0100546451622075,0.0393513368721023,0.9179316420078896,1.0,1.093650459568407,,0.3,True,,,,,0.48421,identity,rank_gauss,,,,,,,,
noise,0.26074,True,0.001301230610016,0.0621314161861174,0.3253661873045403,1.0,1.1001195174578793,,0.2,,,,normal,0.0,,,,,,,,,,,
gaussian,,,0.006503036105537,0.0392825352659856,0.4203569374247482,1.0,1.0954877712566584,,0.3,True,,,,,0.01657,identity,rank_gauss,,,,,,,,
noise,0.01751,True,0.0,0.0281657148085302,0.3231427603899199,1.0,1.063193086223412,,0.2,,,,student_t,10.0,,,,,,,,,,,
noise,0.01771,True,0.0,0.0281658693181471,0.3231473322416058,1.0,1.063198745258837,,0.2,,,,student_t,10.0,,,,,,,,,,,
gaussian,,,0.1765631572040868,0.5940804206747078,1.109307739553639,1.0,1.4713726147974158,,0.2,False,,,,,0.74391,identity,gaussian,,,,,,,,
noise,0.05842,True,0.0,0.0284842117576105,0.3221814969263397,1.0,1.0644754376410035,,0.2,,,,student_t,3.0,,,,,,,,,,,
noise,0.18162,False,0.3810710259776315,12.018238036778436,1.3836861055135228,1.0,16.290066548131726,,0.3,,,,normal,0.0,,,,,,,,,,,
gaussian,,,0.0126110712119132,0.0391682131039046,1.198447792153858,1.0,1.0927173233510126,,0.3,False,,,,,0.76964,identity,rank_gauss,,,,,,,,
noise,0.00766,False,0.0424991051382896,0.2671561830878859,0.4872363019603242,1.0,1.355853231762271,,0.2,,,,student_t,4.0,,,,,,,,,,,
noise,0.02246,True,0.0,0.0282086976128653,0.3220255721284335,1.0,1.063156477728222,,0.2,,,,normal,0.0,,,,,,,,,,,
gaussian,,,0.0811478985852939,0.3388033035819403,0.4767098291744949,1.0,1.1722343727954927,,0.2,True,,,,,0.12966,identity,gaussian,,,,,,,,
noise,0.07164,False,0.3786510760949005,4.569163119301175,1.3386166912884676,1.0,6.644163003543746,,0.2,,,,normal,0.0,,,,,,,,,,,
gaussian,,,0.1851547467460159,0.6267365826670936,1.207426256876612,1.0,1.5023104766075952,,0.2,False,,,,,0.83535,identity,gaussian,,,,,,,,
noise,0.02581,False,0.3083440515307556,1.4231065898986608,1.0870923009164908,1.0,2.7434119477164907,,0.2,,,,student_t,8.0,,,,,,,,,,,
gaussian,,,0.1554244239905521,0.5420957407235912,0.9525023343984728,1.0,1.4165253427757027,,0.2,False,,,,,0.59731,identity,gaussian,,,,,,,,
noise,0.00582,True,0.0,0.0281843049822823,0.3225532549143535,1.0,1.062889475879229,,0.2,,,,normal,0.0,,,,,,,,,,,
noise,0.25144,False,0.3821761327548665,16.75103317436188,1.3873164323917924,1.0,22.435847700001936,,0.3,,,,normal,0.0,,,,,,,,,,,
gaussian,,,0.0631773817904693,0.2591823794235489,1.3567147218223,1.0,1.0648042133666027,,0.2,False,,,,,0.95638,diagonal,gaussian,,,,,,,,
noise,0.01351,False,0.1744613555419579,0.6408193677321778,0.748778064592506,1.0,1.7660108588626884,,0.2,,,,student_t,8.0,,,,,,,,,,,
gaussian,,,0.0105248786324089,0.0392969037140307,0.9722031400923072,1.0,1.0930885867438165,,0.3,True,,,,,0.53679,identity,rank_gauss,,,,,,,,
noise,0.23788,False,0.3800337366507182,15.464928282033052,1.3983841924183087,1.0,21.43417255555827,,0.3,,,,student_t,10.0,,,,,,,,,,,
gaussian,,,0.0167692673504002,0.0389040138803766,1.3429725427094557,1.0,1.0913846992087646,,0.3,False,,,,,0.92836,diagonal,rank_gauss,,,,,,,,
noise,0.28607,True,0.0037013487840038,0.0703217016296276,0.329562375042208,1.0,1.1075218455204068,,0.2,,,,normal,0.0,,,,,,,,,,,
gaussian,,,0.0600208956718314,0.2593511350748536,0.9982721848604964,1.0,1.0654773217310969,,0.2,False,,,,,0.69422,diagonal,gaussian,,,,,,,,
noise,0.02168,False,0.2933502016491349,1.2048382485109776,0.9951616080860194,1.0,2.3936503568050167,,0.2,,,,normal,0.0,,,,,,,,,,,
gaussian,,,0.0117284077842638,0.0392847764718112,1.019805481466891,1.0,1.092991782160597,,0.3,False,,,,,0.58397,identity,rank_gauss,,,,,,,,
noise,0.40837,True,0.0089118148019989,0.1192842044312758,0.3679654636922094,1.0,1.151413474455102,,0.2,,,,normal,0.0,,,,,,,,,,,
noise,0.3816,True,0.0069751295013111,0.107472711344727,0.3569709786609099,1.0,1.1407307285894643,,0.2,,,,normal,0.0,,,,,,,,,,,
gaussian,,,0.142709053856916,0.5053377596040908,0.8467474390411209,1.0,1.3754628489896743,,0.2,True,,,,,0.49869,identity,gaussian,,,,,,,,
noise,0.01387,False,0.1733388987767443,0.6292076726749509,0.7613775687578143,1.0,1.7913098423117226,,0.3,,,,student_t,5.0,,,,,,,,,,,
gaussian,,,0.1217827272680503,0.4429008398448666,0.6802919394661497,1.0,1.3020786818081131,,0.3,False,,,,,0.34344,identity,gaussian,,,,,,,,
noise,0.15122,False,0.3844177412782983,9.725928380051288,1.3900075634882898,1.0,13.73750897654188,,0.2,,,,student_t,10.0,,,,,,,,,,,
gaussian,,,0.0105284317778042,0.0392814544753924,1.0000904476983683,1.0,1.0930233048433984,,0.3,False,,,,,0.56432,diagonal,rank_gauss,,,,,,,,
noise,0.02782,False,0.3042402787736984,1.4791733954863884,1.1105992752107403,1.0,2.9137779253679303,,0.2,,,,student_t,5.0,,,,,,,,,,,
gaussian,,,0.1541158668147169,0.4998950247058008,0.8314726400927007,1.0,1.369220001385974,,0.2,True,,,,,0.48446,identity,gaussian,,,,,,,,
noise,0.05148,True,0.0,0.0284654426875957,0.3210544711663794,1.0,1.064359435839998,,0.2,,,,normal,0.0,,,,,,,,,,,
gaussian,,,0.0666686421202893,0.2593161808095058,1.1411250043086838,1.0,1.0646323281696422,,0.2,False,,,,,0.78924,diagonal,gaussian,,,,,,,,
noise,0.01286,False,0.1610668087114377,0.6007585970365772,0.7220153069912871,1.0,1.7178812403298234,,0.3,,,,student_t,8.0,,,,,,,,,,,
gaussian,,,0.0545880789951838,0.260156921170569,0.5848585691010847,1.0,1.0663178363723478,,0.2,False,,,,,0.3318,diagonal,gaussian,,,,,,,,
gaussian,,,0.006928316285095,0.0392978974989992,0.4568799872869795,1.0,1.0952312322451714,,0.3,True,,,,,0.0549,diagonal,rank_gauss,,,,,,,,
noise,0.19235,False,0.381396665855946,12.745487527634651,1.384526924928064,1.0,17.234131216884894,,0.3,,,,normal,0.0,,,,,,,,,,,
gaussian,,,0.006242778790511,0.0392978642311913,0.4565160097565549,1.0,1.095235227752536,,0.3,False,,,,,0.05452,identity,rank_gauss,,,,,,,,
gaussian,,,0.0706120252360744,0.2591829783763508,1.3553633702511816,1.0,1.064802652239432,,0.2,True,,,,,0.95534,diagonal,gaussian,,,,,,,,
noise,0.08873,False,0.3800305384204809,5.725676278356804,1.357347244437883,1.0,8.135303671790492,,0.2,,,,normal,0.0,,,,,,,,,,,
gaussian,,,0.0095451548652016,0.039366131158208,0.8183375389290547,1.0,1.0939101443828612,,0.3,True,,,,,0.38875,diagonal,rank_gauss,,,,,,,,
noise,0.1056,False,0.3816447000044333,6.86794305030615,1.3676658062568126,1.0,9.61207213124191,,0.2,,,,normal,0.0,,,,,,,,,,,
noise,0.43532,False,0.3817519067685295,29.218449157802542,1.3897759200677369,1.0,38.63496087041148,,0.3,,,,normal,0.0,,,,,,,,,,,
gaussian,,,0.007655972641903,0.0393825018086471,0.8446229237856617,1.0,1.0940275608137997,,0.3,True,,,,,0.41357,identity,rank_gauss,,,,,,,,
noise,0.13546,True,0.0001414508692901,0.033724528807541,0.3187884960460175,1.0,1.0730826353594722,,0.2,,,,normal,0.0,,,,,,,,,,,
gaussian,,,0.0069322158637313,0.0393756161407523,0.868922140891478,1.0,1.0939352725587197,,0.3,True,,,,,0.43672,identity,rank_gauss,,,,,,,,
noise,0.25657,False,0.3820349935677623,15.849962342142598,1.38837710970729,1.0,23.280498262974582,,0.3,,,,student_t,5.0,,,,,,,,,,,
gaussian,,,0.0038727596146876,0.0392953427200408,0.4542872020393297,1.0,1.0952597584081578,,0.3,False,,,,,0.05222,identity,rank_gauss,,,,,,,,
noise,0.01031,False,0.1139259801817718,0.4463769061391553,0.6080843918490845,1.0,1.535152482803554,,0.2,,,,student_t,8.0,,,,,,,,,,,
noise,0.00606,False,0.0317552038647536,0.2159156869467328,0.4091343181188939,1.0,1.26228433203289,,0.2,,,,normal,0.0,,,,,,,,,,,
gaussian,,,0.009685524000357,0.0393710410951879,0.8718287008982243,1.0,1.093902653981062,,0.3,True,,,,,0.43951,identity,rank_gauss,,,,,,,,
noise,0.03825,False,0.337877810604639,2.031749930155487,1.2230889941289524,1.0,3.786589393178029,,0.2,,,,student_t,4.0,,,,,,,,,,,
gaussian,,,0.0078140988239012,0.0393675882773952,0.8223624818016035,1.0,1.0939395944646264,,0.3,True,,,,,0.39241,identity,rank_gauss,,,,,,,,
noise,0.10048,False,0.3800271242351632,6.521239268384043,1.3650711624037135,1.0,9.163519623540108,,0.2,,,,normal,0.0,,,,,,,,,,,
gaussian,,,0.1328595314209418,0.4931151882099874,0.8126355835289565,1.0,1.3614053589595572,,0.2,False,,,,,0.46693,identity,gaussian,,,,,,,,
noise,0.47883,True,0.0164907440749949,0.1525669652517104,0.4028777945358499,1.0,1.1820615082740278,,0.2,,,,normal,0.0,,,,,,,,,,,
noise,0.06028,True,0.0,0.0285260085558293,0.3221625413117849,1.0,1.0645860445412694,,0.2,,,,student_t,3.0,,,,,,,,,,,
gaussian,,,0.1811769853306568,0.6233666034436524,1.1976083178160972,1.0,1.4993326340713458,,0.2,True,,,,,0.82624,identity,gaussian,,,,,,,,
noise,0.14757,False,0.3803359430170961,9.710810966173586,1.3795404906075213,1.0,13.295995242875218,,0.2,,,,normal,0.0,,,,,,,,,,,
gaussian,,,0.00790421288491,0.0393692695225106,0.7822420384640505,1.0,1.0936645095917912,,0.3,True,,,,,0.35516,identity,rank_gauss,,,,,,,,
noise,0.01063,True,0.0,0.0281786435073867,0.322631057604563,1.0,1.0628951899160444,,0.2,,,,student_t,3.0,,,,,,,,,,,
gaussian,,,0.18009699952379,0.6412034443109803,1.2497400286515057,1.0,1.5148475109212716,,0.2,False,,,,,0.87446,identity,gaussian,,,,,,,,
noise,0.26853,False,0.3817149408188265,17.90966238320353,1.387802211954425,1.0,23.940877105123384,,0.3,,,,normal,0.0,,,,,,,,,,,
gaussian,,,0.0623630702128868,0.2599347278245362,0.6803958854243891,1.0,1.0661342705978043,,0.2,True,,,,,0.42412,diagonal,gaussian,,,,,,,,
noise,0.00506,False,0.0249130507961579,0.164157257115956,0.3712389811106769,1.0,1.208544404588333,,0.2,,,,normal,0.0,,,,,,,,,,,
gaussian,,,0.0132974200628579,0.0390200544130669,1.2838658080962733,1.0,1.091760121244701,,0.3,False,,,,,0.86269,identity,rank_gauss,,,,,,,,
noise,0.02023,True,0.0,0.0281691213896017,0.323204706337974,1.0,1.0632738329865323,,0.2,,,,student_t,10.0,,,,,,,,,,,
gaussian,,,0.0643520771110048,0.2596109418118086,0.87146448479308,1.0,1.0657419716600287,,0.2,True,,,,,0.59031,diagonal,gaussian,,,,,,,,
noise,0.01487,False,0.2067800891491979,0.7378718412977225,0.7998662450416528,1.0,1.8740225968031687,,0.2,,,,student_t,10.0,,,,,,,,,,,
gaussian,,,0.0133462227743164,0.0390694110654141,1.2587289692263397,1.0,1.0920288936720417,,0.3,True,,,,,0.83522,identity,rank_gauss,,,,,,,,
noise,0.00963,False,0.0975250996258412,0.4062285825314714,0.5757661710020041,1.0,1.4884214100221231,,0.2,,,,student_t,8.0,,,,,,,,,,,
gaussian,,,0.1773814760881743,0.5907737456022092,1.099265188382259,1.0,1.4680589388920366,,0.2,False,,,,,0.73452,identity,gaussian,,,,,,,,
noise,0.01781,False,0.2535757687886778,0.9485125174624802,0.8943287797613779,1.0,2.0878852389499603,,0.2,,,,normal,0.0,,,,,,,,,,,
gaussian,,,0.0566520918019233,0.2593135323506056,1.15546326365321,1.0,1.064643602120601,,0.2,False,,,,,0.80043,diagonal,gaussian,,,,,,,,
gaussian,,,0.011729987012214,0.0392735396378533,1.0452008011332945,1.0,1.0930368149106575,,0.3,True,,,,,0.6096,identity,rank_gauss,,,,,,,,
noise,0.09843,False,0.3798757702414747,6.231946043780733,1.371129039478199,1.0,9.06166195995682,,0.2,,,,student_t,10.0,,,,,,,,,,,
gaussian,,,0.0094661730526588,0.0392225739557752,1.1166903740578529,1.0,1.0927677235638606,,0.3,False,,,,,0.68331,diagonal,rank_gauss,,,,,,,,
noise,0.03887,False,0.3487642903788245,2.1669019806120158,1.226011089321466,1.0,3.856197549504816,,0.2,,,,student_t,5.0,,,,,,,,,,,
gaussian,,,0.1355670928466209,0.490278087718458,0.8048119217069368,1.0,1.3581190765213762,,0.3,True,,,,,0.45965,identity,gaussian,,,,,,,,
noise,0.20912,True,0.0008411343270576,0.0479243308225863,0.3202440215615977,1.0,1.0870079654035496,,0.2,,,,normal,0.0,,,,,,,,,,,
gaussian,,,0.0638301357367181,0.2594009174693217,0.9739193690818732,1.0,1.0655256248820364,,0.2,False,,,,,0.67453,diagonal,gaussian,,,,,,,,
noise,0.20107,True,0.0002630582760555,0.0451774068949748,0.3302639426766235,1.0,1.086746077556238,,0.2,,,,student_t,4.0,,,,,,,,,,,
gaussian,,,0.0598939888752012,0.2590258082010976,1.199482400357374,1.0,1.0651120524576272,,0.2,True,,,,,0.85399,diagonal,gaussian,,,,,,,,
noise,0.0378,False,0.3216264293949076,1.767959009213526,1.217410684871691,1.0,3.671678231074547,,0.2,,,,student_t,3.0,,,,,,,,,,,
gaussian,,,0.0131180623796626,0.0390044074144829,1.293373964813936,1.0,1.0916780230514798,,0.3,False,,,,,0.87325,diagonal,rank_gauss,,,,,,,,
noise,0.00878,True,0.0002695761039367,0.028181046928594,0.3224615099105439,1.0,1.062914417089739,,0.2,,,,normal,0.0,,,,,,,,,,,
gaussian,,,0.0134623951579582,0.039015163136328,1.287596824020794,1.0,1.0917322122994513,,0.3,True,,,,,0.86683,identity,rank_gauss,,,,,,,,
noise,0.11015,True,0.0002338089486302,0.0307333295981073,0.3195379139583204,1.0,1.0697482214956846,,0.2,,,,student_t,8.0,,,,,,,,,,,
gaussian,,,0.0066078464192421,0.0393170012359627,0.5060475965839362,1.0,1.0946334431073843,,0.3,True,,,,,0.10233,identity,rank_gauss,,,,,,,,
noise,0.00642,True,0.0,0.0281833587879255,0.3225347361291205,1.0,1.062893742676719,,0.2,,,,normal,0.0,,,,,,,,,,,
gaussian,,,0.1740670772026106,0.6051895640194733,1.143114693632997,1.0,1.482327531156772,,0.2,False,,,,,0.77549,identity,gaussian,,,,,,,,
noise,0.18705,False,0.3807889345098485,11.47513605644853,1.3848619467254903,1.0,17.046087678633246,,0.3,,,,student_t,5.0,,,,,,,,,,,
gaussian,,,0.168967506621101,0.5760978350062205,1.0545743161017584,1.0,1.4529879253896891,,0.2,False,,,,,0.69271,identity,gaussian,,,,,,,,
noise,0.01923,True,0.0,0.0282001417404725,0.3221301712179552,1.0,1.0630805277590736,,0.2,,,,normal,0.0,,,,,,,,,,,
gaussian,,,0.0149041751784994,0.0389680069344458,1.3139273505491051,1.0,1.0915645593551924,,0.3,False,,,,,0.89607,diagonal,rank_gauss,,,,,,,,
noise,0.06802,False,0.3763616162456291,4.324365016794238,1.332858319332234,1.0,6.329295128546892,,0.2,,,,normal,0.0,,,,,,,,,,,
gaussian,,,0.0553557207544274,0.2597548833453201,0.4083152290188745,1.0,1.0645747852083025,,0.2,False,,,,,0.02923,diagonal,gaussian,,,,,,,,
noise,0.32039,False,0.3813196845523388,21.42573336938231,1.388793921392504,1.0,28.50881543162472,,0.3,,,,normal,0.0,,,,,,,,,,,
gaussian,,,0.0072520347752947,0.0392763535607506,0.4243672350287216,1.0,1.095436188447948,,0.3,True,,,,,0.02085,diagonal,rank_gauss,,,,,,,,
noise,0.01278,True,0.0,0.028181889400566,0.3226082953566356,1.0,1.062916377758845,,0.3,,,,student_t,3.0,,,,,,,,,,,
gaussian,,,0.0055037958001942,0.0392804626310253,0.431110237165995,1.0,1.0954229986596755,,0.3,True,,,,,0.02801,diagonal,rank_gauss,,,,,,,,
noise,0.01796,True,0.0,0.0283373437082399,0.3230949820512168,1.0,1.063209004720561,,0.2,,,,student_t,4.0,,,,,,,,,,,
gaussian,,,0.0090096877800992,0.0393257838361597,0.513928586782227,1.0,1.0945923794368595,,0.3,True,,,,,0.10972,diagonal,rank_gauss,,,,,,,,
noise,0.15969,True,0.0,0.0352923181262616,0.3223257119762653,1.0,1.075701322334249,,0.2,,,,student_t,3.0,,,,,,,,,,,
gaussian,,,0.0750580218470326,0.3183991111825218,0.4488540654534064,1.0,1.1462133581167415,,0.2,False,,,,,0.09416,identity,gaussian,,,,,,,,
noise,0.04466,False,0.3638679003679489,2.6798557684479087,1.2620909714490425,1.0,4.347244099713404,,0.2,,,,student_t,10.0,,,,,,,,,,,
gaussian,,,0.007203141708761,0.0393586785132944,0.5612504653278464,1.0,1.094276404119659,,0.3,False,,,,,0.15557,diagonal,rank_gauss,,,,,,,,
noise,0.01356,True,0.0,0.0282977968059283,0.3230089440033705,1.0,1.0630924143186722,,0.2,,,,student_t,4.0,,,,,,,,,,,
gaussian,,,0.0131247528945082,0.0387975556033986,1.390484977535039,1.0,1.0910425293709916,,0.3,True,,,,,0.98162,diagonal,rank_gauss,,,,,,,,
noise,0.48571,False,0.3809369476891283,32.635152316672546,1.389983106914345,1.0,43.07538847738839,,0.3,,,,normal,0.0,,,,,,,,,,,
gaussian,,,0.0075532581430692,0.0393358566731963,0.5413845488480666,1.0,1.0943695639224784,,0.3,True,,,,,0.13647,diagonal,rank_gauss,,,,,,,,
noise,0.05358,True,0.0,0.0283926096689599,0.3225673525734642,1.0,1.0643514934511198,,0.3,,,,student_t,5.0,,,,,,,,,,,
noise,0.03035,True,0.0001243440838842,0.0280978689702539,0.3217978096622474,1.0,1.0634253851635165,,0.2,,,,student_t,8.0,,,,,,,,,,,
gaussian,,,0.0629501020631604,0.2597526929798343,0.7737516452396146,1.0,1.065934606649026,,0.2,True,,,,,0.50729,diagonal,gaussian,,,,,,,,
noise,0.27231,True,0.0016440570087775,0.0657683384269897,0.3271338448531166,1.0,1.10342369301924,,0.2,,,,normal,0.0,,,,,,,,,,,
gaussian,,,0.0596534851591464,0.2603712802862599,0.4725071861862507,1.0,1.0665079235541364,,0.2,False,,,,,0.19864,diagonal,gaussian,,,,,,,,
noise,0.26913,True,0.0012086315883279,0.0647509287178522,0.3266235790315858,1.0,1.1025024888339452,,0.2,,,,normal,0.0,,,,,,,,,,,
gaussian,,,0.0611254809020003,0.2599750968707711,0.6632450828376676,1.0,1.0661677260758635,,0.2,True,,,,,0.40823,diagonal,gaussian,,,,,,,,
noise,0.01079,True,0.0002607590209811,0.0281788590178652,0.3226293931050247,1.0,1.0628965827822636,,0.2,,,,student_t,3.0,,,,,,,,,,,
gaussian,,,0.0588294403606687,0.2597384882240524,0.4085213935290033,1.0,1.0646007296547213,,0.2,True,,,,,0.0092,diagonal,gaussian,,,,,,,,
noise,0.00671,False,0.0519231133229158,0.2514100992079356,0.4372282963302799,1.0,1.2997850648735825,,0.2,,,,normal,0.0,,,,,,,,,,,
gaussian,,,0.0066471126466171,0.0393613252851505,0.5707505235523009,1.0,1.0941467308053894,,0.3,False,,,,,0.16428,identity,rank_gauss,,,,,,,,
noise,0.0433,False,0.3394059630947106,2.0614251510665897,1.2565066275045145,1.0,4.13869638143323,,0.3,,,,student_t,3.0,,,,,,,,,,,
noise,0.12442,False,0.3820151285792096,7.868269129840653,1.3990655031954118,1.0,11.36995405587641,,0.3,,,,student_t,8.0,,,,,,,,,,,
gaussian,,,0.0078712154249527,0.0392787163226323,0.4095447371657394,1.0,1.0955720938448572,,0.3,False,,,,,0.00484,diagonal,rank_gauss,,,,,,,,
noise,0.0887,True,0.0,0.0297983609578572,0.324766489147762,1.0,1.0679885596484593,,0.3,,,,student_t,10.0,,,,,,,,,,,
gaussian,,,0.0110428507480662,0.0393115627984801,0.963346335932273,1.0,1.093197371474952,,0.3,False,,,,,0.52812,diagonal,rank_gauss,,,,,,,,
noise,0.01819,True,0.0,0.0281977619510465,0.3221636414790668,1.0,1.063058545862354,,0.2,,,,normal,0.0,,,,,,,,,,,
gaussian,,,0.0608882850811498,0.259770084264442,0.7644223676195246,1.0,1.0659543471986936,,0.2,True,,,,,0.49918,diagonal,gaussian,,,,,,,,
noise,0.0439,False,0.3598228927765114,2.4811722309898547,1.2574287235950794,1.0,4.292204975673048,,0.2,,,,student_t,5.0,,,,,,,,,,,
gaussian,,,0.1654266355753614,0.5603656964092262,1.0069486179107987,1.0,1.436330921282769,,0.2,False,,,,,0.64816,identity,gaussian,,,,,,,,
noise,0.20571,False,0.3810819945594136,13.65107344763734,1.385380710837148,1.0,18.40986346869834,,0.3,,,,normal,0.0,,,,,,,,,,,
noise,0.01597,False,0.2126254406062121,0.7943221163905656,0.8410741201660523,1.0,1.9526469395509567,,0.2,,,,student_t,8.0,,,,,,,,,,,
gaussian,,,0.0147857975814718,0.0387719234091801,1.405276091246682,1.0,1.0910351823552389,,0.3,False,,,,,0.99834,identity,rank_gauss,,,,,,,,
noise,0.02657,True,0.0,0.0281038944532189,0.3219169815173171,1.0,1.0633003254118911,,0.2,,,,student_t,8.0,,,,,,,,,,,
noise,0.10972,True,0.0,0.0310814088705209,0.3192593997850703,1.0,1.069586885550356,,0.3,,,,normal,0.0,,,,,,,,,,,
gaussian,,,0.1425900467707526,0.4922747515598175,0.8103141090522622,1.0,1.360432732786755,,0.2,False,,,,,0.46477,identity,gaussian,,,,,,,,
noise,0.01532,False,0.2209633395264943,0.7852969165700132,0.8137210263215896,1.0,1.8966901019133555,,0.2,,,,normal,0.0,,,,,,,,,,,
noise,0.30451,True,0.0028570340553282,0.0767681830393763,0.3333981256872845,1.0,1.113291671417638,,0.2,,,,normal,0.0,,,,,,,,,,,
gaussian,,,0.014941910297868,0.0391936509516272,1.1708599160265554,1.0,1.0927731354263934,,0.3,False,,,,,0.74024,diagonal,rank_gauss,,,,,,,,
noise,0.01769,False,0.2085922489709166,0.8195056793841845,0.8904651402758519,1.0,2.07856126474186,,0.2,,,,student_t,4.0,,,,,,,,,,,
gaussian,,,0.188109718083293,0.5956630532704723,1.1141216660665485,1.0,1.4729514337373248,,0.2,True,,,,,0.74841,identity,gaussian,,,,,,,,
noise,0.01273,False,0.1746020115599324,0.6177561841958755,0.7145399167410373,1.0,1.7041734916781894,,0.2,,,,normal,0.0,,,,,,,,,,,
gaussian,,,0.0105109529013966,0.0392148814215004,1.125598260930382,1.0,1.0927309674454078,,0.3,True,,,,,0.69262,identity,rank_gauss,,,,,,,,
noise,0.33795,True,0.0051158146665839,0.0893884731278664,0.3421150359495795,1.0,1.1245599034517553,,0.2,,,,normal,0.0,,,,,,,,,,,
gaussian,,,0.0085718810162601,0.0393768963480766,0.859798172961674,1.0,1.0939741767445592,,0.3,False,,,,,0.42798,diagonal,rank_gauss,,,,,,,,
noise,0.01029,True,0.0,0.0281543441288534,0.3227199079809368,1.0,1.0629063268622887,,0.2,,,,student_t,5.0,,,,,,,,,,,
gaussian,,,0.1635123720133287,0.5609584771499586,1.008736084749852,1.0,1.4369669236247236,,0.2,False,,,,,0.64983,identity,gaussian,,,,,,,,
noise,0.09102,False,0.3799262481090832,5.880712819653381,1.3590937741578768,1.0,8.335549319004093,,0.2,,,,normal,0.0,,,,,,,,,,,
gaussian,,,0.1795353781514543,0.6118481612640394,1.1633245042604667,1.0,1.488727661211713,,0.2,False,,,,,0.79434,identity,gaussian,,,,,,,,
noise,0.00595,False,0.0303297695984772,0.210035907438257,0.4046095276000297,1.0,1.256122902721805,,0.2,,,,normal,0.0,,,,,,,,,,,
gaussian,,,0.1800220242619198,0.6122755112468814,1.1646117790573909,1.0,1.489131635035774,,0.2,False,,,,,0.79554,identity,gaussian,,,,,,,,
noise,0.03844,False,0.3478215771504239,2.140054502051028,1.2228744705235746,1.0,3.819082776265341,,0.2,,,,student_t,5.0,,,,,,,,,,,
gaussian,,,0.0130944440053432,0.0393546085252277,0.9247196066591252,1.0,1.093634106035736,,0.3,False,,,,,0.49078,diagonal,rank_gauss,,,,,,,,
noise,0.42526,True,0.0129803836832719,0.1269808436572,0.3755877099088028,1.0,1.1584365612558245,,0.2,,,,normal,0.0,,,,,,,,,,,
gaussian,,,0.0121133375998381,0.0393473905937776,0.6501059195551789,1.0,1.0934239767527674,,0.3,True,,,,,0.23562,identity,rank_gauss,,,,,,,,
noise,0.06909,True,4.363914380445255e-05,0.0293084678057827,0.3240209818447503,1.0,1.066143248047167,,0.2,,,,student_t,4.0,,,,,,,,,,,
noise,0.16211,False,0.3826986110652494,10.696047198633169,1.3816399612666588,1.0,14.574123226358788,,0.3,,,,normal,0.0,,,,,,,,,,,
gaussian,,,0.0575407944490381,0.2648538866313389,0.4095681987189152,1.0,1.0731308895539349,,0.2,True,,,,,0.00861,identity,gaussian,,,,,,,,
noise,0.09859,False,0.3812849785922388,6.393270134173912,1.364005459194644,1.0,8.998012549769857,,0.2,,,,normal,0.0,,,,,,,,,,,
gaussian,,,0.0743394152208999,0.2593044292169875,1.0284639838894,1.0,1.065417539619478,,0.2,True,,,,,0.7185,diagonal,gaussian,,,,,,,,
noise,0.25375,False,0.38212738754988,16.907635789610865,1.387387889236268,1.0,22.639265632339864,,0.3,,,,normal,0.0,,,,,,,,,,,
gaussian,,,0.0583943636964084,0.2602905242549456,0.5213128356197407,1.0,1.066417746658972,,0.2,True,,,,,0.26225,diagonal,gaussian,,,,,,,,
noise,0.0698,True,0.0,0.0293324360787082,0.3240341891400883,1.0,1.0662044069543517,,0.3,,,,student_t,4.0,,,,,,,,,,,
gaussian,,,0.1454197110576898,0.4835918455703915,0.7865522177011108,1.0,1.3503543498831618,,0.2,True,,,,,0.44266,identity,gaussian,,,,,,,,
noise,0.22115,True,0.0011290799338521,0.0509328277122451,0.3210683763537849,1.0,1.0898223534417015,,0.2,,,,normal,0.0,,,,,,,,,,,
gaussian,,,0.0549060000173896,0.2601132657922341,0.6076222832959097,1.0,1.066275661672042,,0.2,False,,,,,0.35478,diagonal,gaussian,,,,,,,,
noise,0.00702,False,0.0550854533591362,0.2687579073705543,0.4512778436791516,1.0,1.318285416846832,,0.3,,,,normal,0.0,,,,,,,,,,,
gaussian,,,0.0146431442648703,0.0391221694256895,1.239229420302839,1.0,1.0923595044108776,,0.3,True,,,,,0.8139,identity,rank_gauss,,,,,,,,
noise,0.02043,False,0.2800184766854144,1.121748757265865,0.9655252797494308,1.0,2.2939148353311807,,0.2,,,,normal,0.0,,,,,,,,,,,
gaussian,,,0.0068430188368633,0.0393482446343512,0.7135211179997294,1.0,1.0935398721088598,,0.3,False,,,,,0.29215,diagonal,rank_gauss,,,,,,,,
noise,0.01725,True,0.0,0.0281464948602011,0.3227054466895043,1.0,1.062998340256834,,0.2,,,,student_t,5.0,,,,,,,,,,,
gaussian,,,0.0068794406925066,0.039350946047733,0.5804751341564959,1.0,1.093971845577567,,0.3,True,,,,,0.17315,identity,rank_gauss,,,,,,,,
noise,0.13937,True,0.0,0.0342442147366023,0.3187480825524719,1.0,1.0736765968095994,,0.2,,,,normal,0.0,,,,,,,,,,,
gaussian,,,0.0852330826949486,0.3447331611210492,0.4859265665073046,1.0,1.179737951288402,,0.3,False,,,,,0.14039,identity,gaussian,,,,,,,,
noise,0.40879,True,0.0086963873485512,0.115503909811518,0.3713816270982742,1.0,1.1510329275233624,,0.3,,,,student_t,8.0,,,,,,,,,,,
gaussian,,,0.0130201522029874,0.0391262199565991,1.228798836888258,1.0,1.0924297610952665,,0.3,True,,,,,0.80255,identity,rank_gauss,,,,,,,,
noise,0.03347,False,0.3103352348520792,1.537527249897752,1.17628323076785,1.0,3.3076140020391995,,0.3,,,,student_t,3.0,,,,,,,,,,,
gaussian,,,0.0584532714712986,0.2603888876577649,0.4588298141758108,1.0,1.0665325617024015,,0.2,True,,,,,0.17755,diagonal,gaussian,,,,,,,,
noise,0.0769,True,0.0,0.0287366371659783,0.3203524343925614,1.0,1.0662623740566344,,0.2,,,,student_t,8.0,,,,,,,,,,,
gaussian,,,0.0056333111406118,0.0392962000418494,0.4694105713687189,1.0,1.0950377469313168,,0.3,True,,,,,0.06716,diagonal,rank_gauss,,,,,,,,
noise,0.01969,True,0.0,0.0282012736927303,0.3221153340655118,1.0,1.0630906347270377,,0.3,,,,normal,0.0,,,,,,,,,,,
gaussian,,,0.1428711141397288,0.5256032867017822,0.9045810261990508,1.0,1.3983646374837593,,0.3,True,,,,,0.55259,identity,gaussian,,,,,,,,
noise,0.11337,True,0.0,0.0313916848230899,0.3191741172705589,1.0,1.070038668480644,,0.3,,,,normal,0.0,,,,,,,,,,,
gaussian,,,0.008253152736193,0.0391986050972795,1.1608725231949657,1.0,1.0927516323920687,,0.3,True,,,,,0.72963,identity,rank_gauss,,,,,,,,
noise,0.16759,True,0.000483012767421,0.0388903469456866,0.3187845060622239,1.0,1.0784497370512365,,0.3,,,,normal,0.0,,,,,,,,,,,
gaussian,,,0.0070577074330283,0.0392964116680362,0.4432037567734355,1.0,1.0953850502050066,,0.3,False,,,,,0.04076,identity,rank_gauss,,,,,,,,
noise,0.19233,False,0.3803388680004922,11.280542428503704,1.3950473283320917,1.0,17.451234536017328,,0.3,,,,student_t,4.0,,,,,,,,,,,
gaussian,,,0.0101146590212372,0.0393589020072441,0.8802113680902407,1.0,1.093829054489346,,0.3,False,,,,,0.44763,identity,rank_gauss,,,,,,,,
noise,0.00665,False,0.0525705787479621,0.2480824832105591,0.4345502161792524,1.0,1.296247435682576,,0.2,,,,normal,0.0,,,,,,,,,,,
gaussian,,,0.1234443682193717,0.4678891314459992,0.744556626790541,1.0,1.3319492922789804,,0.3,False,,,,,0.40356,identity,gaussian,,,,,,,,
noise,0.01298,True,0.0,0.02818615712264,0.3223296991588051,1.0,1.0629665587415746,,0.3,,,,normal,0.0,,,,,,,,,,,
gaussian,,,0.0808708129320866,0.3410987308064847,0.4802193393538881,1.0,1.1751409837793072,,0.2,True,,,,,0.13379,identity,gaussian,,,,,,,,
noise,0.01739,False,0.2443163622275687,0.9208644516101832,0.8816749878916131,1.0,2.055287419639277,,0.3,,,,normal,0.0,,,,,,,,,,,
gaussian,,,0.0103099104603904,0.0392832581372562,1.021871654816169,1.0,1.0929892306814073,,0.3,False,,,,,0.58607,identity,rank_gauss,,,,,,,,
noise,0.17199,False,0.3809689999756498,11.365581276610566,1.3827676220741385,1.0,15.4429737215689,,0.3,,,,normal,0.0,,,,,,,,,,,
gaussian,,,0.1859017868893043,0.6250774519196325,1.2025963968409388,1.0,1.5008487460720292,,0.3,True,,,,,0.83087,identity,gaussian,,,,,,,,
noise,0.00816,True,2.1765084584735028e-05,0.0281814199710882,0.3224808065465569,1.0,1.0629083846880294,,0.3,,,,normal,0.0,,,,,,,,,,,
gaussian,,,0.0049240531903792,0.039346326984583,0.6869287175549741,1.0,1.0934259775806632,,0.3,False,,,,,0.26817,diagonal,rank_gauss,,,,,,,,
noise,0.00673,True,0.0,0.0281829454385644,0.3225251524455328,1.0,1.0628961043490333,,0.3,,,,normal,0.0,,,,,,,,,,,
gaussian,,,0.013989267865587,0.039041711390259,1.2735949579456671,1.0,1.09187098820623,,0.3,False,,,,,0.8514,identity,rank_gauss,,,,,,,,
noise,0.0362,False,0.3513130766513653,2.096742509232896,1.2188398317047504,1.0,3.618354859882507,,0.3,,,,student_t,8.0,,,,,,,,,,,
gaussian,,,0.010179712535251,0.0393506153264635,0.7252680332637684,1.0,1.093550048100994,,0.3,False,,,,,0.30301,identity,rank_gauss,,,,,,,,
noise,0.02671,True,0.0,0.0282234505519987,0.3218865350832833,1.0,1.0632741087128426,,0.3,,,,normal,0.0,,,,,,,,,,,
gaussian,,,0.1743970630320066,0.5956243700753614,1.1140039662466774,1.0,1.4729129069870188,,0.3,True,,,,,0.7483,identity,gaussian,,,,,,,,
noise,0.44804,False,0.3818249724568475,30.08093152159629,1.3898354502688006,1.0,39.75583024737861,,0.4,,,,normal,0.0,,,,,,,,,,,
noise,0.12692,False,0.3815647668906557,7.692945206520527,1.375655283944172,1.0,11.661360040239678,,0.3,,,,student_t,5.0,,,,,,,,,,,
gaussian,,,0.0060183772513139,0.0393637595249125,0.8132419420414132,1.0,1.0938734697285952,,0.3,False,,,,,0.38393,diagonal,rank_gauss,,,,,,,,
noise,0.01297,True,0.0,0.0281861360997171,0.3223300152183387,1.0,1.0629664112555262,,0.3,,,,normal,0.0,,,,,,,,,,,
gaussian,,,0.008262688844479,0.0393566991909667,0.699619942982877,1.0,1.0935195945324885,,0.3,False,,,,,0.27962,identity,rank_gauss,,,,,,,,
noise,0.00913,False,0.0906172135000801,0.3925283810150163,0.5517289534606489,1.0,1.4524492966308782,,0.3,,,,normal,0.0,,,,,,,,,,,
gaussian,,,0.0085108958465118,0.039352716464946,0.9063861202019148,1.0,1.093719220741863,,0.3,False,,,,,0.47314,diagonal,rank_gauss,,,,,,,,
noise,0.06134,False,0.3761036626931569,3.872889178773671,1.3196794357617097,1.0,5.7495174887226925,,0.3,,,,normal,0.0,,,,,,,,,,,
gaussian,,,0.0065102327837376,0.0393749733780761,0.8354636871811201,1.0,1.0940029200287855,,0.3,True,,,,,0.40482,identity,rank_gauss,,,,,,,,
noise,0.01206,False,0.1710684402704803,0.5749859854499803,0.686268608945059,1.0,1.655710368911404,,0.3,,,,normal,0.0,,,,,,,,,,,
gaussian,,,0.1740135499927836,0.5915979729220171,1.1017676178089264,1.0,1.4688871419705158,,0.3,True,,,,,0.73686,identity,gaussian,,,,,,,,
noise,0.02469,False,0.2438940063106635,1.0743242403651925,1.0481813004570502,1.0,2.584625375446225,,0.3,,,,student_t,3.0,,,,,,,,,,,
gaussian,,,0.0113150674064268,0.0393473561710791,0.9334412295139264,1.0,1.0935608807870425,,0.3,True,,,,,0.49918,diagonal,rank_gauss,,,,,,,,
noise,0.02195,False,0.2998497756109404,1.222809379554557,1.0012298181139525,1.0,2.4153002389511733,,0.3,,,,normal,0.0,,,,,,,,,,,
noise,0.054,False,0.3674560766246025,3.113334970627634,1.2994877179306217,1.0,5.175477131716399,,0.3,,,,student_t,5.0,,,,,,,,,,,
gaussian,,,0.0118451332919772,0.0389047683982652,1.342563091332007,1.0,1.0913879762025491,,0.3,True,,,,,0.9279,diagonal,rank_gauss,,,,,,,,
noise,0.16503,False,0.3828965904083576,9.6388160519262,1.3921319782187944,1.0,15.01360642512186,,0.3,,,,student_t,4.0,,,,,,,,,,,
gaussian,,,0.0078116587681403,0.03935781433918,0.8840688153958486,1.0,1.0938034395966931,,0.3,False,,,,,0.45144,diagonal,rank_gauss,,,,,,,,
noise,0.4789,False,0.3821490243637926,31.122819847855293,1.4177484604288588,1.0,42.91661819369951,,0.3,,,,student_t,8.0,,,,,,,,,,,
gaussian,,,0.0609986550557352,0.259205884566592,1.405605011544416,1.0,1.0648492786882433,,0.3,True,,,,,0.99395,diagonal,gaussian,,,,,,,,
noise,0.00926,False,0.1041715330643506,0.4004081991123633,0.5579665358846464,1.0,1.4611049406948826,,0.3,,,,normal,0.0,,,,,,,,,,,
noise,0.17212,False,0.3814074798104517,11.374391030864013,1.382781081166826,1.0,15.454407549120369,,0.3,,,,normal,0.0,,,,,,,,,,,
gaussian,,,0.0576215108163475,0.2592751815738494,1.0474525618317787,1.0,1.0653815365172292,,0.3,True,,,,,0.73371,diagonal,gaussian,,,,,,,,
noise,0.00889,False,0.1002537251898665,0.3780471124401874,0.5401972160276233,1.0,1.4365753358242257,,0.3,,,,normal,0.0,,,,,,,,,,,
gaussian,,,0.1910394804605671,0.6626623872734985,1.312796046284437,1.0,1.5326281346328672,,0.3,False,,,,,0.93224,identity,gaussian,,,,,,,,
noise,0.09312,False,0.3814008196742718,6.022889564601374,1.3605767988404072,1.0,8.519244346374888,,0.3,,,,normal,0.0,,,,,,,,,,,
noise,0.20717,False,0.3825531215650115,10.891209877214443,1.3985753704411157,1.0,18.507055578377383,,0.3,,,,student_t,3.0,,,,,,,,,,,
gaussian,,,0.0053482865697286,0.0392984875677876,0.4654510306242957,1.0,1.0951129759008569,,0.3,True,,,,,0.06337,identity,rank_gauss,,,,,,,,
noise,0.00543,True,0.0,0.0281846606455767,0.3225652706573866,1.0,1.0628869175622662,,0.3,,,,normal,0.0,,,,,,,,,,,
gaussian,,,0.172664934576959,0.5810733629574129,1.0697545090625824,1.0,1.458168056198876,,0.3,True,,,,,0.70692,identity,gaussian,,,,,,,,
noise,0.19773,True,0.0001970598450318,0.0440203953154779,0.3255621056745174,1.0,1.0839178020649276,,0.3,,,,student_t,5.0,,,,,,,,,,,
gaussian,,,0.0130439612692336,0.0391840970361857,1.189924213789636,1.0,1.0927783657976295,,0.3,True,,,,,0.76056,diagonal,rank_gauss,,,,,,,,
noise,0.01835,False,0.2209091192693186,0.8576383976322491,0.909783101363538,1.0,2.130421879128552,,0.3,,,,student_t,4.0,,,,,,,,,,,
gaussian,,,0.0548441923707081,0.260147393017261,0.5902645848225618,1.0,1.0663084001413965,,0.3,False,,,,,0.33733,diagonal,gaussian,,,,,,,,
noise,0.17278,True,0.0008821390196658,0.039310660781975,0.3195814484745428,1.0,1.0795638781684989,,0.3,,,,student_t,8.0,,,,,,,,,,,
noise,0.07314,False,0.3804122587256889,4.559256615915437,1.3457494544534383,1.0,6.832182897787083,,0.3,,,,student_t,10.0,,,,,,,,,,,
gaussian,,,0.0156303041262669,0.0388050618987545,1.387753152228669,1.0,1.091060698776976,,0.4,True,,,,,0.97858,identity,rank_gauss,,,,,,,,
noise,0.01091,False,0.0842350829861923,0.3777166339955532,0.6157552999888133,1.0,1.541551896655878,,0.3,,,,student_t,3.0,,,,,,,,,,,
gaussian,,,0.1715486522577244,0.6178134039241613,1.1812344727362645,1.0,1.49430742220929,,0.3,False,,,,,0.81102,identity,gaussian,,,,,,,,
noise,0.00722,True,0.0,0.028155621419902,0.3225146637494606,1.0,1.062908551965041,,0.3,,,,student_t,8.0,,,,,,,,,,,
gaussian,,,0.199079236334876,0.6429252680580745,1.2547985823469918,1.0,1.5163142558297982,,0.3,False,,,,,0.87912,identity,gaussian,,,,,,,,
noise,0.03431,False,0.3405241253011385,1.8824776653463375,1.188104552549393,1.0,3.464156292685775,,0.3,,,,student_t,5.0,,,,,,,,,,,
gaussian,,,0.006665144019902,0.039360626396015,0.5631779332565097,1.0,1.0942562117002703,,0.3,True,,,,,0.15736,identity,rank_gauss,,,,,,,,
noise,0.01007,True,0.0,0.0281679223708482,0.322970636349584,1.0,1.0630139568907675,,0.3,,,,student_t,10.0,,,,,,,,,,,
gaussian,,,0.0097192214819469,0.039283228334235,1.02933462258632,1.0,1.0930190821552144,,0.3,False,,,,,0.59355,diagonal,rank_gauss,,,,,,,,
noise,0.18503,False,0.3823977609949777,12.24935630099884,1.3839720475054509,1.0,16.59006739151173,,0.3,,,,normal,0.0,,,,,,,,,,,
gaussian,,,0.0572214898264362,0.2602544284325597,0.5383115637773681,1.0,1.0663883003600336,,0.3,True,,,,,0.28186,diagonal,gaussian,,,,,,,,
noise,0.10774,False,0.3822637264139549,6.775025454359185,1.392428844916722,1.0,9.891310082970335,,0.3,,,,student_t,8.0,,,,,,,,,,,
gaussian,,,0.0546044553616128,0.2603916600037925,0.4461683164997111,1.0,1.0665530582808391,,0.3,False,,,,,0.15565,diagonal,gaussian,,,,,,,,
noise,0.01305,True,0.0,0.0281862978945942,0.3223274864493208,1.0,1.06296759426307,,0.3,,,,normal,0.0,,,,,,,,,,,
gaussian,,,0.0543696373266539,0.260170303703247,0.5782774141938033,1.0,1.0663288059085172,,0.3,True,,,,,0.325,diagonal,gaussian,,,,,,,,
noise,0.00637,True,0.0,0.0281834560807199,0.3225362808874249,1.0,1.062893371789744,,0.3,,,,normal,0.0,,,,,,,,,,,
gaussian,,,0.0145705915640012,0.0390296731914842,1.2802161063762258,1.0,1.0917981474839693,,0.4,False,,,,,0.85869,diagonal,rank_gauss,,,,,,,,
noise,0.03809,False,0.3501196802362217,2.2476438394116114,1.2191378003707716,1.0,3.7828099299152953,,0.3,,,,student_t,10.0,,,,,,,,,,,
gaussian,,,0.0102012654220172,0.0392835323162298,1.0314754320240045,1.0,1.093028607065078,,0.3,True,,,,,0.59571,identity,rank_gauss,,,,,,,,
noise,0.06388,False,0.3744547998306595,4.04451452455408,1.3251646263203287,1.0,5.969768987352088,,0.3,,,,normal,0.0,,,,,,,,,,,
gaussian,,,0.0107534384505657,0.0392819807961394,1.0338418584725837,1.0,1.0930323637679498,,0.3,True,,,,,0.59809,diagonal,rank_gauss,,,,,,,,
noise,0.25156,True,0.0018350554878492,0.0593650669404411,0.3241357654477668,1.0,1.0975922581912652,,0.3,,,,normal,0.0,,,,,,,,,,,
gaussian,,,0.1782304835140428,0.619912742945148,1.1874707904576196,1.0,1.4962300363977965,,0.3,True,,,,,0.81682,identity,gaussian,,,,,,,,
noise,0.03929,True,5.104418121903986e-05,0.0286133391370137,0.3234891284558281,1.0,1.064079910465193,,0.3,,,,student_t,4.0,,,,,,,,,,,
gaussian,,,0.0063454868591508,0.0392960223307948,0.4453203161281544,1.0,1.095363474919078,,0.3,False,,,,,0.04297,diagonal,rank_gauss,,,,,,,,
noise,0.01984,False,0.2704819560133187,1.0826248791796584,0.9505949047334088,1.0,2.247140892733312,,0.3,,,,normal,0.0,,,,,,,,,,,
gaussian,,,0.0080480080489978,0.0392597984208441,1.0595462357904817,1.0,1.0929255491147376,,0.3,True,,,,,0.62433,identity,rank_gauss,,,,,,,,
noise,0.02877,True,0.0004170682591519,0.0284598653869311,0.3232988058794969,1.0,1.0635870656619402,,0.3,,,,student_t,4.0,,,,,,,,,,,
noise,0.02584,True,0.0,0.0281763854541281,0.3225019857943929,1.0,1.0631343283732118,,0.3,,,,student_t,3.0,,,,,,,,,,,
gaussian,,,0.1008359834413492,0.3867685255321934,0.5641730531556384,1.0,1.23249306133592,,0.3,False,,,,,0.2222,identity,gaussian,,,,,,,,
noise,0.02347,False,0.301890383284211,1.290531569337595,1.0334980947801906,1.0,2.555818371482613,,0.3,,,,student_t,10.0,,,,,,,,,,,
gaussian,,,0.0618849252954943,0.2592717968940026,1.0497525039548767,1.0,1.065377276599112,,0.3,True,,,,,0.73555,diagonal,gaussian,,,,,,,,
gaussian,,,0.0691623237342724,0.2591860237032004,1.3469474272465314,1.0,1.0647935849939576,,0.3,True,,,,,0.94886,diagonal,gaussian,,,,,,,,
noise,0.00654,False,0.0465062838869937,0.2420104054380276,0.4296821620042512,1.0,1.2898021641474933,,0.3,,,,normal,0.0,,,,,,,,,,,
gaussian,,,0.160783983694376,0.5346812774707337,0.9308140311794332,1.0,1.4083934056505902,,0.3,True,,,,,0.57706,identity,gaussian,,,,,,,,
noise,0.02803,True,0.0,0.0284496978230111,0.3232851571683812,1.0,1.063557034996531,,0.3,,,,student_t,4.0,,,,,,,,,,,
gaussian,,,0.0086485097228823,0.0393506185607747,0.5799111204388895,1.0,1.0939812646978226,,0.3,False,,,,,0.17264,diagonal,rank_gauss,,,,,,,,
noise,0.00881,False,0.0922478316084752,0.3732380597917818,0.5363488966714177,1.0,1.4313148759158263,,0.3,,,,normal,0.0,,,,,,,,,,,
noise,0.10413,False,0.3798042191722257,6.609048059505231,1.374575391778062,1.0,9.56551132253886,,0.3,,,,student_t,10.0,,,,,,,,,,,
gaussian,,,0.009643606161299,0.0392362393914297,1.07565391304215,1.0,1.0928044428262145,,0.3,False,,,,,0.64075,identity,rank_gauss,,,,,,,,
noise,0.11717,False,0.3818032632962654,7.651507097912672,1.3722616084275998,1.0,10.626531976302704,,0.3,,,,normal,0.0,,,,,,,,,,,
noise,0.00773,True,0.0,0.028181791726849,0.3224941649829875,1.0,1.0629044524486784,,0.3,,,,normal,0.0,,,,,,,,,,,
noise,0.00797,True,0.0,0.0281815196416657,0.322486711612666,1.0,1.062906621783738,,0.3,,,,normal,0.0,,,,,,,,,,,
noise,0.0927,False,0.3801909432330643,5.541724268872299,1.360197201501659,1.0,8.605476957017189,,0.3,,,,student_t,5.0,,,,,,,,,,,
gaussian,,,0.1722297387053106,0.5878370596434069,1.0903358642561825,1.0,1.465090401673805,,0.3,True,,,,,0.72617,identity,gaussian,,,,,,,,
noise,0.09269,True,0.0,0.0299041894490314,0.3197170611490366,1.0,1.067671796994811,,0.3,,,,normal,0.0,,,,,,,,,,,
gaussian,,,0.0125759300996052,0.0393403613363891,0.9384098566437764,1.0,1.0935159504597909,,0.4,False,,,,,0.504,identity,rank_gauss,,,,,,,,
noise,0.46115,True,0.008072621617052,0.112651109824722,0.3928821793224931,1.0,1.164096233910855,,0.3,,,,student_t,3.0,,,,,,,,,,,
gaussian,,,0.0064955976008778,0.0393749779722539,0.833843207722454,1.0,1.0939977779914574,,0.3,True,,,,,0.40331,identity,rank_gauss,,,,,,,,
noise,0.05861,True,0.0,0.0285999429623577,0.3208127456853605,1.0,1.0647981390484973,,0.3,,,,normal,0.0,,,,,,,,,,,
gaussian,,,0.0612833622946269,0.2601367248814789,0.59585657915768,1.0,1.066297956600367,,0.3,True,,,,,0.343,diagonal,gaussian,,,,,,,,
noise,0.03444,True,2.7494825069696027e-05,0.0285376126525061,0.323402157795876,1.0,1.0638373961349503,,0.3,,,,student_t,4.0,,,,,,,,,,,
gaussian,,,0.0127554906198134,0.0393243382701748,0.9556170919675548,1.0,1.0933166829504506,,0.3,False,,,,,0.52069,identity,rank_gauss,,,,,,,,
noise,0.04599,False,0.3635214347441356,2.734215980691157,1.2854973366788816,1.0,4.460438789639589,,0.2,,,,student_t,8.0,,,,,,,,,,,
gaussian,,,0.0131560718086367,0.0391398524279319,1.2170594255513003,1.0,1.092504469823762,,0.3,True,,,,,0.78978,identity,rank_gauss,,,,,,,,
noise,0.19138,True,0.0003068293183084,0.0437987288068256,0.3193784964635731,1.0,1.0831311200690688,,0.2,,,,normal,0.0,,,,,,,,,,,
gaussian,,,0.0830083646474543,0.3464305895005861,0.4886558519454463,1.0,1.1818829658339869,,0.2,False,,,,,0.1435,identity,gaussian,,,,,,,,
noise,0.02801,False,0.3301548714527718,1.6278756737352746,1.1111539457475872,1.0,2.909183867828143,,0.2,,,,normal,0.0,,,,,,,,,,,
gaussian,,,0.0134252645968679,0.0388242986580449,1.3786194096042474,1.0,1.0911172907382531,,0.3,False,,,,,0.96828,diagonal,rank_gauss,,,,,,,,
noise,0.00568,True,0.0,0.0281741981526496,0.3228670854737094,1.0,1.0629369451867647,,0.2,,,,student_t,10.0,,,,,,,,,,,
gaussian,,,0.008130592833515,0.0393483110322642,0.7129427825838891,1.0,1.0935373311414387,,0.3,False,,,,,0.29161,diagonal,rank_gauss,,,,,,,,
noise,0.01069,True,0.0,0.0281540886734302,0.3227192259481223,1.0,1.0629101573000508,,0.2,,,,student_t,5.0,,,,,,,,,,,
gaussian,,,0.0091706406015288,0.0393527232949409,0.9210367385955218,1.0,1.0936390746784348,,0.3,True,,,,,0.4872,diagonal,rank_gauss,,,,,,,,
noise,0.14354,False,0.3804978839736085,8.346982545312194,1.3885764021413225,1.0,13.09617711977599,,0.3,,,,student_t,4.0,,,,,,,,,,,
gaussian,,,0.0087169208856355,0.0393779782728096,0.8662107290084818,1.0,1.0939593070434133,,0.3,False,,,,,0.43409,diagonal,rank_gauss,,,,,,,,
noise,0.01588,False,0.231778019577115,0.8218602412757434,0.8330570579297483,1.0,1.9392334453028288,,0.2,,,,normal,0.0,,,,,,,,,,,
gaussian,,,0.0139270291460065,0.0387882682275511,1.3966121695434983,1.0,1.0910365616914477,,0.3,False,,,,,0.98854,identity,rank_gauss,,,,,,,,
noise,0.02257,True,0.0,0.0281700728171113,0.3232576143171961,1.0,1.0633498343760857,,0.2,,,,student_t,10.0,,,,,,,,,,,
noise,0.03685,True,3.119904960802167e-05,0.0282906887073401,0.321549344458607,1.0,1.063635950080725,,0.2,,,,normal,0.0,,,,,,,,,,,
gaussian,,,0.1051917014716427,0.4127711001333471,0.6220333977311934,1.0,1.2647124241508183,,0.2,True,,,,,0.27771,identity,gaussian,,,,,,,,
noise,0.0091,False,0.0923729089606916,0.3753301550487888,0.5501856770575152,1.0,1.4527092166991884,,0.3,,,,student_t,8.0,,,,,,,,,,,
noise,0.01059,True,0.0005048936724014,0.0282720873032981,0.3229497449772496,1.0,1.0630259189100888,,0.2,,,,student_t,4.0,,,,,,,,,,,
gaussian,,,0.008069940190199,0.0393452275343493,0.6380493272636563,1.0,1.0934722682375628,,0.3,True,,,,,0.22504,diagonal,rank_gauss,,,,,,,,
noise,0.05207,False,0.3715432288852954,3.2467653471950286,1.2928839821752618,1.0,4.94839202374414,,0.2,,,,normal,0.0,,,,,,,,,,,
gaussian,,,0.013973632665191,0.0390392435454644,1.2765695400233716,1.0,1.0918460687239573,,0.3,True,,,,,0.85467,diagonal,rank_gauss,,,,,,,,
noise,0.14639,False,0.3798017126481544,8.917465720810915,1.3799606521770456,1.0,13.403596519517482,,0.3,,,,student_t,5.0,,,,,,,,,,,
noise,0.0221,True,0.0,0.0281852533488013,0.3225341567207188,1.0,1.0630532270558328,,0.3,,,,student_t,3.0,,,,,,,,,,,
gaussian,,,0.0036736297148871,0.0392781682586914,0.4083532734780519,1.0,1.0955831386306611,,0.3,True,,,,,0.00352,identity,rank_gauss,,,,,,,,
noise,0.0449,True,0.0,0.028368668160338,0.321277721613083,1.0,1.0640046217011752,,0.2,,,,normal,0.0,,,,,,,,,,,
gaussian,,,0.0071303481235275,0.0393636844843447,0.8766494927851156,1.0,1.0938681093913618,,0.3,True,,,,,0.44414,identity,rank_gauss,,,,,,,,
noise,0.00903,False,0.1011898241203206,0.3864854625820201,0.5469270448362352,1.0,1.4458187068198027,,0.2,,,,normal,0.0,,,,,,,,,,,
noise,0.0458,True,7.793432194946881e-05,0.0283789287464847,0.3212472221478684,1.0,1.0640503145379354,,0.2,,,,normal,0.0,,,,,,,,,,,
gaussian,,,0.0090353158585616,0.0393538051645119,0.5928944689015291,1.0,1.093825336836865,,0.3,True,,,,,0.18423,identity,rank_gauss,,,,,,,,
gaussian,,,0.014558633633557,0.0389655898831385,1.3157701712379488,1.0,1.091559276576172,,0.3,False,,,,,0.89813,diagonal,rank_gauss,,,,,,,,
noise,0.04555,True,0.0,0.0283761247983982,0.3212556960122452,1.0,1.0640375318435047,,0.2,,,,normal,0.0,,,,,,,,,,,
gaussian,,,0.1028267764084875,0.3659099890383253,0.522688067579169,1.0,1.206408507093481,,0.3,False,,,,,0.18036,identity,gaussian,,,,,,,,
noise,0.03498,False,0.3548460245989022,2.095607991559561,1.1926801723521825,1.0,3.490593487606403,,0.2,,,,normal,0.0,,,,,,,,,,,
gaussian,,,0.0116459402877118,0.039110395016016,1.2440538031900843,1.0,1.092289839399353,,0.3,False,,,,,0.81918,diagonal,rank_gauss,,,,,,,,
noise,0.05002,False,0.3692998445382384,3.108435411658087,1.2851389461313178,1.0,4.771966083934472,,0.2,,,,normal,0.0,,,,,,,,,,,
noise,0.03703,False,0.3371418656892461,1.9591253945513727,1.213266486316653,1.0,3.681969854434538,,0.2,,,,student_t,4.0,,,,,,,,,,,
gaussian,,,0.0061106018907604,0.039336288247503,0.674418724718106,1.0,1.0933294247149754,,0.3,True,,,,,0.25682,identity,rank_gauss,,,,,,,,
noise,0.02312,False,0.2949105076904064,1.3007832810702844,1.026216356153136,1.0,2.509518504903278,,0.2,,,,normal,0.0,,,,,,,,,,,
gaussian,,,0.1658723499594831,0.5552702943520927,0.9916299378538228,1.0,1.430844276807893,,0.3,True,,,,,0.63385,identity,gaussian,,,,,,,,
noise,0.00703,False,0.0346821109850897,0.204116523331735,0.4413501293694875,1.0,1.2993359143139545,,0.2,,,,student_t,3.0,,,,,,,,,,,
noise,0.28161,True,0.0035990923855446,0.0688183799386552,0.3287355778906646,1.0,1.1061738528288836,,0.2,,,,normal,0.0,,,,,,,,,,,
gaussian,,,0.0107447546483355,0.0392797240482047,1.0017163869163854,1.0,1.093014576205825,,0.3,False,,,,,0.56589,identity,rank_gauss,,,,,,,,
noise,0.08511,True,0.0,0.0292542317108701,0.3219355375711805,1.0,1.0664098488309812,,0.2,,,,student_t,3.0,,,,,,,,,,,
gaussian,,,0.1175248884911819,0.4332628108178012,0.6564517347229084,1.0,1.2903586068282706,,0.2,True,,,,,0.32094,identity,gaussian,,,,,,,,
noise,0.00702,True,0.0,0.0281824363853693,0.3225161774386302,1.0,1.0628984105914234,,0.2,,,,normal,0.0,,,,,,,,,,,
gaussian,,,0.0601428642642017,0.2599293523196102,0.6829421358223831,1.0,1.0661291676421478,,0.2,True,,,,,0.42646,diagonal,gaussian,,,,,,,,
noise,0.24486,True,0.0008955990954541,0.0549591017087008,0.3306360817577058,1.0,1.0949820979965357,,0.3,,,,student_t,5.0,,,,,,,,,,,
gaussian,,,0.0114488055746155,0.0393645203731535,0.8120242354269984,1.0,1.0938658634820988,,0.3,True,,,,,0.38279,identity,rank_gauss,,,,,,,,
noise,0.03022,True,0.0001092224689264,0.0282445539090896,0.3217706103924513,1.0,1.063386416304922,,0.2,,,,normal,0.0,,,,,,,,,,,
gaussian,,,0.1879350373169814,0.6049854870345689,1.1424931635687978,1.0,1.482128945199277,,0.2,True,,,,,0.77491,identity,gaussian,,,,,,,,
noise,0.01528,True,0.0,0.0281826931347258,0.3225890093771433,1.0,1.0629440691669103,,0.2,,,,student_t,3.0,,,,,,,,,,,
gaussian,,,0.0114227904311572,0.0390026961585182,1.2945598826809388,1.0,1.0916698234009097,,0.3,True,,,,,0.87458,diagonal,rank_gauss,,,,,,,,
noise,0.01083,False,0.1296988696707171,0.477402133154657,0.6323579237560989,1.0,1.5715146186709723,,0.2,,,,student_t,8.0,,,,,,,,,,,
gaussian,,,0.1494202014333673,0.5152485419790669,0.8748796637660289,1.0,1.3867416844336735,,0.2,False,,,,,0.5249,identity,gaussian,,,,,,,,
noise,0.36678,True,0.0059327624089497,0.1011728182673986,0.351494276282278,1.0,1.1350629382330335,,0.3,,,,normal,0.0,,,,,,,,,,,
gaussian,,,0.0794299264232868,0.3320475916210691,0.46681216869438,1.0,1.1636603105286976,,0.3,True,,,,,0.11767,identity,gaussian,,,,,,,,
noise,0.04483,True,0.0,0.0283296874909937,0.3237485670660847,1.0,1.0643747777569466,,0.3,,,,student_t,10.0,,,,,,,,,,,
noise,0.00534,True,0.0009554199163082,0.028184668356009,0.3225680411143071,1.0,1.0628863512488806,,0.3,,,,normal,0.0,,,,,,,,,,,
gaussian,,,0.0109949787975458,0.0392256449432396,1.1082725857832871,1.0,1.0927998445603493,,0.3,False,,,,,0.67444,diagonal,rank_gauss,,,,,,,,
noise,0.32765,True,0.0030422212716659,0.0853783326258555,0.3391836978319157,1.0,1.1209817907626671,,0.3,,,,normal,0.0,,,,,,,,,,,
gaussian,,,0.0147171708082226,0.0391801156481675,1.1928826585208392,1.0,1.092763781453974,,0.3,False,,,,,0.76371,identity,rank_gauss,,,,,,,,
noise,0.18692,False,0.3802708346607714,10.955151830265738,1.394567182763735,1.0,16.968050430159742,,0.3,,,,student_t,4.0,,,,,,,,,,,
gaussian,,,0.1306978851184052,0.4493822782535189,0.6966511571340204,1.0,1.3099039943143929,,0.3,True,,,,,0.3588,identity,gaussian,,,,,,,,
noise,0.01256,True,0.0,0.0281847503430984,0.3223429646399984,1.0,1.0629604602422975,,0.3,,,,normal,0.0,,,,,,,,,,,
noise,0.00624,False,0.0385583579228535,0.225616193101692,0.4167010237827346,1.0,1.2724867208603214,,0.2,,,,normal,0.0,,,,,,,,,,,
gaussian,,,0.0074135499959517,0.0393455931028879,0.6606036221473047,1.0,1.0933614209747733,,0.3,False,,,,,0.24478,identity,rank_gauss,,,,,,,,
noise,0.01575,False,0.2356237818329481,0.8133643009939403,0.8286348632000012,1.0,1.9293319821869,,0.3,,,,normal,0.0,,,,,,,,,,,
gaussian,,,0.1902956069164017,0.6368542832200963,1.2369691711370727,1.0,1.5111141655713485,,0.3,True,,,,,0.86268,identity,gaussian,,,,,,,,
noise,0.33598,False,0.383434965899841,22.48275610963671,1.38899512075347,1.0,29.882205663881507,,0.3,,,,normal,0.0,,,,,,,,,,,
gaussian,,,0.0963603356155925,0.3704102828636935,0.5312226992966333,1.0,1.212052619466492,,0.2,True,,,,,0.18918,identity,gaussian,,,,,,,,
noise,0.20277,True,0.0001046710325389,0.0455322897818958,0.3304376597163749,1.0,1.0871274480590585,,0.2,,,,student_t,4.0,,,,,,,,,,,
gaussian,,,0.0524461673203021,0.2603714605881173,0.4723915621738092,1.0,1.0665081459368744,,0.2,False,,,,,0.19847,diagonal,gaussian,,,,,,,,
noise,0.01301,True,0.0,0.028181959167024,0.322606101193121,1.0,1.0629188361382174,,0.2,,,,student_t,3.0,,,,,,,,,,,
gaussian,,,0.1696305961396964,0.5592362585226278,1.0035453262375444,1.0,1.4351174440489791,,0.2,False,,,,,0.64498,identity,gaussian,,,,,,,,
noise,0.17754,True,8.145731669517708e-05,0.0377720063419514,0.3228588618695928,1.0,1.078738804170299,,0.2,,,,student_t,3.0,,,,,,,,,,,
gaussian,,,0.0640885778024192,0.2594561711114194,0.9501809683115744,1.0,1.0655718568298664,,0.2,True,,,,,0.65522,diagonal,gaussian,,,,,,,,
noise,0.01917,False,0.2197374944131178,0.9051234790364706,0.9325834188139454,1.0,2.1952878947292174,,0.2,,,,student_t,4.0,,,,,,,,,,,
gaussian,,,0.065413389695269,0.2592023545360357,1.3084190718115394,1.0,1.064760401682515,,0.3,False,,,,,0.91912,diagonal,gaussian,,,,,,,,
noise,0.18587,True,1.2829771197653272e-05,0.0390790729886915,0.3232060134285086,1.0,1.0802571747114196,,0.3,,,,student_t,3.0,,,,,,,,,,,
gaussian,,,0.0149915067697529,0.0389618497408325,1.318093926296078,1.0,1.0915557433131915,,0.3,False,,,,,0.90073,identity,rank_gauss,,,,,,,,
noise,0.00767,False,0.0473550006233384,0.2676542231611007,0.487698207968018,1.0,1.356470726498714,,0.3,,,,student_t,4.0,,,,,,,,,,,
gaussian,,,0.0112345666177624,0.0391931385348567,1.168961581385869,1.0,1.0927673256402497,,0.3,False,,,,,0.7382,diagonal,rank_gauss,,,,,,,,
gaussian,,,0.0039818891441301,0.0392799017421751,0.4115199135360706,1.0,1.095560473417985,,0.3,True,,,,,0.00701,identity,rank_gauss,,,,,,,,
noise,0.02233,True,0.0,0.0281846690203805,0.3225322192659597,1.0,1.063057780449837,,0.3,,,,student_t,3.0,,,,,,,,,,,
gaussian,,,0.0119805210515475,0.0390641066649254,1.260323218890714,1.0,1.0919997278731832,,0.3,False,,,,,0.83697,diagonal,rank_gauss,,,,,,,,
noise,0.00929,True,0.0,0.0281807561548282,0.3224456054539184,1.0,1.062919700269163,,0.2,,,,normal,0.0,,,,,,,,,,,
gaussian,,,0.0562955280513818,0.2598945364105939,0.6992957434145628,1.0,1.0660945577009595,,0.3,True,,,,,0.44138,diagonal,gaussian,,,,,,,,
gaussian,,,0.0077471364922107,0.0393483986998775,0.9116318700221856,1.0,1.0936739557789923,,0.3,True,,,,,0.47818,identity,rank_gauss,,,,,,,,
noise,0.21427,False,0.3814903630479394,12.6002030433752,1.39664113723558,1.0,19.41124017710497,,0.3,,,,student_t,4.0,,,,,,,,,,,
gaussian,,,0.007057696329907,0.0392956471363721,0.4451066378586009,1.0,1.095364124501868,,0.4,True,,,,,0.04274,diagonal,rank_gauss,,,,,,,,
noise,0.00866,False,0.093659806448302,0.3642500108297307,0.5291304957605572,1.0,1.4214969899050032,,0.3,,,,normal,0.0,,,,,,,,,,,
gaussian,,,0.0567672576142301,0.2603894962906721,0.441107905783497,1.0,1.0665609439326382,,0.3,True,,,,,0.14597,diagonal,gaussian,,,,,,,,
gaussian,,,0.2025934031165052,0.6855647663980756,1.3802353453279868,1.0,1.5504532356177634,,0.2,True,,,,,0.99317,identity,gaussian,,,,,,,,
noise,0.04469,False,0.3685005390683127,2.749055159730458,1.2607243976441431,1.0,4.314912285780993,,0.2,,,,normal,0.0,,,,,,,,,,,
gaussian,,,0.1854310447910703,0.6210036880431664,1.190687035746253,1.0,1.497217395093818,,0.2,True,,,,,0.81981,identity,gaussian,,,,,,,,
noise,0.04389,True,0.0003078931156297,0.0283034017628724,0.3223302025956279,1.0,1.0637371242317162,,0.3,,,,student_t,3.0,,,,,,,,,,,
gaussian,,,0.1372586894234156,0.4724345884241961,0.7565900583423014,1.0,1.3373042638634445,,0.2,False,,,,,0.41477,identity,gaussian,,,,,,,,
noise,0.00733,True,5.5102485266966816e-05,0.0281740862076149,0.3226643198120624,1.0,1.062873057239264,,0.2,,,,student_t,3.0,,,,,,,,,,,
gaussian,,,0.0058732695210299,0.039300024600902,0.4595099036243103,1.0,1.0952008445528658,,0.3,False,,,,,0.05756,diagonal,rank_gauss,,,,,,,,
noise,0.00582,False,0.0228229076820699,0.1556233236643663,0.3939395144375187,1.0,1.2342424546933803,,0.3,,,,student_t,3.0,,,,,,,,,,,
gaussian,,,0.0679554188751648,0.3042914070444594,0.4334012443499843,1.0,1.127974841404231,,0.2,True,,,,,0.07086,identity,gaussian,,,,,,,,
noise,0.01316,True,0.0,0.0281490841435604,0.3227146040738478,1.0,1.0629377484736653,,0.3,,,,student_t,5.0,,,,,,,,,,,
gaussian,,,0.1864790134612544,0.6009829772128492,1.1303028225977374,1.0,1.478212878234834,,0.2,True,,,,,0.76353,identity,gaussian,,,,,,,,
noise,0.48131,False,0.3809269154047391,29.99607288532321,1.3910484175217432,1.0,43.45174972243293,,0.3,,,,student_t,5.0,,,,,,,,,,,
gaussian,,,0.0139077502833011,0.0391088595798515,1.244885562485516,1.0,1.0922788875835348,,0.3,True,,,,,0.82009,identity,rank_gauss,,,,,,,,
noise,0.34469,False,0.3818640020012889,22.316761731829978,1.4165081976774807,1.0,30.96419027347777,,0.3,,,,student_t,8.0,,,,,,,,,,,
gaussian,,,0.005430425336386,0.0392983894763453,0.4847963707264668,1.0,1.0947818861948075,,0.3,True,,,,,0.08187,identity,rank_gauss,,,,,,,,
noise,0.15674,False,0.3810064894089229,9.140431239247908,1.3909349782158504,1.0,14.273755793249332,,0.3,,,,student_t,4.0,,,,,,,,,,,
gaussian,,,0.0069161330726524,0.0392756775008142,0.4282263719964219,1.0,1.095426674569227,,0.3,True,,,,,0.025,identity,rank_gauss,,,,,,,,
noise,0.00948,False,0.0984582950908899,0.4051393792776123,0.5736337195299348,1.0,1.4830299292995128,,0.2,,,,student_t,10.0,,,,,,,,,,,
gaussian,,,0.0074590337833397,0.0393302479954391,0.525394203612815,1.0,1.0945184444208562,,0.3,True,,,,,0.12095,diagonal,rank_gauss,,,,,,,,
noise,0.19585,False,0.3808158428968002,10.280122819039878,1.39776443231013,1.0,17.50850052465364,,0.3,,,,student_t,3.0,,,,,,,,,,,
gaussian,,,0.0097453556844675,0.0392533354873578,1.0639172579252971,1.0,1.0928863646907676,,0.3,True,,,,,0.62871,identity,rank_gauss,,,,,,,,
noise,0.05741,False,0.375735078029855,3.6073677808408298,1.309728313946357,1.0,5.409292223431776,,0.2,,,,normal,0.0,,,,,,,,,,,
gaussian,,,0.0067482450242907,0.039354379710854,0.5957999445778502,1.0,1.093797544121392,,0.3,False,,,,,0.18679,identity,rank_gauss,,,,,,,,
noise,0.04378,False,0.3693690332485244,2.687757352669305,1.2558489334495244,1.0,4.23715302676483,,0.2,,,,normal,0.0,,,,,,,,,,,
gaussian,,,0.057925016200376,0.2596963633663701,0.8108302242084741,1.0,1.0658604023162654,,0.3,False,,,,,0.53917,diagonal,gaussian,,,,,,,,
noise,0.01904,False,0.2572893695597089,1.003899713099322,0.9306010789603504,1.0,2.1985636514741,,0.3,,,,student_t,10.0,,,,,,,,,,,
gaussian,,,0.0137409643729333,0.0391596407974762,1.203423218175993,1.0,1.092653186578984,,0.3,True,,,,,0.77502,diagonal,rank_gauss,,,,,,,,
noise,0.12776,False,0.3823720028129062,8.368737384319854,1.3754016868579837,1.0,11.555905949120866,,0.3,,,,normal,0.0,,,,,,,,,,,
gaussian,,,0.0122638955071242,0.0392152198048012,1.1242462444993149,1.0,1.0927331367658222,,0.3,True,,,,,0.6912,identity,rank_gauss,,,,,,,,
noise,0.04835,False,0.3682311306580854,2.92287307884489,1.2803143146432017,1.0,4.666306389755383,,0.2,,,,student_t,10.0,,,,,,,,,,,
gaussian,,,0.0063134883570566,0.0393768538923627,0.8296799804390307,1.0,1.0939903701138758,,0.3,False,,,,,0.39929,diagonal,rank_gauss,,,,,,,,
noise,0.08075,True,0.0,0.0293178668055023,0.320082272371383,1.0,1.0665191192955237,,0.3,,,,normal,0.0,,,,,,,,,,,
gaussian,,,0.064067028061159,0.2599189662884389,0.6879183428603859,1.0,1.0661189344689188,,0.3,False,,,,,0.43102,diagonal,gaussian,,,,,,,,
gaussian,,,0.0071077523164685,0.039356545215905,0.5739429296192695,1.0,1.0940889072308704,,0.3,True,,,,,0.16718,identity,rank_gauss,,,,,,,,
noise,0.00767,True,0.0,0.0281721586473877,0.3229142152900995,1.0,1.0629692164245992,,0.3,,,,student_t,10.0,,,,,,,,,,,
gaussian,,,0.10588683030023,0.4022429704834378,0.5978419372070032,1.0,1.251699081403483,,0.3,True,,,,,0.25477,identity,gaussian,,,,,,,,
noise,0.16514,False,0.3817666130097533,8.622805553959177,1.3946256125013528,1.0,14.800711356931483,,0.3,,,,student_t,3.0,,,,,,,,,,,
gaussian,,,0.0064511283634853,0.0393559579610784,0.7525913479002294,1.0,1.0935047206432946,,0.3,True,,,,,0.32807,identity,rank_gauss,,,,,,,,
noise,0.23493,True,0.0011254816484419,0.0546219245947326,0.3222748053065188,1.0,1.0932273080485744,,0.3,,,,normal,0.0,,,,,,,,,,,
gaussian,,,0.0068149951759995,0.0392977429942278,0.4659512268395682,1.0,1.0951030209606576,,0.3,True,,,,,0.06386,identity,rank_gauss,,,,,,,,
noise,0.21897,False,0.3813916245076527,14.549907130850704,1.3860684810475663,1.0,19.57702586664437,,0.3,,,,normal,0.0,,,,,,,,,,,
gaussian,,,0.0638283486096903,0.2597324178611853,0.785023249437323,1.0,1.0659114259870175,,0.3,True,,,,,0.51704,diagonal,gaussian,,,,,,,,
noise,0.14594,False,0.3817802549110441,9.600372913315113,1.3792617444589446,1.0,13.152754060689356,,0.3,,,,normal,0.0,,,,,,,,,,,
gaussian,,,0.0621840059015035,0.259842095089806,0.7256009798578283,1.0,1.066037091707755,,0.3,False,,,,,0.46501,diagonal,gaussian,,,,,,,,
noise,0.01125,True,0.0,0.0281814548621622,0.3223842208396089,1.0,1.062942701082048,,0.3,,,,normal,0.0,,,,,,,,,,,
noise,0.08692,True,0.0002724818839032,0.0296914522815933,0.3247201248785841,1.0,1.067800961179154,,0.3,,,,student_t,10.0,,,,,,,,,,,
gaussian,,,0.0094228316559142,0.0393756933454703,0.8378649676227803,1.0,1.094014679874649,,0.3,False,,,,,0.40708,diagonal,rank_gauss,,,,,,,,
noise,0.3046,False,0.3820021040123456,20.355192288933544,1.388554527112351,1.0,27.11789467793401,,0.3,,,,normal,0.0,,,,,,,,,,,
gaussian,,,0.0536171079541339,0.2629446098447274,0.4093399034908722,1.0,1.0700072188286716,,0.2,False,,,,,0.00542,identity,gaussian,,,,,,,,
noise,0.06368,False,0.377530826248295,4.030999151836325,1.324756894287137,1.0,5.952416855745,,0.3,,,,normal,0.0,,,,,,,,,,,
gaussian,,,0.0878969056770074,0.3568176798578027,0.506200534359513,1.0,1.1949831465148275,,0.3,False,,,,,0.16289,identity,gaussian,,,,,,,,
noise,0.03403,True,0.0,0.0282191368397589,0.3224270039348322,1.0,1.0633644543897067,,0.3,,,,student_t,3.0,,,,,,,,,,,
gaussian,,,0.1233934114150824,0.4283864445154813,0.6596245479789518,1.0,1.283906500846412,,0.3,False,,,,,0.31284,identity,gaussian,,,,,,,,
noise,0.00608,False,0.0387434487266802,0.2169885553345986,0.4099652989450695,1.0,1.2634105880161737,,0.3,,,,normal,0.0,,,,,,,,,,,
gaussian,,,0.0071524472598814,0.0393512004816172,0.5856917982265142,1.0,1.0938912029125776,,0.3,True,,,,,0.17775,identity,rank_gauss,,,,,,,,
noise,0.05,True,0.0,0.0284403584693259,0.3211047177674004,1.0,1.0642754401708834,,0.3,,,,normal,0.0,,,,,,,,,,,
gaussian,,,0.0669867341609339,0.260292290642372,0.5205777386489687,1.0,1.0664191801310294,,0.3,True,,,,,0.26138,diagonal,gaussian,,,,,,,,
noise,0.00867,True,0.0,0.0281810721367276,0.3224649365706578,1.0,1.0629133155728088,,0.3,,,,normal,0.0,,,,,,,,,,,
gaussian,,,0.0094556810796639,0.0393672206674674,0.8194969412874983,1.0,1.093919114790842,,0.3,True,,,,,0.38984,diagonal,rank_gauss,,,,,,,,
noise,0.09635,True,0.0,0.0306104466265112,0.3245855420603142,1.0,1.068890195749202,,0.3,,,,student_t,4.0,,,,,,,,,,,
gaussian,,,0.0789598851817213,0.3250014935932827,0.4571849406158683,1.0,1.1546719692193548,,0.3,False,,,,,0.10541,identity,gaussian,,,,,,,,
noise,0.16098,True,0.0,0.035457193313,0.322357215589504,1.0,1.0759110335135482,,0.3,,,,student_t,3.0,,,,,,,,,,,
gaussian,,,0.0158126900454919,0.0389903716498829,1.2990652794255415,1.0,1.0916160872534757,,0.3,False,,,,,0.87957,identity,rank_gauss,,,,,,,,
noise,0.0209,True,0.0,0.0282050904212975,0.3220762108722243,1.0,1.0631183455505575,,0.3,,,,normal,0.0,,,,,,,,,,,
gaussian,,,0.1665367917094158,0.5780566050634544,1.0605441563243474,1.0,1.4550330673442082,,0.3,True,,,,,0.6983,identity,gaussian,,,,,,,,
noise,0.00746,False,0.06751161870673,0.2938081173038479,0.4717346370964271,1.0,1.345138535923485,,0.3,,,,normal,0.0,,,,,,,,,,,
gaussian,,,0.0602096401966789,0.2591840039016445,1.37843908212858,1.0,1.0648238965714347,,0.3,False,,,,,0.97309,diagonal,gaussian,,,,,,,,
noise,0.01233,False,0.1736767006516,0.5921912157489815,0.6977948038035915,1.0,1.675165746331345,,0.3,,,,normal,0.0,,,,,,,,,,,
gaussian,,,0.0590354750060746,0.2597835799721321,0.7561736103031012,1.0,1.0659715244125252,,0.3,True,,,,,0.49198,diagonal,gaussian,,,,,,,,
noise,0.24505,False,0.3832747548640847,16.31783128728992,1.3871070895923263,1.0,21.873166452799705,,0.3,,,,normal,0.0,,,,,,,,,,,
noise,0.00764,False,0.0691318896605351,0.3041826406022018,0.480231669043677,1.0,1.3563170308713222,,0.3,,,,normal,0.0,,,,,,,,,,,
gaussian,,,0.0529785150177216,0.2601747998072737,0.5761827768489987,1.0,1.0663320554024798,,0.3,False,,,,,0.32282,diagonal,gaussian,,,,,,,,
noise,0.47107,False,0.382165946573417,31.64248380645124,1.3899296723241692,1.0,41.785260041038285,,0.3,,,,normal,0.0,,,,,,,,,,,
noise,0.01027,True,0.0,0.0281808211003325,0.3224149648121129,1.0,1.0629306656855808,,0.3,,,,normal,0.0,,,,,,,,,,,
gaussian,,,0.0600837168786895,0.2648418495039576,0.4095663657881091,1.0,1.0731114209798658,,0.3,True,,,,,0.00859,identity,gaussian,,,,,,,,
noise,0.01861,True,0.0,0.0281857995216064,0.3225628665254268,1.0,1.062991116614739,,0.3,,,,student_t,3.0,,,,,,,,,,,
gaussian,,,0.0620230385909654,0.2595538696233995,0.9018885065962636,1.0,1.0656741397284395,,0.3,False,,,,,0.61557,diagonal,gaussian,,,,,,,,
noise,0.19287,True,0.0006631680035668,0.0430290687569315,0.3252076532559553,1.0,1.082899942022181,,0.3,,,,student_t,5.0,,,,,,,,,,,
gaussian,,,0.1973572828301796,0.6519893552705674,1.281441002244319,1.0,1.5239222177163512,,0.2,True,,,,,0.90359,identity,gaussian,,,,,,,,
noise,0.00924,False,0.1075625971073071,0.3991942426295912,0.5570077389327222,1.0,1.4597706189869977,,0.3,,,,normal,0.0,,,,,,,,,,,
gaussian,,,0.1867885857098604,0.6327838011872835,1.2250518445811356,1.0,1.5075914603824052,,0.2,True,,,,,0.85167,identity,gaussian,,,,,,,,
noise,0.33582,True,0.0055169165827734,0.0885502032027449,0.3414905979851108,1.0,1.1238123865712173,,0.2,,,,normal,0.0,,,,,,,,,,,
gaussian,,,0.1895113010799625,0.6536083234542723,1.2862001593238348,1.0,1.5252607665851854,,0.2,False,,,,,0.90795,identity,gaussian,,,,,,,,
noise,0.01263,True,0.0,0.0281850133955613,0.3223407550113663,1.0,1.062961463012373,,0.2,,,,normal,0.0,,,,,,,,,,,
gaussian,,,0.0504103084568493,0.2602311081730563,0.549569154465573,1.0,1.066370608687128,,0.2,False,,,,,0.29438,diagonal,gaussian,,,,,,,,
noise,0.14342,False,0.3820598951495375,9.42963351686351,1.378811990548611,1.0,12.931320916230671,,0.2,,,,normal,0.0,,,,,,,,,,,
gaussian,,,0.0806467505946256,0.3390096714867884,0.477022234693402,1.0,1.1724957392320128,,0.2,False,,,,,0.13003,identity,gaussian,,,,,,,,
noise,0.43174,True,0.0125285159549003,0.1299804536053325,0.3786482336245259,1.0,1.1611870918349811,,0.2,,,,normal,0.0,,,,,,,,,,,
gaussian,,,0.1444746910001794,0.5155569532637436,0.8757593541370422,1.0,1.387090083693697,,0.2,True,,,,,0.52572,identity,gaussian,,,,,,,,
noise,0.10108,True,0.0002294021333706,0.0306639107525846,0.325110609113553,1.0,1.0693886921400724,,0.2,,,,student_t,10.0,,,,,,,,,,,
gaussian,,,0.0087568710803966,0.0393664767626748,0.8080388332672939,1.0,1.0938457753408408,,0.3,True,,,,,0.37901,identity,rank_gauss,,,,,,,,
noise,0.0081,True,0.0,0.028249611227714,0.3228993859210204,1.0,1.062977751316892,,0.2,,,,student_t,4.0,,,,,,,,,,,
gaussian,,,0.0160208529959157,0.0390059463372319,1.2920487029272918,1.0,1.0916873415253543,,0.3,False,,,,,0.87176,identity,rank_gauss,,,,,,,,
gaussian,,,0.0678157514143286,0.2592107810891627,1.2955860623105964,1.0,1.064749495861839,,0.2,True,,,,,0.9092,diagonal,gaussian,,,,,,,,
noise,0.31634,False,0.380615205197374,16.78563005749241,1.402415471774427,1.0,28.143552564767315,,0.3,,,,student_t,3.0,,,,,,,,,,,
gaussian,,,0.0606585500777413,0.2602025901184018,0.5632317785087324,1.0,1.0663510835898282,,0.2,False,,,,,0.30916,diagonal,gaussian,,,,,,,,
noise,0.02984,True,0.0,0.0281467586962229,0.3226668011850607,1.0,1.0633014756671462,,0.2,,,,student_t,5.0,,,,,,,,,,,
noise,0.03527,True,0.0,0.0282791493880694,0.3216023152929443,1.0,1.0635720463050853,,0.2,,,,normal,0.0,,,,,,,,,,,
gaussian,,,0.0085923966086768,0.0393398272058014,0.6142921375088904,1.0,1.0936098269486112,,0.3,False,,,,,0.20377,identity,rank_gauss,,,,,,,,
noise,0.03537,True,0.0,0.0282295287357908,0.3224142140200258,1.0,1.0634089691530586,,0.2,,,,student_t,3.0,,,,,,,,,,,
gaussian,,,0.0642638916681469,0.2589863735197174,1.217384643020637,1.0,1.065085600453292,,0.2,True,,,,,0.868,diagonal,gaussian,,,,,,,,
noise,0.0053,True,0.0,0.0281638946624636,0.3225725435800854,1.0,1.0628923561036787,,0.3,,,,student_t,8.0,,,,,,,,,,,
gaussian,,,0.0639171817925952,0.2592856483849072,1.0408171523470229,1.0,1.0653936433700708,,0.2,False,,,,,0.7284,diagonal,gaussian,,,,,,,,
noise,0.46245,True,0.011980490973399,0.1393436347160297,0.3977446120641278,1.0,1.1737592347052128,,0.2,,,,student_t,8.0,,,,,,,,,,,
gaussian,,,0.0748519409208248,0.316608531405195,0.4467160666558548,1.0,1.1439137578766296,,0.2,True,,,,,0.09115,identity,gaussian,,,,,,,,
noise,0.24867,True,0.0009044882788139,0.0510767040009956,0.3283672640402347,1.0,1.0938100043907617,,0.2,,,,student_t,3.0,,,,,,,,,,,
gaussian,,,0.0082588929620639,0.0393819284984815,0.8518831585319296,1.0,1.0940128689109605,,0.3,True,,,,,0.42051,diagonal,rank_gauss,,,,,,,,
noise,0.00788,True,0.0,0.0282474513908021,0.3228949039882269,1.0,1.0629738280351493,,0.3,,,,student_t,4.0,,,,,,,,,,,
noise,0.47132,False,0.3812470736024372,31.65943506472027,1.3899306254650527,1.0,41.807290711987626,,0.3,,,,normal,0.0,,,,,,,,,,,
gaussian,,,0.0080102981515742,0.0393581886337121,0.8927626697408382,1.0,1.0937634118498465,,0.3,True,,,,,0.45984,diagonal,rank_gauss,,,,,,,,
noise,0.00655,True,0.0,0.02818312145914,0.3225307184607943,1.0,1.0628947200191603,,0.2,,,,normal,0.0,,,,,,,,,,,
gaussian,,,0.0554961904449901,0.2595937762143626,0.8814783949507458,1.0,1.0657202742497636,,0.2,True,,,,,0.59865,diagonal,gaussian,,,,,,,,
noise,0.32663,True,0.0043232394425495,0.0795567098517235,0.348079257502377,1.0,1.119114906560067,,0.2,,,,student_t,5.0,,,,,,,,,,,
gaussian,,,0.0094883961775525,0.0393481167482438,0.6882356432604032,1.0,1.093441724690192,,0.3,False,,,,,0.26937,identity,rank_gauss,,,,,,,,
noise,0.35597,False,0.3827492962346316,18.925654969457533,1.4030111735148951,1.0,31.643320526741118,,0.3,,,,student_t,3.0,,,,,,,,,,,
gaussian,,,0.151817934768836,0.5246171438406345,0.9017389101670248,1.0,1.397265087953887,,0.2,False,,,,,0.54994,identity,gaussian,,,,,,,,
noise,0.19333,False,0.3807011284799334,12.811914606999974,1.3845961018212585,1.0,17.320366432803194,,0.3,,,,normal,0.0,,,,,,,,,,,
gaussian,,,0.0550673390758053,0.2603328079657389,0.5019881601156069,1.0,1.066454078406743,,0.2,False,,,,,0.23864,diagonal,gaussian,,,,,,,,
noise,0.01401,True,0.0,0.0281881022721636,0.3222970892417336,1.0,1.0629823464467285,,0.2,,,,normal,0.0,,,,,,,,,,,
gaussian,,,0.1762939838118414,0.5894793667679734,1.095329959805854,1.0,1.4667532131921146,,0.3,False,,,,,0.73084,identity,gaussian,,,,,,,,
noise,0.01843,False,0.2495854531527639,0.9498853358415706,0.9191613538627368,1.0,2.144771849505586,,0.3,,,,student_t,8.0,,,,,,,,,,,
gaussian,,,0.1721402726110778,0.5990014696049744,1.1242762082883957,1.0,1.4762617297326703,,0.2,False,,,,,0.7579,identity,gaussian,,,,,,,,
noise,0.45701,False,0.3821720027490891,30.689144637956083,1.3898739042963926,1.0,40.54626843720506,,0.3,,,,normal,0.0,,,,,,,,,,,
gaussian,,,0.0091006986543312,0.0392654970378078,1.052167984011129,1.0,1.0929799226919403,,0.3,True,,,,,0.6167,diagonal,rank_gauss,,,,,,,,
noise,0.04591,False,0.369793177955309,2.8312758797603825,1.2669090077404686,1.0,4.419293857756036,,0.2,,,,normal,0.0,,,,,,,,,,,
gaussian,,,0.0098558971711837,0.0392352876760261,1.078321265424756,1.0,1.0928043142828916,,0.3,False,,,,,0.64347,identity,rank_gauss,,,,,,,,
noise,0.04931,False,0.3612046944090963,2.6919391402068813,1.2873183229899632,1.0,4.744008492945738,,0.2,,,,student_t,4.0,,,,,,,,,,,
gaussian,,,0.1915889460075477,0.6636860350061913,1.3157940870101112,1.0,1.533446784264549,,0.2,True,,,,,0.93497,identity,gaussian,,,,,,,,
noise,0.01027,True,0.0,0.0282692884368555,0.3229433107374168,1.0,1.0630193414602178,,0.2,,,,student_t,4.0,,,,,,,,,,,
gaussian,,,0.1538447862868747,0.5217851521805872,0.8935875428176262,1.0,1.3940965435868435,,0.3,True,,,,,0.54234,identity,gaussian,,,,,,,,
noise,0.04768,False,0.3675117916441268,2.950603825172137,1.2752318766859427,1.0,4.570994088402663,,0.2,,,,normal,0.0,,,,,,,,,,,
gaussian,,,0.0657716211868986,0.2592140132554426,1.2877896047217654,1.0,1.0647444837199973,,0.2,False,,,,,0.90317,diagonal,gaussian,,,,,,,,
noise,0.02511,False,0.2928294063792324,1.3115298120612562,1.066590334369995,1.0,2.6875780939261213,,0.2,,,,student_t,5.0,,,,,,,,,,,
noise,0.0249,False,0.2551446993002355,1.085323940992771,1.0521975700710875,1.0,2.601593118579113,,0.2,,,,student_t,3.0,,,,,,,,,,,
gaussian,,,0.0098014940720794,0.0391554546235961,1.2095385074184146,1.0,1.0925952877084095,,0.3,True,,,,,0.78168,diagonal,rank_gauss,,,,,,,,
noise,0.02911,True,0.000173035167144,0.0281869193993628,0.3234038118302406,1.0,1.0635942919063457,,0.2,,,,student_t,10.0,,,,,,,,,,,
gaussian,,,0.010405219971511,0.0391218623560881,1.2401590862561995,1.0,1.0923504469505676,,0.3,True,,,,,0.81491,identity,rank_gauss,,,,,,,,
noise,0.03322,False,0.2999450679742119,1.524253930842151,1.173557496113578,1.0,3.2867155629812395,,0.2,,,,student_t,3.0,,,,,,,,,,,
gaussian,,,0.0058997363881141,0.0393000986895148,0.4877903512148983,1.0,1.0947534316027132,,0.3,True,,,,,0.08475,diagonal,rank_gauss,,,,,,,,
noise,0.46236,False,0.3814704466939953,31.05190214623558,1.3898956747814184,1.0,41.01771628914413,,0.3,,,,normal,0.0,,,,,,,,,,,
gaussian,,,0.0524087783956406,0.2604333010263585,0.4166946207228635,1.0,1.0666114787521006,,0.2,True,,,,,0.08157,diagonal,gaussian,,,,,,,,
noise,0.0713,True,3.194584374488496e-05,0.0287944098427602,0.3220547977126797,1.0,1.0653155994131096,,0.2,,,,student_t,3.0,,,,,,,,,,,
gaussian,,,0.0080655397341802,0.0393600625451241,0.5626914929702136,1.0,1.0942611655329513,,0.3,True,,,,,0.15691,identity,rank_gauss,,,,,,,,
noise,0.00544,False,0.0264724675128793,0.1833323813742092,0.3847120673888619,1.0,1.2283378663278053,,0.2,,,,normal,0.0,,,,,,,,,,,
gaussian,,,0.0691460893484656,0.2589862839707873,1.2174230369835766,1.0,1.0650855455616732,,0.2,True,,,,,0.86803,diagonal,gaussian,,,,,,,,
noise,0.00597,False,0.0328307456142794,0.2111019159906311,0.4054265334017394,1.0,1.2572389554057417,,0.2,,,,normal,0.0,,,,,,,,,,,
gaussian,,,0.0519690943254257,0.2604337888583927,0.4151827918979132,1.0,1.0666143741742435,,0.2,True,,,,,0.07503,diagonal,gaussian,,,,,,,,
noise,0.02301,False,0.2841573427116332,1.2426951083184568,1.033198731536977,1.0,2.513168987094367,,0.2,,,,student_t,8.0,,,,,,,,,,,
gaussian,,,0.0180770487788033,0.0389202265709363,1.3377721372001663,1.0,1.0914426163271376,,0.3,True,,,,,0.92262,identity,rank_gauss,,,,,,,,
noise,0.07225,True,0.0,0.0289821113227566,0.3203569509766676,1.0,1.0657943126193126,,0.2,,,,normal,0.0,,,,,,,,,,,
gaussian,,,0.0546105325094515,0.2598285497218273,0.7318110638459556,1.0,1.0660230598763365,,0.2,False,,,,,0.47053,diagonal,gaussian,,,,,,,,
gaussian,,,0.0123839394383387,0.0390750593669029,1.2570180109542763,1.0,1.0920587829919977,,0.3,True,,,,,0.83334,diagonal,rank_gauss,,,,,,,,
noise,0.01087,True,0.0,0.0281789360690625,0.3226285590723052,1.0,1.0628972903052318,,0.2,,,,student_t,3.0,,,,,,,,,,,
gaussian,,,0.0681149381873376,0.2592209939717407,1.2723315915239977,1.0,1.064735417115405,,0.2,True,,,,,0.89121,diagonal,gaussian,,,,,,,,
noise,0.44738,True,0.0149594859422547,0.1373365679899873,0.3863168676610392,1.0,1.167949891731468,,0.2,,,,normal,0.0,,,,,,,,,,,
noise,0.00614,True,0.0,0.0281838496448172,0.3225433832038312,1.0,1.062891701587445,,0.3,,,,normal,0.0,,,,,,,,,,,
gaussian,,,0.0564388448978752,0.2648177732049694,0.4095627147325198,1.0,1.0730724796627602,,0.3,False,,,,,0.00855,identity,gaussian,,,,,,,,
noise,0.15051,True,0.0,0.0357021136579984,0.3231768021632466,1.0,1.0750599266865908,,0.2,,,,student_t,5.0,,,,,,,,,,,
noise,0.38597,True,0.0069011861003546,0.1093666820078772,0.3586708135376149,1.0,1.1424361553535134,,0.2,,,,normal,0.0,,,,,,,,,,,
gaussian,,,0.0109348124323636,0.0390572510055747,1.2653866860295024,1.0,1.091949809908219,,0.3,True,,,,,0.84246,diagonal,rank_gauss,,,,,,,,
noise,0.1461,True,0.0004254475264273,0.0350780714176708,0.3230565752455083,1.0,1.0743527206188166,,0.3,,,,student_t,5.0,,,,,,,,,,,
noise,0.22867,True,0.0005035628409649,0.0532632390336187,0.334226238500752,1.0,1.0933130172668382,,0.3,,,,student_t,10.0,,,,,,,,,,,
noise,0.05707,False,0.3647386882312829,3.156070693452256,1.3146234361602678,1.0,5.422462645358984,,0.3,,,,student_t,4.0,,,,,,,,,,,
gaussian,,,0.013584387831832,0.0392481626544811,1.0668857871506503,1.0,1.0928581946980256,,0.3,True,,,,,0.63171,identity,rank_gauss,,,,,,,,
noise,0.00864,False,0.0999083075817287,0.3630540842487336,0.5281672963499067,1.0,1.420191812930774,,0.2,,,,normal,0.0,,,,,,,,,,,
gaussian,,,0.0059579630232953,0.0393533871028027,0.5947689738525808,1.0,1.0938059795223962,,0.3,True,,,,,0.18585,diagonal,rank_gauss,,,,,,,,
noise,0.01126,False,0.1526352768019988,0.5243157875693926,0.6511652795860126,1.0,1.5986994799841692,,0.3,,,,normal,0.0,,,,,,,,,,,
gaussian,,,0.0089880017309752,0.039376598792031,0.7642890104427975,1.0,1.09360568919089,,0.3,False,,,,,0.33886,identity,rank_gauss,,,,,,,,
gaussian,,,0.008521613372284,0.0392943556207616,0.4753261052772679,1.0,1.094945322178815,,0.3,False,,,,,0.07277,diagonal,rank_gauss,,,,,,,,
noise,0.04529,False,0.3666414076302278,2.7894879983664667,1.2638109960129529,1.0,4.366228760793211,,0.2,,,,normal,0.0,,,,,,,,,,,
gaussian,,,0.0095509557658557,0.0393557150343428,0.7524336133613755,1.0,1.093504282194273,,0.3,True,,,,,0.32792,identity,rank_gauss,,,,,,,,
noise,0.24309,True,0.001233495472635,0.0569075030743903,0.3231305907532744,1.0,1.095334166873228,,0.2,,,,normal,0.0,,,,,,,,,,,
gaussian,,,0.0203929765826945,0.0387718342868776,1.4055350438704473,1.0,1.091036775506675,,0.3,False,,,,,0.99864,diagonal,rank_gauss,,,,,,,,
noise,0.00618,False,0.0308975167926029,0.2034680944919082,0.4190841757646386,1.0,1.2692804151792163,,0.3,,,,student_t,5.0,,,,,,,,,,,
gaussian,,,0.0692561783342931,0.2590266879806374,1.1990995212320117,1.0,1.0651126662091646,,0.2,False,,,,,0.85369,diagonal,gaussian,,,,,,,,
noise,0.06784,False,0.374615402516568,3.80091962147078,1.339351348920066,1.0,6.369617972346141,,0.2,,,,student_t,4.0,,,,,,,,,,,
gaussian,,,0.0069998134166634,0.0392788092482156,0.4058776791399394,1.0,1.0956054163967504,,0.3,False,,,,,0.00079,identity,rank_gauss,,,,,,,,
noise,0.40074,False,0.3824176758760219,25.994356911388014,1.4171851841015817,1.0,35.95546798812397,,0.3,,,,student_t,8.0,,,,,,,,,,,
gaussian,,,0.0594018863029534,0.2601450146827683,0.5915228258468073,1.0,1.066306098404843,,0.2,True,,,,,0.33861,diagonal,gaussian,,,,,,,,
noise,0.08949,True,0.0,0.0297271552919806,0.3198120405953364,1.0,1.0673474772247105,,0.3,,,,normal,0.0,,,,,,,,,,,
gaussian,,,0.0108449528841455,0.0388948893688352,1.348333482377654,1.0,1.0913492305145946,,0.3,False,,,,,0.93436,diagonal,rank_gauss,,,,,,,,
noise,0.03393,True,0.0,0.028218332384027,0.3224279530535196,1.0,1.0633612097618903,,0.2,,,,student_t,3.0,,,,,,,,,,,
gaussian,,,0.0089855809985889,0.0393772620993677,0.7656994359351816,1.0,1.0936132274091872,,0.3,False,,,,,0.34012,diagonal,rank_gauss,,,,,,,,
noise,0.15229,True,0.0003292734278542,0.0367950820091338,0.3271988191998676,1.0,1.0769375613037522,,0.3,,,,student_t,10.0,,,,,,,,,,,
gaussian,,,0.0076449215953999,0.039375178786303,0.828713757819233,1.0,1.0939857946344724,,0.3,False,,,,,0.39837,identity,rank_gauss,,,,,,,,
noise,0.00956,True,0.0002986861776717,0.0281556265407577,0.3227211042440632,1.0,1.0628997946000285,,0.2,,,,student_t,5.0,,,,,,,,,,,
noise,0.09874,True,0.0,0.0302769003709279,0.3195444833351746,1.0,1.0683157152226772,,0.2,,,,normal,0.0,,,,,,,,,,,
gaussian,,,0.0652016670750118,0.259280288814919,1.197048490796037,1.0,1.064682416215327,,0.2,False,,,,,0.83281,diagonal,gaussian,,,,,,,,
noise,0.00678,True,5.283151877533143e-05,0.0281828521874329,0.3225236056938627,1.0,1.0628964952918036,,0.2,,,,normal,0.0,,,,,,,,,,,
gaussian,,,0.1808148801607395,0.6210512697145594,1.1908269070686348,1.0,1.4972602700265811,,0.2,True,,,,,0.81994,identity,gaussian,,,,,,,,
noise,0.02463,True,0.0,0.0281429831866881,0.322684543144742,1.0,1.0631546847471829,,0.2,,,,student_t,5.0,,,,,,,,,,,
gaussian,,,0.0142868915125461,0.038786580063201,1.3975336074945115,1.0,1.0910366253125456,,0.3,True,,,,,0.98957,diagonal,rank_gauss,,,,,,,,
noise,0.36375,True,0.0049536945626437,0.0999012585051694,0.3504290241728451,1.0,1.133925949656341,,0.2,,,,normal,0.0,,,,,,,,,,,
gaussian,,,0.0080659945305545,0.0393492071329986,0.7113975506837293,1.0,1.09353521598477,,0.3,True,,,,,0.2902,identity,rank_gauss,,,,,,,,
noise,0.16395,False,0.3825010909132815,10.820736698873542,1.3818659210817212,1.0,14.735914367600676,,0.3,,,,normal,0.0,,,,,,,,,,,
gaussian,,,0.0537082875224521,0.2599939450079395,0.6551245674451118,1.0,1.0661840035884484,,0.3,True,,,,,0.40062,diagonal,gaussian,,,,,,,,
noise,0.0554,True,0.0,0.0284262405279127,0.3225593724109959,1.0,1.0644577581465064,,0.2,,,,student_t,5.0,,,,,,,,,,,
noise,0.01056,False,0.1355705303233637,0.4804359779139407,0.6193059209999613,1.0,1.5496780235977765,,0.2,,,,normal,0.0,,,,,,,,,,,
gaussian,,,0.0819610664604193,0.3276752494467038,0.4607507242407913,1.0,1.1580861572563894,,0.2,False,,,,,0.11003,identity,gaussian,,,,,,,,
noise,0.23503,True,0.0006032343237395,0.0524856555129359,0.3293130412286341,1.0,1.0925006810743505,,0.2,,,,student_t,5.0,,,,,,,,,,,
gaussian,,,0.0059396067217138,0.03935085188113,0.5806672626646113,1.0,1.0939682871725371,,0.3,True,,,,,0.17332,identity,rank_gauss,,,,,,,,
noise,0.07811,True,0.0,0.0292036201360502,0.3201665196960233,1.0,1.0662854640917272,,0.2,,,,normal,0.0,,,,,,,,,,,
gaussian,,,0.008946594644575,0.0392805776197462,1.0034561188377131,1.0,1.093012332754664,,0.3,False,,,,,0.56762,diagonal,rank_gauss,,,,,,,,
noise,0.02048,False,0.2526249879282731,1.027034651083584,0.9690435163742804,1.0,2.3083797880309387,,0.2,,,,student_t,5.0,,,,,,,,,,,
gaussian,,,0.1657766882715474,0.563896575685522,1.0176087806381218,1.0,1.440111120850241,,0.2,True,,,,,0.65812,identity,gaussian,,,,,,,,
noise,0.01069,False,0.1228439653537563,0.4779058903361274,0.6292064459534049,1.0,1.5667367966854182,,0.2,,,,student_t,10.0,,,,,,,,,,,
gaussian,,,0.008912940937971,0.0393561758351426,0.8996767179750642,1.0,1.0937493466575603,,0.3,True,,,,,0.46662,diagonal,rank_gauss,,,,,,,,
noise,0.0418,False,0.3623389485172832,2.55443377064009,1.2443486955265597,1.0,4.068282489847682,,0.3,,,,normal,0.0,,,,,,,,,,,
gaussian,,,0.0137382772231916,0.0391605252895401,1.2020684304342404,1.0,1.0926669480227698,,0.3,True,,,,,0.77355,identity,rank_gauss,,,,,,,,
noise,0.0474,False,0.3551180480012008,2.577788853126507,1.2787756813660878,1.0,4.577722014280922,,0.2,,,,student_t,4.0,,,,,,,,,,,
noise,0.02106,False,0.2897669365490306,1.1636012845844097,0.9807820832227122,1.0,2.344076356450414,,0.2,,,,normal,0.0,,,,,,,,,,,
gaussian,,,0.0087681010764023,0.0393498565472731,0.7199674842732566,1.0,1.0935533008381249,,0.3,False,,,,,0.29825,identity,rank_gauss,,,,,,,,
noise,0.01002,True,0.0,0.02818051362793,0.3224227911574078,1.0,1.0629277667226285,,0.2,,,,normal,0.0,,,,,,,,,,,
gaussian,,,0.1974411903618533,0.6619538573422862,1.3107216893959903,1.0,1.5320602935379786,,0.2,True,,,,,0.93035,identity,gaussian,,,,,,,,
noise,0.29396,False,0.3822153130073719,19.63380213838112,1.3883655269653588,1.0,26.18067001923644,,0.3,,,,normal,0.0,,,,,,,,,,,
gaussian,,,0.0617301180767686,0.2593533226244794,0.9970196882379329,1.0,1.065479936117688,,0.2,True,,,,,0.69321,diagonal,gaussian,,,,,,,,
noise,0.29401,False,0.382232504661919,19.63719212595496,1.3883664740214845,1.0,26.18507415670596,,0.3,,,,normal,0.0,,,,,,,,,,,
gaussian,,,0.0580167891627034,0.2602143382431105,0.5579260001097953,1.0,1.0663583752094596,,0.3,False,,,,,0.30347,diagonal,gaussian,,,,,,,,
noise,0.02239,True,0.0,0.0281844827773711,0.3225317129399078,1.0,1.0630589776491248,,0.3,,,,student_t,3.0,,,,,,,,,,,
gaussian,,,0.0556435476361316,0.2597101612867444,0.8010269746806093,1.0,1.0658790685678787,,0.3,False,,,,,0.53079,diagonal,gaussian,,,,,,,,
noise,0.02204,False,0.271220538181305,1.1225739131122172,1.0054995568546878,1.0,2.4349808472371044,,0.2,,,,student_t,5.0,,,,,,,,,,,
gaussian,,,0.1680195355464598,0.5743610260192351,1.049286891030297,1.0,1.4511685140249957,,0.3,False,,,,,0.68776,identity,gaussian,,,,,,,,
noise,0.00507,False,0.0160660262103677,0.1472444935509762,0.3804346557455711,1.0,1.2095935008705996,,0.3,,,,student_t,4.0,,,,,,,,,,,
gaussian,,,0.0096124803172581,0.039379012994007,0.8625011356668053,1.0,1.0939740761350398,,0.3,False,,,,,0.4305,diagonal,rank_gauss,,,,,,,,
noise,0.13983,False,0.3831783222149083,9.18639395946038,1.3781284473434785,1.0,12.615908355951412,,0.3,,,,normal,0.0,,,,,,,,,,,
gaussian,,,0.0107822367728058,0.0393511371265635,0.7443280408006872,1.0,1.093512788008065,,0.3,True,,,,,0.32048,identity,rank_gauss,,,,,,,,
noise,0.00776,True,0.0,0.0281537141415826,0.3224983333841664,1.0,1.0629138449091262,,0.3,,,,student_t,8.0,,,,,,,,,,,
gaussian,,,0.0125255465006565,0.0392142265744986,1.1281269321666532,1.0,1.0927345642920514,,0.3,False,,,,,0.69532,diagonal,rank_gauss,,,,,,,,
noise,0.01119,True,0.00011819634022,0.0281814339689149,0.322386106075298,1.0,1.0629419334725845,,0.2,,,,normal,0.0,,,,,,,,,,,
gaussian,,,0.0116173755484623,0.0392264825833161,1.113608308388992,1.0,1.0927777932406344,,0.3,False,,,,,0.6801,diagonal,rank_gauss,,,,,,,,
noise,0.09976,True,0.0,0.0303440663950787,0.3195163799693135,1.0,1.0684282352397625,,0.2,,,,normal,0.0,,,,,,,,,,,
gaussian,,,0.0149402926570313,0.0389380141758323,1.332519598436778,1.0,1.0914943678918143,,0.3,True,,,,,0.91676,diagonal,rank_gauss,,,,,,,,
noise,0.00547,False,0.0146992084625212,0.1423380959098861,0.3818465566095107,1.0,1.2166852821600125,,0.2,,,,student_t,3.0,,,,,,,,,,,
gaussian,,,0.0141995012469897,0.0389775585939264,1.3030199825303244,1.0,1.0915771443150244,,0.3,True,,,,,0.88393,diagonal,rank_gauss,,,,,,,,
noise,0.051,True,9.24779898018313e-05,0.0283712508454533,0.322257615374159,1.0,1.0640706218667462,,0.2,,,,student_t,3.0,,,,,,,,,,,
noise,0.11629,False,0.3803315760969518,5.987673805618646,1.3833397835892651,1.0,10.499998781832565,,0.2,,,,student_t,3.0,,,,,,,,,,,
gaussian,,,0.1870573430126931,0.6479220683501132,1.2694933750413977,1.0,1.5205346687566688,,0.2,True,,,,,0.89263,identity,gaussian,,,,,,,,
noise,0.1101,False,0.3805163321032922,7.172686519786957,1.3696330512573434,1.0,10.006499303455843,,0.2,,,,normal,0.0,,,,,,,,,,,
gaussian,,,0.0597167593614882,0.2594584710013111,0.9492498339491802,1.0,1.0655737555508835,,0.2,False,,,,,0.65446,diagonal,gaussian,,,,,,,,
noise,0.03894,False,0.3629699858683598,2.3619321132601785,1.2252388572684303,1.0,3.825218411862063,,0.2,,,,normal,0.0,,,,,,,,,,,
noise,0.0138,False,0.1632695644066197,0.6250784832826924,0.7586600338604703,1.0,1.786057112730885,,0.2,,,,student_t,5.0,,,,,,,,,,,
gaussian,,,0.0091378851980638,0.0392075652522943,1.137356100906076,1.0,1.0927297810249674,,0.3,False,,,,,0.70505,diagonal,rank_gauss,,,,,,,,
noise,0.01826,False,0.2563843572904128,0.978175189218154,0.9074768444671342,1.0,2.12294679928303,,0.2,,,,normal,0.0,,,,,,,,,,,
gaussian,,,0.0090859470384174,0.0393322393070985,0.951058952512284,1.0,1.093376049721877,,0.3,True,,,,,0.51619,diagonal,rank_gauss,,,,,,,,
gaussian,,,0.0079809503496344,0.0393487946273421,0.9127302621413292,1.0,1.0936648847661012,,0.3,True,,,,,0.47925,identity,rank_gauss,,,,,,,,
noise,0.01275,True,0.0,0.0281854578137812,0.3223369658797715,1.0,1.0629631947464024,,0.2,,,,normal,0.0,,,,,,,,,,,
gaussian,,,0.1592648933714041,0.5448714485348543,0.960683000480422,1.0,1.419556332438757,,0.3,False,,,,,0.60495,identity,gaussian,,,,,,,,
noise,0.12317,False,0.3825911794235935,8.05785930349943,1.3741387486201977,1.0,11.153002021419637,,0.3,,,,normal,0.0,,,,,,,,,,,
gaussian,,,0.0118342420702821,0.0393602771566434,0.8870264952447912,1.0,1.0937980821549598,,0.3,False,,,,,0.45429,identity,rank_gauss,,,,,,,,
noise,0.02743,False,0.3285668735902246,1.5487023597401726,1.102115979349629,1.0,2.8824324361187736,,0.2,,,,student_t,10.0,,,,,,,,,,,
gaussian,,,0.0715041642164637,0.3313760677966916,0.4658625738093911,1.0,1.162805104949144,,0.3,False,,,,,0.11649,identity,gaussian,,,,,,,,
noise,0.37453,False,0.3814132614119881,19.9279296243986,1.403229513203582,1.0,33.28252692036788,,0.3,,,,student_t,3.0,,,,,,,,,,,
gaussian,,,0.0082940624088292,0.0393504044721397,0.9289428695682336,1.0,1.0935996779459003,,0.3,True,,,,,0.49482,diagonal,rank_gauss,,,,,,,,
noise,0.13222,True,0.0,0.0333240239116305,0.318829000418765,1.0,1.0726029925192668,,0.2,,,,normal,0.0,,,,,,,,,,,
noise,0.01615,True,0.0,0.0281463121245285,0.3227080888907856,1.0,1.0629802172574476,,0.3,,,,student_t,5.0,,,,,,,,,,,
gaussian,,,0.0729425867127543,0.2592565169865121,1.0622713762678144,1.0,1.0653540201708225,,0.3,True,,,,,0.74555,diagonal,gaussian,,,,,,,,
noise,0.00843,True,0.0005420938838731,0.0281706633820473,0.3229321311076179,1.0,1.0629826957244544,,0.2,,,,student_t,10.0,,,,,,,,,,,
noise,0.00933,False,0.1107697463849812,0.404660701880627,0.5613208271302688,1.0,1.465782698057312,,0.2,,,,normal,0.0,,,,,,,,,,,
gaussian,,,0.0064153763627269,0.0393459890603125,0.6085107615459256,1.0,1.0936739002168805,,0.3,False,,,,,0.19846,identity,rank_gauss,,,,,,,,
noise,0.03773,True,0.0,0.0282981575540811,0.3215197845640113,1.0,1.063672745590447,,0.2,,,,normal,0.0,,,,,,,,,,,
gaussian,,,0.1911685268508388,0.6268588481995397,1.207782177276032,1.0,1.5024179403085811,,0.2,False,,,,,0.83568,identity,gaussian,,,,,,,,
noise,0.20802,True,0.0,0.0476575157418523,0.3201785658986527,1.0,1.0867580830746495,,0.2,,,,normal,0.0,,,,,,,,,,,
gaussian,,,0.0612695806879494,0.2603625196063643,0.478885730799784,1.0,1.0664959967912595,,0.2,True,,,,,0.20783,diagonal,gaussian,,,,,,,,
noise,0.006,False,0.0362430819164099,0.2097398442891641,0.4159462786645572,1.0,1.2641320596184498,,0.2,,,,student_t,10.0,,,,,,,,,,,
gaussian,,,0.1801374396438776,0.6076828554854969,1.1507019429401506,1.0,1.4847433978604634,,0.2,False,,,,,0.78257,identity,gaussian,,,,,,,,
noise,0.31321,True,0.0046219767904808,0.0799410075995429,0.3354449540012477,1.0,1.1161253403260194,,0.2,,,,normal,0.0,,,,,,,,,,,
noise,0.00604,False,0.0393852540754684,0.2148439708189028,0.408305779910889,1.0,1.2611598029189246,,0.2,,,,normal,0.0,,,,,,,,,,,
gaussian,,,0.1877888958582419,0.6348509172013885,1.231099917645275,1.0,1.509384035328993,,0.2,False,,,,,0.85726,identity,gaussian,,,,,,,,
noise,0.08317,False,0.372268948040196,4.203259645371839,1.3620742411788778,1.0,7.594819242398039,,0.2,,,,student_t,3.0,,,,,,,,,,,
gaussian,,,0.0706707642279256,0.2592025873204752,1.3079532744904885,1.0,1.064759982868915,,0.2,True,,,,,0.91876,diagonal,gaussian,,,,,,,,
noise,0.36566,True,0.0064160541063088,0.0997979192074176,0.3683296473324566,1.0,1.1366574060021597,,0.2,,,,student_t,10.0,,,,,,,,,,,
gaussian,,,0.0065120312411045,0.0393433795028637,0.6455279349857975,1.0,1.093435603025973,,0.3,False,,,,,0.23157,identity,rank_gauss,,,,,,,,
noise,0.13864,True,1.7704580264621406e-05,0.0341440380896952,0.318754901191062,1.0,1.0735644482832103,,0.2,,,,normal,0.0,,,,,,,,,,,
gaussian,,,0.0573092932082197,0.2597587858903793,0.4085109818604808,1.0,1.0645688192678953,,0.2,False,,,,,0.03332,diagonal,gaussian,,,,,,,,
noise,0.00719,True,0.0,0.0281557308179624,0.3225155703316417,1.0,1.0629082674106094,,0.2,,,,student_t,8.0,,,,,,,,,,,
gaussian,,,0.0058942689984676,0.0392802415463875,0.4132073651627507,1.0,1.0955469017272617,,0.3,True,,,,,0.00885,identity,rank_gauss,,,,,,,,
noise,0.04015,True,0.0,0.0286282232993206,0.3235044422705932,1.0,1.0641256436656217,,0.2,,,,student_t,4.0,,,,,,,,,,,
gaussian,,,0.0713883055639484,0.2592589064351025,1.0601904517525451,1.0,1.0653580222433647,,0.2,True,,,,,0.74389,diagonal,gaussian,,,,,,,,
noise,0.00837,False,0.0829307879138896,0.3469667770249696,0.5151660149856324,1.0,1.4026712022632668,,0.2,,,,normal,0.0,,,,,,,,,,,
gaussian,,,0.0523492860409133,0.2604309506354095,0.4190540576652551,1.0,1.066606543154606,,0.2,True,,,,,0.09049,diagonal,gaussian,,,,,,,,
noise,0.06028,False,0.3674146048431109,2.9719272212709216,1.3243082463402225,1.0,5.600412280535869,,0.3,,,,student_t,3.0,,,,,,,,,,,
gaussian,,,0.015413209104794,0.0391605311526212,1.2020413957042255,1.0,1.0926673270601124,,0.3,True,,,,,0.77352,diagonal,rank_gauss,,,,,,,,
noise,0.04239,False,0.3401714641920855,2.012801855989478,1.2508526326032672,1.0,4.061128951309529,,0.2,,,,student_t,3.0,,,,,,,,,,,
gaussian,,,0.1872816933387319,0.656475653358876,1.2946356050448773,1.0,1.5276183387177436,,0.2,True,,,,,0.91567,identity,gaussian,,,,,,,,
noise,0.07763,False,0.3765335349236211,4.387817989180467,1.353965465399572,1.0,7.234414856607351,,0.2,,,,student_t,4.0,,,,,,,,,,,
noise,0.16173,True,4.755182542737213e-05,0.037813168641836,0.3187239256074875,1.0,1.07738862037194,,0.2,,,,normal,0.0,,,,,,,,,,,
noise,0.38587,False,0.3820608823498605,25.267603051903777,1.4019038914935626,1.0,34.59274986579394,,0.3,,,,student_t,10.0,,,,,,,,,,,
gaussian,,,0.0634269134584384,0.2592793555479003,1.1979621251607206,1.0,1.0646831851746916,,0.2,True,,,,,0.83352,diagonal,gaussian,,,,,,,,
noise,0.18491,False,0.3810206032044966,12.241223293359656,1.3839623200330056,1.0,16.579509836043208,,0.3,,,,normal,0.0,,,,,,,,,,,
gaussian,,,0.0068967636207918,0.0393542832056513,0.7052109238156306,1.0,1.0935249087209022,,0.3,True,,,,,0.28458,diagonal,rank_gauss,,,,,,,,
noise,0.00674,True,0.0,0.0281577015475626,0.322529160690134,1.0,1.0629041190702029,,0.2,,,,student_t,8.0,,,,,,,,,,,
gaussian,,,0.0072346694417096,0.0393331801760748,0.5375644549763603,1.0,1.0944113372672064,,0.3,False,,,,,0.13279,identity,rank_gauss,,,,,,,,
noise,0.43252,False,0.3825364569491764,25.72965699013322,1.401741580130001,1.0,38.92587982841229,,0.3,,,,student_t,4.0,,,,,,,,,,,
noise,0.04337,True,0.0,0.0283521319327506,0.3213295245948632,1.0,1.0639290087221087,,0.2,,,,normal,0.0,,,,,,,,,,,
gaussian,,,0.0585560860789854,0.2603928917175218,0.4521601209173605,1.0,1.0665430028398233,,0.2,False,,,,,0.16637,diagonal,gaussian,,,,,,,,
noise,0.03606,True,0.0001451785446456,0.0282843619042664,0.3215758468968736,1.0,1.063603651198488,,0.3,,,,normal,0.0,,,,,,,,,,,
gaussian,,,0.0050829084968482,0.0393507984117721,0.6932700297850276,1.0,1.093486888901337,,0.3,False,,,,,0.27391,diagonal,rank_gauss,,,,,,,,
noise,0.26931,False,0.3811455276447247,15.91095780289308,1.3990606443449445,1.0,24.330449442425085,,0.3,,,,student_t,4.0,,,,,,,,,,,
gaussian,,,0.1728182800172253,0.5783227676510712,1.0613559163741764,1.0,1.4553103713322275,,0.3,True,,,,,0.69906,identity,gaussian,,,,,,,,
gaussian,,,0.0106073679117095,0.0392805264615927,0.9963333554571562,1.0,1.0930261439440423,,0.3,False,,,,,0.56065,diagonal,rank_gauss,,,,,,,,
noise,0.11051,False,0.3805457731258613,6.956565844935421,1.3937341635599183,1.0,10.136711946760467,,0.2,,,,student_t,8.0,,,,,,,,,,,
gaussian,,,0.191532772377049,0.6500584645985159,1.2757703351335286,1.0,1.5223191528485391,,0.2,True,,,,,0.89839,identity,gaussian,,,,,,,,
noise,0.00845,False,0.0508997051020951,0.3071141472870837,0.5241419863719805,1.0,1.4056176502311413,,0.2,,,,student_t,4.0,,,,,,,,,,,
gaussian,,,0.0069593447016129,0.0393406455900593,0.6818837517543725,1.0,1.0933655365357844,,0.3,False,,,,,0.26352,diagonal,rank_gauss,,,,,,,,
noise,0.26593,False,0.382133161996359,14.063666005680492,1.4012306654075446,1.0,23.692761080919738,,0.3,,,,student_t,3.0,,,,,,,,,,,
gaussian,,,0.0607742154644752,0.2597728777815198,0.7628614560088002,1.0,1.0659576246329046,,0.2,True,,,,,0.49782,diagonal,gaussian,,,,,,,,
noise,0.475,True,0.0104692029458064,0.1349575966759218,0.4176088007680102,1.0,1.180691339889352,,0.2,,,,student_t,4.0,,,,,,,,,,,
gaussian,,,0.1056425717720246,0.4079886705040044,0.6109185715606702,1.0,1.2588052819387028,,0.2,False,,,,,0.26721,identity,gaussian,,,,,,,,
noise,0.06272,False,0.3742218282749834,3.826978088091505,1.3430991528979077,1.0,5.919027699987416,,0.3,,,,student_t,8.0,,,,,,,,,,,
gaussian,,,0.0082751966274163,0.0392805934737079,1.003997251608544,1.0,1.093011572735971,,0.3,True,,,,,0.56816,identity,rank_gauss,,,,,,,,
noise,0.13644,False,0.3807077418408018,7.920250202977854,1.3870241643944072,1.0,12.463067611466998,,0.2,,,,student_t,4.0,,,,,,,,,,,
gaussian,,,0.0105557752516012,0.0393533824268065,0.9050162728637364,1.0,1.0937267972501743,,0.3,False,,,,,0.47182,identity,rank_gauss,,,,,,,,
noise,0.02641,False,0.3278243984438554,1.5207333391486624,1.086476518351419,1.0,2.777498485951288,,0.2,,,,normal,0.0,,,,,,,,,,,
gaussian,,,0.0111185676158835,0.0391660401887993,1.199775669056523,1.0,1.0927020480990823,,0.3,False,,,,,0.77107,identity,rank_gauss,,,,,,,,
noise,0.00684,True,0.0,0.0281734725330876,0.3228945967669652,1.0,1.0629552246559513,,0.2,,,,student_t,10.0,,,,,,,,,,,
gaussian,,,0.007353996123861,0.0393505996303019,0.7245383612482355,1.0,1.0935487280116247,,0.3,True,,,,,0.30236,identity,rank_gauss,,,,,,,,
noise,0.48914,False,0.3824997190970751,32.867725431983345,1.3899949677410397,1.0,43.377655805382325,,0.3,,,,normal,0.0,,,,,,,,,,,
gaussian,,,0.0071664925050326,0.039339995500228,0.6288462878691027,1.0,1.0935195270438829,,0.3,True,,,,,0.21687,identity,rank_gauss,,,,,,,,
noise,0.00705,False,0.0536108639314791,0.2704510385934437,0.4526532293167685,1.0,1.320094210008932,,0.2,,,,normal,0.0,,,,,,,,,,,
gaussian,,,0.0115649535199,0.0392282150919864,1.102217314387,1.0,1.092799999790123,,0.3,True,,,,,0.66813,diagonal,rank_gauss,,,,,,,,
noise,0.09482,False,0.3780433830140755,5.419458638468951,1.3699342738112144,1.0,8.758420058418109,,0.2,,,,student_t,4.0,,,,,,,,,,,
gaussian,,,0.1052166944039835,0.4077594801533333,0.6103910013432441,1.0,1.2585219470977715,,0.2,False,,,,,0.26671,identity,gaussian,,,,,,,,
gaussian,,,0.1641869695008891,0.5671859698368161,1.0275459106432476,1.0,1.4436081752951675,,0.2,True,,,,,0.66741,identity,gaussian,,,,,,,,
gaussian,,,0.0080664650878561,0.0393537405748637,0.7055602692811928,1.0,1.0935243938669563,,0.3,True,,,,,0.28489,identity,rank_gauss,,,,,,,,
noise,0.0962,True,0.0005805579096483,0.029713441164198,0.3198382957487897,1.0,1.068138689830145,,0.2,,,,student_t,8.0,,,,,,,,,,,
gaussian,,,0.0068807728784225,0.0393476865419142,0.6484704884571288,1.0,1.093430334481537,,0.3,False,,,,,0.23418,identity,rank_gauss,,,,,,,,
noise,0.00702,False,0.0483770334263327,0.2452402689024038,0.4555677043726749,1.0,1.3183890587177185,,0.2,,,,student_t,5.0,,,,,,,,,,,
noise,0.0802,False,0.3779549257931164,4.756731913188938,1.3491370700227916,1.0,7.492883489199242,,0.2,,,,student_t,5.0,,,,,,,,,,,
gaussian,,,0.0154204293863779,0.0389243641842297,1.3365626001339006,1.0,1.0914579870484933,,0.3,False,,,,,0.92128,diagonal,rank_gauss,,,,,,,,
noise,0.06587,False,0.3662536429246202,3.272368118095122,1.3369504267697905,1.0,6.085731054251731,,0.2,,,,student_t,3.0,,,,,,,,,,,
gaussian,,,0.0068260369473021,0.0393702654048898,0.7953835193049338,1.0,1.0937839165142056,,0.3,True,,,,,0.36725,identity,rank_gauss,,,,,,,,
noise,0.14762,False,0.3817222369178764,8.592225644020726,1.389372534472603,1.0,13.46008903926921,,0.2,,,,student_t,4.0,,,,,,,,,,,
gaussian,,,0.1203852500278829,0.4320313318881508,0.6534552274887736,1.0,1.2888566196075617,,0.2,False,,,,,0.3181,identity,gaussian,,,,,,,,
noise,0.01142,False,0.1491382421713948,0.5344146962742595,0.6583018771579073,1.0,1.6100226244244749,,0.2,,,,normal,0.0,,,,,,,,,,,
gaussian,,,0.1202344438975506,0.4368309840833765,0.6652044800428724,1.0,1.2947078060238906,,0.2,False,,,,,0.32922,identity,gaussian,,,,,,,,
noise,0.02769,False,0.3247048321695757,1.6064356303553489,1.106432550963124,1.0,2.882784097357346,,0.2,,,,normal,0.0,,,,,,,,,,,
gaussian,,,0.05821688560685,0.2597528034430475,0.7736940097461329,1.0,1.0659347281203675,,0.2,False,,,,,0.50724,diagonal,gaussian,,,,,,,,
noise,0.0224,True,0.0,0.0281844547886628,0.3225316285159692,1.0,1.0630591775587832,,0.2,,,,student_t,3.0,,,,,,,,,,,
gaussian,,,0.1828903285409081,0.6210110075673592,1.1907085542226976,1.0,1.4972239915008985,,0.2,False,,,,,0.81983,identity,gaussian,,,,,,,,
noise,0.01742,False,0.244581269825487,0.9228376354342496,0.8825915419543158,1.0,2.05761135642548,,0.2,,,,normal,0.0,,,,,,,,,,,
gaussian,,,0.0123039564384549,0.0393691437508214,0.7761933561931991,1.0,1.093627404696215,,0.3,True,,,,,0.34957,identity,rank_gauss,,,,,,,,
noise,0.10038,False,0.3799404325661127,6.3609516375609525,1.3723677385154005,1.0,9.233989800474635,,0.2,,,,student_t,10.0,,,,,,,,,,,
gaussian,,,0.1711363931349256,0.5826633891247087,1.0746078395662075,1.0,1.4598105790184577,,0.2,True,,,,,0.71146,identity,gaussian,,,,,,,,
noise,0.1752,True,1.282020212090007e-05,0.0403739770727684,0.3189111341403601,1.0,1.07988196074972,,0.2,,,,normal,0.0,,,,,,,,,,,
gaussian,,,0.0136463497194762,0.0392843741484964,1.0161339395602964,1.0,1.0929916341206474,,0.3,True,,,,,0.58027,diagonal,rank_gauss,,,,,,,,
noise,0.0397,True,0.0,0.0282009256267192,0.3226280040596357,1.0,1.0636617264412933,,0.2,,,,student_t,5.0,,,,,,,,,,,
gaussian,,,0.0130706972933001,0.0389564276006103,1.322366540010237,1.0,1.0915502802851855,,0.3,True,,,,,0.90551,diagonal,rank_gauss,,,,,,,,
noise,0.01584,True,0.0,0.0281918791474606,0.3222388819391986,1.0,1.0630133114699234,,0.2,,,,normal,0.0,,,,,,,,,,,
gaussian,,,0.0130206179060602,0.039179918573384,1.1931210849919802,1.0,1.0927633176073013,,0.3,False,,,,,0.76396,diagonal,rank_gauss,,,,,,,,
noise,0.32758,True,0.0055930309285234,0.085351448163406,0.3391645431513123,1.0,1.1209577924061906,,0.3,,,,normal,0.0,,,,,,,,,,,
gaussian,,,0.1244200750158537,0.4519333490865895,0.703152537261928,1.0,1.3129690419634827,,0.2,False,,,,,0.36489,identity,gaussian,,,,,,,,
noise,0.00552,False,0.0250219843988759,0.1852802706204835,0.3973674834517318,1.0,1.237550173957266,,0.2,,,,student_t,10.0,,,,,,,,,,,
gaussian,,,0.004941023184679,0.0393305153041386,0.5247213494713976,1.0,1.0945236650339378,,0.3,True,,,,,0.12029,diagonal,rank_gauss,,,,,,,,
noise,0.05635,False,0.3712692864970492,3.450372832368961,1.309793749268069,1.0,5.361749174961518,,0.3,,,,student_t,10.0,,,,,,,,,,,
gaussian,,,0.100948023612197,0.3861280076960801,0.5628299639249266,1.0,1.2316956518541513,,0.2,False,,,,,0.22088,identity,gaussian,,,,,,,,
noise,0.09314,False,0.3771660646692751,5.31857634466338,1.3687403315961166,1.0,8.60924653958416,,0.2,,,,student_t,4.0,,,,,,,,,,,
gaussian,,,0.1513230029819569,0.5274669033733373,0.9099533469538068,1.0,1.4004362102148673,,0.2,True,,,,,0.5576,identity,gaussian,,,,,,,,
noise,0.42689,False,0.381109494139539,28.64685173446784,1.3897333631752553,1.0,37.892132642203,,0.3,,,,normal,0.0,,,,,,,,,,,
gaussian,,,0.0133664433926864,0.0392281623031624,1.1113034722000104,1.0,1.0927886645982352,,0.3,False,,,,,0.67767,diagonal,rank_gauss,,,,,,,,
noise,0.03484,True,0.0,0.0281645023571004,0.322647851869635,1.0,1.0634706798697096,,0.2,,,,student_t,5.0,,,,,,,,,,,
gaussian,,,0.1881119925724056,0.6799772279205928,1.3637210226907792,1.0,1.5462043278370774,,0.2,False,,,,,0.97835,identity,gaussian,,,,,,,,
noise,0.47301,True,0.0111095253274297,0.1341313467638162,0.4165538155325947,1.0,1.1798032189371093,,0.2,,,,student_t,4.0,,,,,,,,,,,
gaussian,,,0.0075975771157088,0.0392810371823577,0.9968811806916598,1.0,1.0930261706809674,,0.3,False,,,,,0.56119,diagonal,rank_gauss,,,,,,,,
noise,0.03333,True,0.0,0.0282657877758133,0.3216671597208461,1.0,1.0634973793188227,,0.2,,,,normal,0.0,,,,,,,,,,,
noise,0.07977,True,0.0,0.0292748242289928,0.3201134213081617,1.0,1.0664314863002753,,0.2,,,,normal,0.0,,,,,,,,,,,
gaussian,,,0.0061053120820963,0.039296420291949,0.469131189529524,1.0,1.095043071546702,,0.3,False,,,,,0.0669,identity,rank_gauss,,,,,,,,
noise,0.00568,False,0.0224256416527854,0.1735928586010299,0.4023213650593287,1.0,1.2412565941209313,,0.2,,,,student_t,4.0,,,,,,,,,,,
gaussian,,,0.010636502414162,0.0392185310536043,1.1208532080885736,1.0,1.0927491806484633,,0.3,True,,,,,0.68764,diagonal,rank_gauss,,,,,,,,
noise,0.00641,True,0.0,0.028232836937054,0.3228648192668175,1.0,1.0629489989262455,,0.2,,,,student_t,4.0,,,,,,,,,,,
gaussian,,,0.0980493418185632,0.3601816829495609,0.512180608035386,1.0,1.1992143892022789,,0.2,False,,,,,0.1693,identity,gaussian,,,,,,,,
noise,0.01959,False,0.2760951312379237,1.0660692631848077,0.9440846329540272,1.0,2.227384894231585,,0.2,,,,normal,0.0,,,,,,,,,,,
gaussian,,,0.0106932297973106,0.0393584878993849,0.895965478660982,1.0,1.093761438127942,,0.3,True,,,,,0.463,diagonal,rank_gauss,,,,,,,,
noise,0.01013,False,0.0657770067408943,0.3412796068743541,0.580499905693894,1.0,1.4896724946975977,,0.2,,,,student_t,3.0,,,,,,,,,,,
gaussian,,,0.0092391420631139,0.0393495412438681,0.7163340376275721,1.0,1.0935492455671414,,0.3,True,,,,,0.29482,diagonal,rank_gauss,,,,,,,,
noise,0.0092,True,0.0,0.028180838068611,0.3224484141776124,1.0,1.0629187468861434,,0.3,,,,normal,0.0,,,,,,,,,,,
gaussian,,,0.0081382056405855,0.0393564171936183,0.6992394896108963,1.0,1.093518650017347,,0.3,True,,,,,0.27928,identity,rank_gauss,,,,,,,,
noise,0.23728,True,0.0010385547559621,0.0533894062608836,0.3348055602150711,1.0,1.095456426853734,,0.2,,,,student_t,4.0,,,,,,,,,,,
noise,0.4643,True,0.0161305020674269,0.1430439286109091,0.4126401514530084,1.0,1.1773152926036183,,0.2,,,,student_t,10.0,,,,,,,,,,,
gaussian,,,0.0067282486583801,0.0393385539348071,0.615448757084733,1.0,1.0935973782923418,,0.3,True,,,,,0.20483,identity,rank_gauss,,,,,,,,
noise,0.01844,False,0.2260028727903822,0.8628458283530275,0.9123515989921536,1.0,2.137519278748414,,0.2,,,,student_t,4.0,,,,,,,,,,,
gaussian,,,0.0124410405295696,0.0392283894454851,1.1115122272129936,1.0,1.0927880494431303,,0.3,True,,,,,0.67789,identity,rank_gauss,,,,,,,,
noise,0.02108,False,0.2808507298460141,1.1188863422447013,0.9895859503488896,1.0,2.3564840265453664,,0.2,,,,student_t,8.0,,,,,,,,,,,
gaussian,,,0.010333232294722,0.0392833340465482,1.036751899712084,1.0,1.0930481281547562,,0.3,True,,,,,0.60105,diagonal,rank_gauss,,,,,,,,
noise,0.23994,False,0.3817348089354207,14.144286771924396,1.397961170339311,1.0,21.705179990880172,,0.3,,,,student_t,4.0,,,,,,,,,,,
noise,0.08478,True,0.0,0.0294995728472848,0.3199558729587773,1.0,1.0668906184270317,,0.2,,,,normal,0.0,,,,,,,,,,,
gaussian,,,0.0537563493633554,0.260429120726986,0.4200576603031348,1.0,1.0666042826039552,,0.2,False,,,,,0.09394,diagonal,gaussian,,,,,,,,
noise,0.02239,False,0.3004648655332847,1.2521131485560146,1.01086912581025,1.0,2.450655699624839,,0.2,,,,normal,0.0,,,,,,,,,,,
gaussian,,,0.1878690774220324,0.6074431505643245,1.149973049251711,1.0,1.4845119984150177,,0.2,False,,,,,0.78189,identity,gaussian,,,,,,,,
noise,0.06966,True,0.0001675156259295,0.0288950110309562,0.3204423781713705,1.0,1.0655893238271903,,0.2,,,,normal,0.0,,,,,,,,,,,
gaussian,,,0.0122814296461032,0.039247410790794,1.0676537687193313,1.0,1.0928515423299576,,0.3,True,,,,,0.6325,diagonal,rank_gauss,,,,,,,,
noise,0.15664,False,0.3819031030028429,8.164172127725701,1.393401940035235,1.0,14.051667584332392,,0.3,,,,student_t,3.0,,,,,,,,,,,
gaussian,,,0.0119785686546214,0.0392397288237015,1.0727916770388108,1.0,1.092812482582986,,0.3,False,,,,,0.63778,diagonal,rank_gauss,,,,,,,,
noise,0.18638,True,0.0006696039477175,0.0427043550008187,0.3192034993748823,1.0,1.0820975149200314,,0.2,,,,normal,0.0,,,,,,,,,,,
gaussian,,,0.0510595170537306,0.2622537392760981,0.4092898775470817,1.0,1.0688620730910403,,0.2,True,,,,,0.00426,identity,gaussian,,,,,,,,
noise,0.11511,False,0.3801466284170466,6.950294162218633,1.371884013853804,1.0,10.605554698008117,,0.2,,,,student_t,5.0,,,,,,,,,,,
gaussian,,,0.0086455970015142,0.0392742538123137,1.0443417739099146,1.0,1.093040860274868,,0.3,False,,,,,0.60871,diagonal,rank_gauss,,,,,,,,
noise,0.41044,False,0.3817517866242216,27.53146517073569,1.38964045326094,1.0,36.44263180002895,,0.3,,,,normal,0.0,,,,,,,,,,,
noise,0.00968,False,0.0835459251503775,0.3713741162063146,0.5820039098839734,1.0,1.4866971941026077,,0.2,,,,student_t,4.0,,,,,,,,,,,
gaussian,,,0.0597840463355976,0.260116604213556,0.6059827259800448,1.0,1.066278645732294,,0.2,False,,,,,0.35315,diagonal,gaussian,,,,,,,,
noise,0.14841,False,0.3826816073978211,9.76772446051526,1.3796799547538685,1.0,13.36981585734453,,0.3,,,,normal,0.0,,,,,,,,,,,
gaussian,,,0.0546308443044304,0.2597692813028797,0.4111957652571029,1.0,1.0645384965890303,,0.3,False,,,,,0.05683,diagonal,gaussian,,,,,,,,
noise,0.0053,True,0.0,0.0281847012715543,0.3225692721385054,1.0,1.0628861024510632,,0.2,,,,normal,0.0,,,,,,,,,,,
gaussian,,,0.014055871631092,0.0388534735718627,1.3639027645102189,1.0,1.0912194987079116,,0.3,True,,,,,0.95174,identity,rank_gauss,,,,,,,,
gaussian,,,0.0647336438288314,0.2594097433101227,0.9701711013370208,1.0,1.0655329494632428,,0.2,True,,,,,0.67149,diagonal,gaussian,,,,,,,,
noise,0.00636,True,0.0,0.0281737109053565,0.3228832259252114,1.0,1.062947480412061,,0.2,,,,student_t,10.0,,,,,,,,,,,
noise,0.39739,True,0.0107496046339682,0.1143786437637307,0.3632899789035345,1.0,1.146963724766767,,0.2,,,,normal,0.0,,,,,,,,,,,
gaussian,,,0.1235770484563286,0.4556679795692904,0.7127411544690365,1.0,1.3174452944876105,,0.2,True,,,,,0.37386,identity,gaussian,,,,,,,,
noise,0.03192,False,0.3419198056196964,1.8900856088806264,1.1613496137429595,1.0,3.233965730354812,,0.2,,,,normal,0.0,,,,,,,,,,,
gaussian,,,0.1466552879947831,0.5063378082648297,0.8495710077908817,1.0,1.376607345944728,,0.2,True,,,,,0.50132,identity,gaussian,,,,,,,,
noise,0.00915,True,0.0,0.0281808736261645,0.3224499741995233,1.0,1.062918221128383,,0.2,,,,normal,0.0,,,,,,,,,,,
gaussian,,,0.1448228796666849,0.5200780969261055,0.8886855976347372,1.0,1.3921804704919267,,0.2,False,,,,,0.53777,identity,gaussian,,,,,,,,
noise,0.09638,True,0.0004920236509957,0.0301257707231762,0.319610641349751,1.0,1.068059751911142,,0.2,,,,normal,0.0,,,,,,,,,,,
gaussian,,,0.0121333301512529,0.0389612451335156,1.3183852237046247,1.0,1.091555585160053,,0.3,False,,,,,0.90105,identity,rank_gauss,,,,,,,,
noise,0.20179,True,0.0013535963722445,0.041804631346226,0.3240642787023294,1.0,1.08334165383152,,0.2,,,,student_t,3.0,,,,,,,,,,,
noise,0.01525,False,0.2213144238801147,0.7807352267422981,0.8112543342975062,1.0,1.8913938968736648,,0.2,,,,normal,0.0,,,,,,,,,,,
gaussian,,,0.1179445190102421,0.4362297165422314,0.6637228966300146,1.0,1.293975467626317,,0.2,True,,,,,0.32782,identity,gaussian,,,,,,,,
noise,0.12641,False,0.379523174105482,6.533361355140967,1.3867832671478657,1.0,11.38995088242516,,0.2,,,,student_t,3.0,,,,,,,,,,,
gaussian,,,0.0699561341263059,0.2834259842224408,0.4170121478752324,1.0,1.1005991816056118,,0.2,False,,,,,0.03831,identity,gaussian,,,,,,,,
noise,0.40847,False,0.3819705187303689,27.39788950171657,1.3896281690861598,1.0,36.26904676372115,,0.3,,,,normal,0.0,,,,,,,,,,,
noise,0.02519,False,0.3217611801002958,1.4391044398598358,1.0657276134696336,1.0,2.677653245630471,,0.3,,,,normal,0.0,,,,,,,,,,,
gaussian,,,0.0146784758929764,0.0389139888797074,1.3393232615964052,1.0,1.091422241971704,,0.3,False,,,,,0.92434,identity,rank_gauss,,,,,,,,
noise,0.42768,True,0.0128418701966682,0.1177443071626328,0.3865493327832632,1.0,1.1566522287928207,,0.2,,,,student_t,5.0,,,,,,,,,,,
gaussian,,,0.0152944440050258,0.0391618362687326,1.201282405388833,1.0,1.0926783143111398,,0.3,True,,,,,0.77269,diagonal,rank_gauss,,,,,,,,
noise,0.21038,True,0.0006767483626453,0.0486453585836883,0.3319489717849798,1.0,1.088847150491906,,0.2,,,,student_t,10.0,,,,,,,,,,,
gaussian,,,0.06350484326705,0.2598930031157839,0.7000348540635074,1.0,1.06609295258477,,0.2,False,,,,,0.44205,diagonal,gaussian,,,,,,,,
noise,0.06148,False,0.364057172779611,3.0364008741507167,1.327294609437928,1.0,5.704469121093768,,0.2,,,,student_t,3.0,,,,,,,,,,,
gaussian,,,0.0560956486619266,0.2629386622642699,0.4093393933088889,1.0,1.0699973683993371,,0.2,False,,,,,0.00541,identity,gaussian,,,,,,,,
noise,0.08104,False,0.3788400022062221,5.081597427147715,1.3560733094940909,1.0,7.527285535416911,,0.2,,,,student_t,10.0,,,,,,,,,,,
gaussian,,,0.1674244770331847,0.5617779571312715,1.011208763802684,1.0,1.4378452368728756,,0.2,True,,,,,0.65214,identity,gaussian,,,,,,,,
noise,0.01303,False,0.1768946515169433,0.6370027969328411,0.726852937912161,1.0,1.7260692227181038,,0.2,,,,normal,0.0,,,,,,,,,,,
gaussian,,,0.1442862377360081,0.4708498663939069,0.752380909289968,1.0,1.3354388773122174,,0.2,True,,,,,0.41085,identity,gaussian,,,,,,,,
noise,0.38104,True,0.0048958994245479,0.1072315590773023,0.3567559322793723,1.0,1.1405133411532848,,0.2,,,,normal,0.0,,,,,,,,,,,
gaussian,,,0.1916183694165138,0.6693655178219121,1.3324570582806337,1.0,1.537952689889342,,0.2,True,,,,,0.95011,identity,gaussian,,,,,,,,
noise,0.25158,False,0.3807142330481859,16.372351341719224,1.398977104198221,1.0,22.651837401477422,,0.3,,,,student_t,10.0,,,,,,,,,,,
gaussian,,,0.0606660693935184,0.2601871953907438,0.5704002097510267,1.0,1.066340882274985,,0.2,True,,,,,0.31676,diagonal,gaussian,,,,,,,,
noise,0.03166,True,0.0,0.0282536359614267,0.3217227911980649,1.0,1.063436457008589,,0.2,,,,normal,0.0,,,,,,,,,,,
gaussian,,,0.1931984645120916,0.6823573543394578,1.370743180345011,1.0,1.5480204227821797,,0.2,False,,,,,0.98466,identity,gaussian,,,,,,,,
noise,0.03982,False,0.3636489821810287,2.4211560443634506,1.2314645361895251,1.0,3.899900745428367,,0.2,,,,normal,0.0,,,,,,,,,,,
gaussian,,,0.0606962319685789,0.2599674287383365,0.6666352690607265,1.0,1.0661613139668191,,0.2,True,,,,,0.41139,diagonal,gaussian,,,,,,,,
noise,0.0475,False,0.3447627074287818,2.2862037740127468,1.2791990028083169,1.0,4.497939106045761,,0.2,,,,student_t,3.0,,,,,,,,,,,
gaussian,,,0.1903087159835232,0.6254216988348446,1.2035987766290983,1.0,1.5011526070710024,,0.2,False,,,,,0.8318,identity,gaussian,,,,,,,,
noise,0.42402,True,0.0125461684564535,0.1264099174217301,0.3750104916349368,1.0,1.1579135656998925,,0.2,,,,normal,0.0,,,,,,,,,,,
gaussian,,,0.0103323286707074,0.0387897861744682,1.3954989641210933,1.0,1.0910335635123776,,0.3,True,,,,,0.98729,identity,rank_gauss,,,,,,,,
noise,0.03942,True,0.0,0.0283140262227153,0.3214629110865905,1.0,1.0637458239831317,,0.2,,,,normal,0.0,,,,,,,,,,,
gaussian,,,0.0092941228205883,0.0393516725770262,0.9195636034552528,1.0,1.0936411415062133,,0.3,False,,,,,0.48576,diagonal,rank_gauss,,,,,,,,
noise,0.12676,False,0.3798480320326286,7.338472434917041,1.3844513682418425,1.0,11.600290682551028,,0.3,,,,student_t,4.0,,,,,,,,,,,
gaussian,,,0.0556873711830182,0.2783977573016853,0.4142438382312254,1.0,1.0936619761071271,,0.2,False,,,,,0.03053,identity,gaussian,,,,,,,,
noise,0.2748,False,0.3828874707894764,18.334763680540917,1.3879598604915822,1.0,24.49309100632801,,0.3,,,,normal,0.0,,,,,,,,,,,
gaussian,,,0.0604840547392796,0.2597401415152277,0.4084009280421713,1.0,1.0645980522466112,,0.2,False,,,,,0.01147,diagonal,gaussian,,,,,,,,
noise,0.00538,False,0.0255809904270938,0.1802600434989034,0.3825023999728348,1.0,1.2251590295585222,,0.2,,,,normal,0.0,,,,,,,,,,,
gaussian,,,0.0613963305250273,0.2597652626741512,0.7672600733656925,1.0,1.0659484605495215,,0.2,True,,,,,0.50165,diagonal,gaussian,,,,,,,,
noise,0.01356,False,0.1845916056156337,0.6711185125493584,0.748080052013458,1.0,1.7650331687225025,,0.2,,,,normal,0.0,,,,,,,,,,,
gaussian,,,0.1462674361649173,0.5109970626132917,0.8627754320208717,1.0,1.381921842002064,,0.2,False,,,,,0.51362,identity,gaussian,,,,,,,,
noise,0.00832,True,0.0002761621641125,0.0281812204495343,0.3224758307922052,1.0,1.0629099004357394,,0.2,,,,normal,0.0,,,,,,,,,,,
noise,0.00521,True,0.0002956517553251,0.0281848147325506,0.3225720412902219,1.0,1.0628855491742653,,0.2,,,,normal,0.0,,,,,,,,,,,
gaussian,,,0.0659107921766692,0.2599322675402461,0.6815488433325517,1.0,1.0661319805405784,,0.2,False,,,,,0.42518,diagonal,gaussian,,,,,,,,
noise,0.01711,False,0.2237031371042372,0.8662136673500889,0.8788788925444511,1.0,2.041070378782916,,0.2,,,,student_t,8.0,,,,,,,,,,,
gaussian,,,0.1023079949175015,0.3696796918721847,0.529820442759268,1.0,1.211136575735863,,0.2,True,,,,,0.18774,identity,gaussian,,,,,,,,
noise,0.00522,False,0.0185796040752033,0.1585956564447947,0.3819921711771855,1.0,1.217150903676129,,0.2,,,,student_t,5.0,,,,,,,,,,,
gaussian,,,0.0566535297042553,0.2604304869451629,0.4192880027994572,1.0,1.0666060395693506,,0.2,True,,,,,0.09131,diagonal,gaussian,,,,,,,,
noise,0.07912,False,0.3803410764903353,5.075148748256476,1.3482568278406903,1.0,7.295989691010101,,0.2,,,,normal,0.0,,,,,,,,,,,
gaussian,,,0.1453355019510832,0.4864018526087556,0.7941939229271874,1.0,1.3536205342190135,,0.2,False,,,,,0.44977,identity,gaussian,,,,,,,,
noise,0.05708,False,0.3683594557998549,3.1566689414871405,1.3146523058333364,1.0,5.42333940305032,,0.2,,,,student_t,4.0,,,,,,,,,,,
gaussian,,,0.0654977701919389,0.2591904979940119,1.391167289976339,1.0,1.064835278855762,,0.2,True,,,,,0.98287,diagonal,gaussian,,,,,,,,
noise,0.33358,False,0.3819591050236036,22.320029378299186,1.3889662400197966,1.0,29.670773080233,,0.3,,,,normal,0.0,,,,,,,,,,,
gaussian,,,0.0124125258813272,0.039151405274481,1.2109156497557398,1.0,1.0925790218342597,,0.3,True,,,,,0.78318,identity,rank_gauss,,,,,,,,
noise,0.01497,True,0.0,0.0281894157232869,0.3222665968639901,1.0,1.0629981252337213,,0.2,,,,normal,0.0,,,,,,,,,,,
noise,0.26913,True,0.0026605635268199,0.0557207785899545,0.331230028238936,1.0,1.0990034682300558,,0.2,,,,student_t,3.0,,,,,,,,,,,
gaussian,,,0.0089714808571339,0.0393517634265297,0.9162602358024666,1.0,1.0936561751192293,,0.3,False,,,,,0.48265,identity,rank_gauss,,,,,,,,
noise,0.1847,True,0.0008881766590951,0.0428614387152115,0.3294357526140665,1.0,1.0831516667480612,,0.2,,,,student_t,10.0,,,,,,,,,,,
gaussian,,,0.0621797597599662,0.2599121963099799,0.6910602376826643,1.0,1.0661123853922754,,0.2,True,,,,,0.43389,diagonal,gaussian,,,,,,,,
noise,0.08041,False,0.37853064912885,5.039934641480733,1.3553487685451595,1.0,7.47179791020459,,0.2,,,,student_t,10.0,,,,,,,,,,,
gaussian,,,0.0056622605637833,0.0393297735813488,0.5235098935102603,1.0,1.0945315251851735,,0.3,False,,,,,0.11909,identity,rank_gauss,,,,,,,,
noise,0.05408,True,0.0,0.0284763764095223,0.32395071618509,1.0,1.0649611617583843,,0.2,,,,student_t,10.0,,,,,,,,,,,
gaussian,,,0.0161013162051055,0.0389539621862639,1.3251681417084986,1.0,1.0915459197159518,,0.3,False,,,,,0.9086,identity,rank_gauss,,,,,,,,
gaussian,,,0.0589116101179523,0.2597886451679471,0.7533858594180445,1.0,1.0659772891471089,,0.2,False,,,,,0.48954,diagonal,gaussian,,,,,,,,
noise,0.06109,False,0.373743142305354,3.557658508689592,1.3187005117173325,1.0,5.79975580163609,,0.2,,,,student_t,5.0,,,,,,,,,,,
gaussian,,,0.0067983741547107,0.0393299928705704,0.524272577525547,1.0,1.094526075274824,,0.3,True,,,,,0.11985,diagonal,rank_gauss,,,,,,,,
noise,0.073,False,0.3719498349468599,3.655871552602057,1.3493438438336565,1.0,6.706600007072474,,0.2,,,,student_t,3.0,,,,,,,,,,,
gaussian,,,0.0579200776629594,0.2602917439744822,0.5207972571894633,1.0,1.0664187544131072,,0.2,False,,,,,0.26164,diagonal,gaussian,,,,,,,,
noise,0.02941,True,0.0,0.0282396596896304,0.3217974442341414,1.0,1.0633592823051252,,0.2,,,,normal,0.0,,,,,,,,,,,
gaussian,,,0.010748007548132,0.0393518735095871,0.9175507647962212,1.0,1.093652899217124,,0.3,True,,,,,0.48385,identity,rank_gauss,,,,,,,,
noise,0.02543,True,0.0,0.0281740681714391,0.3233218326970279,1.0,1.0634509317104752,,0.2,,,,student_t,10.0,,,,,,,,,,,
gaussian,,,0.047913957113758,0.265659084014421,0.4097020075013432,1.0,1.074431887374872,,0.2,False,,,,,0.00995,identity,gaussian,,,,,,,,
noise,0.19565,True,0.0006660022986995,0.0440638428555002,0.3297331717889952,1.0,1.0855488984523731,,0.2,,,,student_t,4.0,,,,,,,,,,,
gaussian,,,0.2034269067935752,0.6544509251483882,1.288678867673366,1.0,1.525955557118485,,0.2,False,,,,,0.91022,identity,gaussian,,,,,,,,
noise,0.00893,True,0.0,0.0281810018660281,0.3224568350669164,1.0,1.0629159408841906,,0.2,,,,normal,0.0,,,,,,,,,,,
noise,0.00812,False,0.0475408627821156,0.2506098878386276,0.4888248408141128,1.0,1.3629180434976638,,0.2,,,,student_t,3.0,,,,,,,,,,,
gaussian,,,0.1239562921402169,0.453093422024951,0.7061222315310839,1.0,1.3143610718926315,,0.2,False,,,,,0.36767,identity,gaussian,,,,,,,,
noise,0.00645,False,0.0197892800053784,0.1803863166586358,0.4176879098560246,1.0,1.2673333208512958,,0.2,,,,student_t,3.0,,,,,,,,,,,
gaussian,,,0.0059809781198301,0.0393567224400479,0.700169897828862,1.0,1.0935203126432709,,0.3,False,,,,,0.28011,diagonal,rank_gauss,,,,,,,,
noise,0.05957,True,0.000326785497435,0.0286200158642023,0.3207802990629896,1.0,1.0648615121872085,,0.3,,,,normal,0.0,,,,,,,,,,,
gaussian,,,0.0678933349039205,0.2592550539358104,1.0634502481542236,1.0,1.0653517747095802,,0.2,False,,,,,0.74649,diagonal,gaussian,,,,,,,,
noise,0.00914,True,0.0001138415292651,0.0281696372426285,0.3229488269701105,1.0,1.0629958647801758,,0.2,,,,student_t,10.0,,,,,,,,,,,
gaussian,,,0.0697819402780671,0.3027208884900822,0.4318875906396909,1.0,1.1259308256036191,,0.2,True,,,,,0.06833,identity,gaussian,,,,,,,,
noise,0.00879,True,0.0,0.0281564137380693,0.322722297737544,1.0,1.0628935460947804,,0.2,,,,student_t,5.0,,,,,,,,,,,
gaussian,,,0.0545297323369992,0.2597110873120753,0.800384810731795,1.0,1.0658803002047104,,0.2,False,,,,,0.53024,diagonal,gaussian,,,,,,,,
noise,0.09175,False,0.3796786183646963,5.9301350107035535,1.3596232222051678,1.0,8.399398273859488,,0.2,,,,normal,0.0,,,,,,,,,,,
gaussian,,,0.0530193239878207,0.2596952607003728,0.811662933730585,1.0,1.0658588279042545,,0.2,True,,,,,0.53988,diagonal,gaussian,,,,,,,,
noise,0.09475,False,0.3815266475775029,6.133259365629208,1.3616592405745662,1.0,8.661869463216766,,0.2,,,,normal,0.0,,,,,,,,,,,
gaussian,,,0.0140786187475989,0.0392842981303729,0.9920423831066396,1.0,1.0930231047586625,,0.3,False,,,,,0.55642,diagonal,rank_gauss,,,,,,,,
noise,0.00648,True,0.0,0.0281606769986434,0.3227254517771388,1.0,1.062878753492618,,0.2,,,,student_t,5.0,,,,,,,,,,,
gaussian,,,0.0111228660101019,0.0392837569731864,0.989669228947918,1.0,1.0930160479905453,,0.3,False,,,,,0.55402,identity,rank_gauss,,,,,,,,
noise,0.2538,True,0.0014870664044351,0.0600308631851711,0.3244222226498769,1.0,1.0982013447614754,,0.2,,,,normal,0.0,,,,,,,,,,,
gaussian,,,0.1189407668116026,0.4225542551156046,0.6453508325564651,1.0,1.2767500513932406,,0.2,False,,,,,0.29956,identity,gaussian,,,,,,,,
noise,0.2863,True,0.0018544878119268,0.0666828117491131,0.3440864036702894,1.0,1.1092052377810595,,0.2,,,,student_t,4.0,,,,,,,,,,,
gaussian,,,0.1873744227965944,0.6322289017770764,1.2234297103121188,1.0,1.5071090345219604,,0.2,False,,,,,0.85017,identity,gaussian,,,,,,,,
noise,0.0618,False,0.3697553017798947,3.439140767797398,1.326905748236857,1.0,5.837765435769975,,0.2,,,,student_t,4.0,,,,,,,,,,,
gaussian,,,0.0140076010002493,0.0390572617580395,1.2642317409050254,1.0,1.0919555543368091,,0.3,True,,,,,0.8412,diagonal,rank_gauss,,,,,,,,
noise,0.01188,False,0.1503406643900939,0.5635439365103856,0.6784921332761159,1.0,1.642797543345436,,0.2,,,,normal,0.0,,,,,,,,,,,
gaussian,,,0.0125215366253829,0.0391239676023154,1.2362782040159357,1.0,1.092387928463025,,0.3,True,,,,,0.8107,identity,rank_gauss,,,,,,,,
noise,0.28524,False,0.3808319254242871,19.042589437681382,1.3881924186047163,1.0,25.41260601453886,,0.3,,,,normal,0.0,,,,,,,,,,,
gaussian,,,0.0593701109061026,0.2603923440196,0.4492875083644404,1.0,1.0665476851559137,,0.2,True,,,,,0.16132,diagonal,gaussian,,,,,,,,
noise,0.2718,False,0.3815394594770363,14.38061812640112,1.4014020063970132,1.0,24.210960680102698,,0.3,,,,student_t,3.0,,,,,,,,,,,
gaussian,,,0.0120797912097464,0.0392734095296598,1.0453569001494627,1.0,1.0930359861853058,,0.3,True,,,,,0.60976,identity,rank_gauss,,,,,,,,
noise,0.06264,True,2.1944213116520395e-05,0.0286941712376507,0.3206768074869019,1.0,1.065071027690936,,0.2,,,,normal,0.0,,,,,,,,,,,
noise,0.00902,True,0.0,0.0281484344372295,0.3224601422745177,1.0,1.062927454826877,,0.2,,,,student_t,8.0,,,,,,,,,,,
gaussian,,,0.0090861377105534,0.0392802203676082,0.4304847461253741,1.0,1.0954266477507175,,0.3,False,,,,,0.02737,identity,rank_gauss,,,,,,,,
noise,0.00512,False,0.0269077387358851,0.1655596305801478,0.3831137723285759,1.0,1.2163181770770446,,0.2,,,,student_t,10.0,,,,,,,,,,,
gaussian,,,0.0522231287776188,0.2597489451919293,0.4081746356989362,1.0,1.064583285768092,,0.2,True,,,,,0.02328,diagonal,gaussian,,,,,,,,
noise,0.00927,True,0.0001688610350307,0.0282608134145757,0.3229231325287534,1.0,1.0629995230208422,,0.2,,,,student_t,4.0,,,,,,,,,,,
gaussian,,,0.0662508132885514,0.2596820503288328,0.8207346970936019,1.0,1.065842029308072,,0.2,True,,,,,0.5476,diagonal,gaussian,,,,,,,,
noise,0.03297,True,0.0,0.0282630582514652,0.3216791673788724,1.0,1.0634839840627817,,0.2,,,,normal,0.0,,,,,,,,,,,
gaussian,,,0.0150261889364807,0.0390407344577228,1.2742840151274677,1.0,1.0918643225805311,,0.3,False,,,,,0.85215,identity,rank_gauss,,,,,,,,
noise,0.02612,False,0.3163808286178259,1.501327436936272,1.0817047700202065,1.0,2.753720246311614,,0.2,,,,normal,0.0,,,,,,,,,,,
gaussian,,,0.0148631576603791,0.0392300348413652,1.1040128955114636,1.0,1.0928072244223093,,0.3,True,,,,,0.67,identity,rank_gauss,,,,,,,,
noise,0.05701,False,0.3741143997489637,3.5803468643879155,1.308611630966223,1.0,5.374708149421705,,0.2,,,,normal,0.0,,,,,,,,,,,
gaussian,,,0.0677567714690827,0.2591988315891267,1.3167650024275923,1.0,1.0647678146571151,,0.3,True,,,,,0.92557,diagonal,gaussian,,,,,,,,
noise,0.00509,False,0.0205842580156662,0.1480877121013403,0.3811063135406383,1.0,1.2105989389846397,,0.2,,,,student_t,4.0,,,,,,,,,,,
gaussian,,,0.0542238236011476,0.2600809518028663,0.6217402885148293,1.0,1.06624921761902,,0.2,False,,,,,0.36867,diagonal,gaussian,,,,,,,,
noise,0.00821,False,0.0777605105823992,0.3374975902075695,0.5074698398015429,1.0,1.3923793256951362,,0.2,,,,normal,0.0,,,,,,,,,,,
gaussian,,,0.0121645975371562,0.039219245390054,1.1202975120361405,1.0,1.0927519770620848,,0.3,False,,,,,0.68706,diagonal,rank_gauss,,,,,,,,
noise,0.0329,True,0.0,0.0282625380911743,0.3216815012459536,1.0,1.0634813961705043,,0.2,,,,normal,0.0,,,,,,,,,,,
gaussian,,,0.187305026947103,0.6497502954889836,1.274865492291937,1.0,1.5220626018636945,,0.2,False,,,,,0.89756,identity,gaussian,,,,,,,,
noise,0.13415,True,0.0,0.0324566991010867,0.3218899239225125,1.0,1.071886533390388,,0.2,,,,student_t,3.0,,,,,,,,,,,
gaussian,,,0.0590709077109161,0.2593386629037467,1.006489212598047,1.0,1.065460905453919,,0.2,True,,,,,0.70084,diagonal,gaussian,,,,,,,,
gaussian,,,0.011563940762209,0.0389864370930167,1.300115886357655,1.0,1.091606130538191,,0.3,True,,,,,0.88074,diagonal,rank_gauss,,,,,,,,
noise,0.07913,True,0.0,0.0288229761071865,0.3202886169050576,1.0,1.0664583166862935,,0.2,,,,student_t,8.0,,,,,,,,,,,
gaussian,,,0.0740401867020965,0.3140539340601457,0.4437511119897658,1.0,1.1406238082924351,,0.2,False,,,,,0.08688,identity,gaussian,,,,,,,,
noise,0.31606,True,0.0026109735786606,0.0809976410841492,0.3361492067627352,1.0,1.1170687359608968,,0.2,,,,normal,0.0,,,,,,,,,,,
gaussian,,,0.0103009660894557,0.0392805818014189,1.0041172584383171,1.0,1.093011288199713,,0.3,False,,,,,0.56828,diagonal,rank_gauss,,,,,,,,
noise,0.06384,True,0.0,0.0286053712312181,0.3221265474128275,1.0,1.064808060984222,,0.2,,,,student_t,3.0,,,,,,,,,,,
gaussian,,,0.0081440391669084,0.0392997455470382,0.9701703077178672,1.0,1.0931111981153965,,0.3,True,,,,,0.53479,identity,rank_gauss,,,,,,,,
noise,0.00669,False,0.0545309611145058,0.2502994716335893,0.4363338274874389,1.0,1.2986042117326062,,0.2,,,,normal,0.0,,,,,,,,,,,
gaussian,,,0.1794436345909642,0.6101403932142981,1.1581651059734874,1.0,1.4871042416849898,,0.2,False,,,,,0.78953,identity,gaussian,,,,,,,,
noise,0.0358,True,0.0005498031379725,0.0282827250315072,0.3215845618474715,1.0,1.0635931729692891,,0.2,,,,normal,0.0,,,,,,,,,,,
gaussian,,,0.0732064363441872,0.3089777958235056,0.4381703998074171,1.0,1.134061975540971,,0.2,False,,,,,0.07849,identity,gaussian,,,,,,,,
noise,0.2246,True,0.0013559587776975,0.0503601206454619,0.3330081644248888,1.0,1.0922650159862664,,0.2,,,,student_t,4.0,,,,,,,,,,,
gaussian,,,0.0565832317128317,0.259525246093167,0.9175076363085788,1.0,1.065639542182068,,0.2,True,,,,,0.62845,diagonal,gaussian,,,,,,,,
noise,0.02153,False,0.275645047734583,1.1476978655542118,1.0002982488130738,1.0,2.3928480828583147,,0.3,,,,student_t,8.0,,,,,,,,,,,
gaussian,,,0.0592799664957151,0.2707253228586782,0.4110014350037734,1.0,1.082360279530849,,0.2,False,,,,,0.01826,identity,gaussian,,,,,,,,
noise,0.47205,False,0.3813845175664087,28.107988793064685,1.402028475357228,1.0,42.46183369670528,,0.3,,,,student_t,4.0,,,,,,,,,,,
gaussian,,,0.0090898855603216,0.039372607571156,0.7881019372758459,1.0,1.0937297509487796,,0.3,False,,,,,0.36048,identity,rank_gauss,,,,,,,,
noise,0.27585,True,0.0018787230954274,0.06691708791932,0.327724138374815,1.0,1.1044607323627629,,0.2,,,,normal,0.0,,,,,,,,,,,
gaussian,,,0.0099859628882504,0.0393377514098938,0.617828166595341,1.0,1.0935779909956742,,0.3,False,,,,,0.20697,identity,rank_gauss,,,,,,,,
gaussian,,,0.0123511589457611,0.0392061096340566,1.1396661168595834,1.0,1.092730803787477,,0.3,False,,,,,0.7075,identity,rank_gauss,,,,,,,,
noise,0.00664,True,0.0,0.028183057573311,0.3225279359014877,1.0,1.0628954076715496,,0.2,,,,normal,0.0,,,,,,,,,,,
gaussian,,,0.0073036797492603,0.0393746347478633,0.7693750057000545,1.0,1.0936244581043382,,0.3,False,,,,,0.34343,identity,rank_gauss,,,,,,,,
noise,0.2808,False,0.3828895953656653,17.375076656639024,1.3890075538771522,1.0,25.45442538964955,,0.3,,,,student_t,5.0,,,,,,,,,,,
noise,0.0678,False,0.3777054492538123,4.309490551820419,1.3324822313427676,1.0,6.310174378018127,,0.2,,,,normal,0.0,,,,,,,,,,,
gaussian,,,0.0172656821402811,0.0391931792990419,1.172047770492756,1.0,1.0927743495681392,,0.3,False,,,,,0.74151,diagonal,rank_gauss,,,,,,,,
noise,0.09532,True,0.0,0.0300605049358366,0.319640851764046,1.0,1.0679467754982128,,0.2,,,,normal,0.0,,,,,,,,,,,
gaussian,,,0.0626443799258696,0.2591832726862547,1.3756958030474342,1.0,1.0648215885433845,,0.2,False,,,,,0.97098,diagonal,gaussian,,,,,,,,
noise,0.20587,False,0.3813440063634182,12.659232759044938,1.3861873454226337,1.0,18.733224350618634,,0.2,,,,student_t,5.0,,,,,,,,,,,
noise,0.01619,False,0.2375986202101453,0.8421359022356321,0.8434463972806693,1.0,1.962902728484209,,0.2,,,,normal,0.0,,,,,,,,,,,
gaussian,,,0.0901155064582751,0.3570445199065208,0.5065990908248206,1.0,1.1952684702473737,,0.2,False,,,,,0.16332,identity,gaussian,,,,,,,,
noise,0.00507,True,0.0,0.0281848569660565,0.322576347062303,1.0,1.0628847064607438,,0.2,,,,normal,0.0,,,,,,,,,,,
gaussian,,,0.0606593092163783,0.260225783702764,0.5526865643005483,1.0,1.066366014367269,,0.2,True,,,,,0.29779,diagonal,gaussian,,,,,,,,
noise,0.01161,False,0.1505776889530442,0.5464290116722764,0.6667022396202325,1.0,1.6235209292980588,,0.3,,,,normal,0.0,,,,,,,,,,,
gaussian,,,0.1550336175379682,0.5039659976448497,0.842882869908586,1.0,1.373891680567218,,0.3,False,,,,,0.49509,identity,gaussian,,,,,,,,
gaussian,,,0.149728881259661,0.5346960135602019,0.9308568931463732,1.0,1.40840961578447,,0.3,True,,,,,0.5771,identity,gaussian,,,,,,,,
noise,0.06591,True,0.0,0.0284116815196279,0.3206788014143467,1.0,1.065376712464374,,0.2,,,,student_t,8.0,,,,,,,,,,,
gaussian,,,0.0566520591490977,0.2603137240426639,0.5112773149991358,1.0,1.0664365391569397,,0.3,True,,,,,0.25019,diagonal,gaussian,,,,,,,,
noise,0.01439,True,0.0,0.0283056316173214,0.3230253232195064,1.0,1.063112755719048,,0.3,,,,student_t,4.0,,,,,,,,,,,
gaussian,,,0.0604349265528212,0.2598064750732096,0.7430592057027701,1.0,1.0659980912052256,,0.3,True,,,,,0.48047,diagonal,gaussian,,,,,,,,
noise,0.32336,False,0.3811955895945633,20.053949815715598,1.389793274973674,1.0,29.273635680579964,,0.3,,,,student_t,5.0,,,,,,,,,,,
gaussian,,,0.061210298990633,0.2604107520113332,0.4267485841862683,1.0,1.0665889678632623,,0.3,False,,,,,0.11363,diagonal,gaussian,,,,,,,,
noise,0.25511,False,0.3815707388567986,16.439366075507998,1.414346291113188,1.0,22.989171601553892,,0.3,,,,student_t,8.0,,,,,,,,,,,
gaussian,,,0.0105776944433789,0.0391989263561747,1.1442160408239324,1.0,1.0927308800812603,,0.3,False,,,,,0.71228,diagonal,rank_gauss,,,,,,,,
noise,0.12768,True,0.0006414105120402,0.0324447909638975,0.3192818447487407,1.0,1.0720712881243628,,0.2,,,,student_t,8.0,,,,,,,,,,,
gaussian,,,0.1478917096642475,0.5358296037369603,0.9341561909857324,1.0,1.4096558766678302,,0.2,True,,,,,0.58018,identity,gaussian,,,,,,,,
noise,0.01927,True,0.0,0.0282002239039162,0.3221288818290063,1.0,1.0630813972714783,,0.3,,,,normal,0.0,,,,,,,,,,,
gaussian,,,0.0557409895963993,0.2604319229980193,0.4183722903969707,1.0,1.066608061972466,,0.2,True,,,,,0.08804,diagonal,gaussian,,,,,,,,
noise,0.01414,False,0.1898272229537179,0.6918013588193478,0.7729489150627278,1.0,1.8187734878689328,,0.2,,,,student_t,10.0,,,,,,,,,,,
gaussian,,,0.0600043316141938,0.2594087600003708,0.9706024469544312,1.0,1.0655321055680471,,0.3,True,,,,,0.67184,diagonal,gaussian,,,,,,,,
noise,0.03122,True,0.0,0.0281988539517743,0.3224533761215182,1.0,1.0632773723657178,,0.2,,,,student_t,3.0,,,,,,,,,,,
noise,0.00877,False,0.0851812454167179,0.3633187459138049,0.5404250445078931,1.0,1.4354281812569891,,0.3,,,,student_t,10.0,,,,,,,,,,,
gaussian,,,0.0065483962044189,0.0393546481685276,0.7290775450642623,1.0,1.093563815489154,,0.4,True,,,,,0.30654,identity,rank_gauss,,,,,,,,
noise,0.02064,True,0.0,0.0283619123479054,0.3231464641245238,1.0,1.0632905944982576,,0.2,,,,student_t,4.0,,,,,,,,,,,
gaussian,,,0.1709771500499759,0.5891524335672962,1.0943352855016035,1.0,1.4664225789061562,,0.2,False,,,,,0.72991,identity,gaussian,,,,,,,,
noise,0.01261,True,0.0,0.0281849347511698,0.3223413863863517,1.0,1.0629611759496356,,0.3,,,,normal,0.0,,,,,,,,,,,
gaussian,,,0.0126521101448905,0.0391264273635037,1.2335615593751368,1.0,1.0924112330399978,,0.3,False,,,,,0.80774,diagonal,rank_gauss,,,,,,,,
noise,0.08892,True,0.0,0.0296397555372059,0.3224614440148203,1.0,1.067068806905635,,0.3,,,,student_t,5.0,,,,,,,,,,,
gaussian,,,0.1613773916336628,0.52799894384742,0.9114864951839404,1.0,1.4010257103145798,,0.2,True,,,,,0.55903,identity,gaussian,,,,,,,,
noise,0.00823,True,0.0,0.0281813714133298,0.3224786299988502,1.0,1.0629090443180291,,0.2,,,,normal,0.0,,,,,,,,,,,
noise,0.01033,True,0.0,0.0281808672370253,0.3224130854879943,1.0,1.0629313717978277,,0.2,,,,normal,0.0,,,,,,,,,,,
gaussian,,,0.0086315782585927,0.0393400845187072,0.6284578586370205,1.0,1.093522333040318,,0.3,True,,,,,0.21651,diagonal,rank_gauss,,,,,,,,
noise,0.06948,True,0.0,0.0284991422108013,0.320570881046634,1.0,1.0656498159837862,,0.3,,,,student_t,8.0,,,,,,,,,,,
gaussian,,,0.1061547755706847,0.3963230424609398,0.5846857266200955,1.0,1.244362759635252,,0.2,True,,,,,0.24215,identity,gaussian,,,,,,,,
noise,0.00529,True,0.0,0.0281745822130295,0.3228578115879388,1.0,1.06293113347543,,0.2,,,,student_t,10.0,,,,,,,,,,,
noise,0.08468,True,0.0,0.0290660188414929,0.3201341700911711,1.0,1.0669697140015513,,0.3,,,,student_t,8.0,,,,,,,,,,,
gaussian,,,0.0527690167915474,0.2604006476638869,0.4318600971960435,1.0,1.0665782122719216,,0.3,False,,,,,0.12622,diagonal,gaussian,,,,,,,,
noise,0.00782,False,0.0656872493119958,0.3023956564551702,0.4880582220931088,1.0,1.369406656642661,,0.2,,,,student_t,8.0,,,,,,,,,,,
gaussian,,,0.0119069487561687,0.0390063838494683,1.291852098327222,1.0,1.0916892257567672,,0.3,False,,,,,0.87154,diagonal,rank_gauss,,,,,,,,
noise,0.0206,True,0.0,0.0282042628833276,0.322085923563628,1.0,1.0631113230995084,,0.2,,,,normal,0.0,,,,,,,,,,,
gaussian,,,0.0060087850231503,0.039282547527879,0.4333142091714833,1.0,1.0954130477993531,,0.3,False,,,,,0.03031,diagonal,rank_gauss,,,,,,,,
noise,0.26749,True,0.0019364654183245,0.0642323896230857,0.3263677022630616,1.0,1.102031237655286,,0.2,,,,normal,0.0,,,,,,,,,,,
noise,0.02115,True,0.0,0.0283668901210962,0.3231561857033722,1.0,1.063307027494074,,0.2,,,,student_t,4.0,,,,,,,,,,,
gaussian,,,0.1632113703037054,0.568686063752098,1.0320786862147768,1.0,1.4451945774555657,,0.2,True,,,,,0.67165,identity,gaussian,,,,,,,,
noise,0.08129,False,0.3783462732583507,5.222018288313811,1.350592648731284,1.0,7.485354163585283,,0.2,,,,normal,0.0,,,,,,,,,,,
gaussian,,,0.1595578399746005,0.5173122559969913,0.8807695161910281,1.0,1.389069457583194,,0.2,False,,,,,0.53039,identity,gaussian,,,,,,,,
noise,0.33558,True,0.0064242396792153,0.0822076775310871,0.3575596168517281,1.0,1.1251987527601828,,0.2,,,,student_t,4.0,,,,,,,,,,,
gaussian,,,0.1970637604237844,0.6836353782897202,1.3745212348916016,1.0,1.548991696310264,,0.2,False,,,,,0.98805,identity,gaussian,,,,,,,,
noise,0.01595,False,0.1970845365685441,0.7528362392424146,0.837070040625541,1.0,1.9499096639871325,,0.2,,,,student_t,5.0,,,,,,,,,,,
noise,0.25242,False,0.3810174764280242,16.817470964067947,1.387347070224655,1.0,22.522145872090807,,0.3,,,,normal,0.0,,,,,,,,,,,
gaussian,,,0.008138495501628,0.0393546876159805,0.5960997321141818,1.0,1.093795548129322,,0.3,True,,,,,0.18707,identity,rank_gauss,,,,,,,,
noise,0.30223,True,0.0021853148563837,0.0741344567131833,0.3349879058620932,1.0,1.1125509027895322,,0.2,,,,student_t,8.0,,,,,,,,,,,
noise,0.11736,False,0.382388932106581,7.664375335111193,1.3723252091336349,1.0,10.643200141756587,,0.2,,,,normal,0.0,,,,,,,,,,,
gaussian,,,0.0591776170395549,0.2603926800366401,0.4530655967849122,1.0,1.066541555621388,,0.2,False,,,,,0.16793,diagonal,gaussian,,,,,,,,
noise,0.03224,False,0.3451596712764351,1.9115657396118084,1.164925117877213,1.0,3.260711967677257,,0.2,,,,normal,0.0,,,,,,,,,,,
noise,0.02865,False,0.3331579360621698,1.6707576391268713,1.120274557038803,1.0,2.962065233050054,,0.2,,,,normal,0.0,,,,,,,,,,,
gaussian,,,0.0529227049069336,0.2603819240770194,0.4647873358001398,1.0,1.0665221094199837,,0.2,True,,,,,0.187,diagonal,gaussian,,,,,,,,
noise,0.00515,False,0.0231936232827313,0.1634597943316142,0.3726751947838769,1.0,1.2146439381634109,,0.2,,,,student_t,8.0,,,,,,,,,,,
gaussian,,,0.1841995603111612,0.6392831509108885,1.244100618636994,1.0,1.5132041468896058,,0.2,False,,,,,0.86926,identity,gaussian,,,,,,,,
noise,0.17091,False,0.3819401765676165,10.9164206602646,1.408403587277618,1.0,15.498876028550304,,0.2,,,,student_t,8.0,,,,,,,,,,,
gaussian,,,0.1760740665131293,0.5995645795955727,1.125988550669608,1.0,1.476817159012882,,0.2,True,,,,,0.7595,identity,gaussian,,,,,,,,
noise,0.00888,True,0.0002980983629532,0.0281810215730318,0.3224583936204441,1.0,1.0629154301673391,,0.2,,,,normal,0.0,,,,,,,,,,,
gaussian,,,0.0153518957131395,0.038776956408082,1.4031550320568884,1.0,1.0910383112556294,,0.3,True,,,,,0.99591,diagonal,rank_gauss,,,,,,,,
gaussian,,,0.0528599737549322,0.2597577568253663,0.4084552325012796,1.0,1.0645702687519234,,0.2,True,,,,,0.03231,diagonal,gaussian,,,,,,,,
gaussian,,,0.0065149869822852,0.0392810894547418,0.4319479427272777,1.0,1.095418796639544,,0.3,True,,,,,0.02888,identity,rank_gauss,,,,,,,,
noise,0.01072,False,0.1212479571769663,0.4708144993876432,0.6272596596117767,1.0,1.563781053583936,,0.2,,,,student_t,8.0,,,,,,,,,,,
gaussian,,,0.0095320993992964,0.0393503903837705,0.7480315437230237,1.0,1.093501855530986,,0.3,True,,,,,0.32385,identity,rank_gauss,,,,,,,,
noise,0.41424,False,0.3805807830960135,24.62985988660341,1.4015782601979232,1.0,37.29081494857423,,0.3,,,,student_t,4.0,,,,,,,,,,,
gaussian,,,0.0557731156092651,0.2598778426273121,0.7074589740082778,1.0,1.0660769441124334,,0.2,False,,,,,0.44876,diagonal,gaussian,,,,,,,,
noise,0.02013,True,0.0,0.02816894850599,0.323202437584328,1.0,1.06327071973172,,0.2,,,,student_t,10.0,,,,,,,,,,,
gaussian,,,0.0109374058523751,0.03917780606343,1.1945312774683845,1.0,1.0927603736574134,,0.3,False,,,,,0.76546,diagonal,rank_gauss,,,,,,,,
noise,0.15674,True,0.0001072239073076,0.0369395817966044,0.3186957460877621,1.0,1.076513993694274,,0.2,,,,normal,0.0,,,,,,,,,,,
gaussian,,,0.0547468018069595,0.2603922008426772,0.4477660335854747,1.0,1.066550198624966,,0.2,True,,,,,0.15858,diagonal,gaussian,,,,,,,,
noise,0.01752,False,0.2509794916596435,0.9294170417642512,0.8856309550123621,1.0,2.0653628918239413,,0.2,,,,normal,0.0,,,,,,,,,,,
noise,0.00914,True,0.0,0.028180881625767,0.3224502861713081,1.0,1.062918116311073,,0.2,,,,normal,0.0,,,,,,,,,,,
gaussian,,,0.0631453319124186,0.2597357816695978,0.4088028865763485,1.0,1.0646058824625015,,0.2,False,,,,,0.00509,diagonal,gaussian,,,,,,,,
noise,0.17466,True,0.0001112253471992,0.0396662541099802,0.319633226354906,1.0,1.0799232143006572,,0.2,,,,student_t,8.0,,,,,,,,,,,
gaussian,,,0.174483669206045,0.5761328888573886,1.0546811185534946,1.0,1.4530245973525056,,0.2,False,,,,,0.69281,identity,gaussian,,,,,,,,
noise,0.04851,False,0.3705281123366533,3.0065781736706136,1.2788837462509282,1.0,4.642229184483822,,0.2,,,,normal,0.0,,,,,,,,,,,
gaussian,,,0.0114321565258811,0.0393783756780167,0.865895381570931,1.0,1.0939625412587886,,0.3,False,,,,,0.43378,diagonal,rank_gauss,,,,,,,,
noise,0.11936,False,0.3815351369579383,7.799827016321098,1.3729783269516964,1.0,10.818667640903872,,0.2,,,,normal,0.0,,,,,,,,,,,
gaussian,,,0.0133607930193933,0.0391267688815829,1.2327701643411275,1.0,1.0924149241283143,,0.3,False,,,,,0.80688,identity,rank_gauss,,,,,,,,
noise,0.07671,False,0.3744389544547625,3.855521813135882,1.354540488041306,1.0,7.030314571557075,,0.2,,,,student_t,3.0,,,,,,,,,,,
noise,0.0214,True,0.0,0.0282064415576513,0.3220600046181914,1.0,1.063130272336355,,0.2,,,,normal,0.0,,,,,,,,,,,
gaussian,,,0.1951005748380198,0.6807427949313704,1.3659788694790145,1.0,1.5467898387018195,,0.2,True,,,,,0.98038,identity,gaussian,,,,,,,,
noise,0.0157,True,5.105084018053319e-05,0.0281640554105723,0.3231012582809214,1.0,1.0631438805632594,,0.2,,,,student_t,10.0,,,,,,,,,,,
gaussian,,,0.0584397316546184,0.2602827853740789,0.5248763712115972,1.0,1.0664110341023665,,0.2,True,,,,,0.26644,diagonal,gaussian,,,,,,,,
noise,0.06905,True,0.0,0.0293071137013037,0.3240202392954066,1.0,1.066139819056073,,0.2,,,,student_t,4.0,,,,,,,,,,,
gaussian,,,0.0098691010900243,0.0393522192851271,0.9084603487345994,1.0,1.0937078198182095,,0.3,False,,,,,0.47514,diagonal,rank_gauss,,,,,,,,
noise,0.02133,True,0.0,0.0282062902866348,0.3220622748740811,1.0,1.0631285858283883,,0.2,,,,normal,0.0,,,,,,,,,,,
gaussian,,,0.0613348434439718,0.2598439630600463,0.7247478242662558,1.0,1.066039018174337,,0.2,False,,,,,0.46425,diagonal,gaussian,,,,,,,,
noise,0.05538,True,0.0,0.0285380511927909,0.3209221302717159,1.0,1.0645924151718686,,0.2,,,,normal,0.0,,,,,,,,,,,
gaussian,,,0.0614542080898097,0.2597072216927408,0.8031531478506843,1.0,1.0658750343110746,,0.2,True,,,,,0.53261,diagonal,gaussian,,,,,,,,
noise,0.0201,True,0.0,0.0282026480944308,0.3221020927862358,1.0,1.0630998417215198,,0.2,,,,normal,0.0,,,,,,,,,,,
noise,0.20674,True,0.0002845241334787,0.0473486965346867,0.3201044312564652,1.0,1.0864688978691253,,0.2,,,,normal,0.0,,,,,,,,,,,
gaussian,,,0.0063537141546597,0.0393372009100376,0.6221594509834667,1.0,1.0935578587922592,,0.3,True,,,,,0.21085,diagonal,rank_gauss,,,,,,,,
noise,0.08644,True,0.0,0.0300394472987483,0.3243634786388407,1.0,1.0677970964921024,,0.2,,,,student_t,4.0,,,,,,,,,,,
gaussian,,,0.0067477413939359,0.0393613869331651,0.563831869289888,1.0,1.0942491864645014,,0.3,True,,,,,0.15797,diagonal,rank_gauss,,,,,,,,
noise,0.00989,True,0.0,0.0281804014074317,0.3224268581941421,1.0,1.0629262867803204,,0.2,,,,normal,0.0,,,,,,,,,,,
gaussian,,,0.0647153744975473,0.2591828384174225,1.3738371299018162,1.0,1.0648199066505777,,0.2,True,,,,,0.96955,diagonal,gaussian,,,,,,,,
noise,0.02591,True,0.0,0.0284217667204498,0.3232458272601289,1.0,1.0634743773018949,,0.2,,,,student_t,4.0,,,,,,,,,,,
gaussian,,,0.1068421732704908,0.3758244320085454,0.541810371870823,1.0,1.2188353995268093,,0.2,False,,,,,0.19995,identity,gaussian,,,,,,,,
noise,0.17949,True,0.0003880967289718,0.0412489426461931,0.3190077605060176,1.0,1.0807164616714786,,0.2,,,,normal,0.0,,,,,,,,,,,
gaussian,,,0.0099846306626621,0.0393681546502842,0.8216087151705096,1.0,1.0939348537272824,,0.3,True,,,,,0.39173,diagonal,rank_gauss,,,,,,,,
noise,0.02797,False,0.3342434890759298,1.6251951632732011,1.1105700212851857,1.0,2.90588244711621,,0.2,,,,normal,0.0,,,,,,,,,,,
noise,0.05224,True,0.0005061046079239,0.0281925138709108,0.3211035562833663,1.0,1.0644610414416689,,0.2,,,,student_t,8.0,,,,,,,,,,,
gaussian,,,0.0067005055599281,0.0393356352292874,0.5410035508989873,1.0,1.0943742641766838,,0.3,False,,,,,0.1361,identity,rank_gauss,,,,,,,,
noise,0.01351,True,0.0,0.0281652821560339,0.3230507292039349,1.0,1.063089181378303,,0.2,,,,student_t,10.0,,,,,,,,,,,
gaussian,,,0.0094311306970795,0.0393490940676377,0.7196425543976747,1.0,1.093552275481118,,0.3,False,,,,,0.29794,diagonal,rank_gauss,,,,,,,,
noise,0.06276,False,0.3710444107220703,3.496616685357529,1.3290977412410874,1.0,5.922191524787409,,0.2,,,,student_t,4.0,,,,,,,,,,,
gaussian,,,0.0043143421603661,0.0392885218439111,0.4365594290487,1.0,1.095412612278769,,0.3,True,,,,,0.03379,identity,rank_gauss,,,,,,,,
noise,0.48223,False,0.3833066817652913,32.39918985301949,1.3899708446164247,1.0,42.76871629790484,,0.3,,,,normal,0.0,,,,,,,,,,,
noise,0.05555,False,0.3635496489477923,3.065131238817956,1.31006600393263,1.0,5.289256046791043,,0.2,,,,student_t,4.0,,,,,,,,,,,
gaussian,,,0.0071443117390612,0.0393725464415934,0.7875792890552629,1.0,1.0937257800944171,,0.3,True,,,,,0.35999,identity,rank_gauss,,,,,,,,
noise,0.30084,True,0.004036228087647,0.0754575602185878,0.3325807035455866,1.0,1.112117763122929,,0.2,,,,normal,0.0,,,,,,,,,,,
gaussian,,,0.0132198593614768,0.0388878754619752,1.3507236640349627,1.0,1.091331921186441,,0.3,False,,,,,0.93703,identity,rank_gauss,,,,,,,,
noise,0.03417,False,0.353189568751966,2.0411842338422805,1.1849726040969446,1.0,3.422481861330585,,0.2,,,,normal,0.0,,,,,,,,,,,
gaussian,,,0.0089223467933009,0.0393057834638836,0.9672376556486412,1.0,1.093146611942748,,0.3,True,,,,,0.53194,diagonal,rank_gauss,,,,,,,,
noise,0.0372,False,0.3564108016150715,2.244863524421211,1.2119232274161953,1.0,3.677871253306973,,0.2,,,,normal,0.0,,,,,,,,,,,
gaussian,,,0.0634201060795273,0.2595748694490973,0.8918263542375588,1.0,1.065697429956746,,0.2,True,,,,,0.60724,diagonal,gaussian,,,,,,,,
noise,0.12489,True,0.0,0.032499571847336,0.3189423527152066,1.0,1.071559898000479,,0.2,,,,normal,0.0,,,,,,,,,,,
gaussian,,,0.013647057097318,0.0388510566969251,1.3656602338187769,1.0,1.091209826008799,,0.3,False,,,,,0.9537,identity,rank_gauss,,,,,,,,
noise,0.14631,True,3.727327160152338e-05,0.034881731554504,0.3192079038102053,1.0,1.074903494479341,,0.3,,,,student_t,8.0,,,,,,,,,,,
noise,0.20951,True,0.0002288815548842,0.0480187982398469,0.3202676188385508,1.0,1.0870968625841424,,0.2,,,,normal,0.0,,,,,,,,,,,
gaussian,,,0.0174073714601765,0.0391507636544884,1.211146131947655,1.0,1.09257630994584,,0.3,True,,,,,0.78343,identity,rank_gauss,,,,,,,,
noise,0.07261,False,0.3742570456809549,4.0868213226821375,1.34719078419668,1.0,6.790622249546757,,0.3,,,,student_t,4.0,,,,,,,,,,,
gaussian,,,0.063585491209688,0.2593627227883398,0.9918027028004708,1.0,1.0654907383364058,,0.3,False,,,,,0.689,diagonal,gaussian,,,,,,,,
noise,0.40481,False,0.3812929192920694,24.062515712131773,1.401484747019741,1.0,36.44736341978104,,0.3,,,,student_t,4.0,,,,,,,,,,,
noise,0.49017,False,0.3809991621101052,32.93756513143976,1.38999848460569,1.0,43.468424380027486,,0.3,,,,normal,0.0,,,,,,,,,,,
gaussian,,,0.0686562854437911,0.259280918313012,1.043940910706157,1.0,1.0653879758930325,,0.2,True,,,,,0.7309,diagonal,gaussian,,,,,,,,
gaussian,,,0.11883157573585,0.4277798976158625,0.6581278965282745,1.0,1.283162986130835,,0.2,False,,,,,0.31145,identity,gaussian,,,,,,,,
noise,0.02885,False,0.3358484189679523,1.6841574270778126,1.123045572184893,1.0,2.978613628061771,,0.2,,,,normal,0.0,,,,,,,,,,,
gaussian,,,0.1746487921435981,0.5990718460070538,1.1244902422201126,1.0,1.476331197630142,,0.2,False,,,,,0.7581,identity,gaussian,,,,,,,,
noise,0.31823,True,0.0034513299788559,0.0816234632822725,0.3528254230507643,1.0,1.1197708127024222,,0.2,,,,student_t,10.0,,,,,,,,,,,
gaussian,,,0.0633130269050132,0.2593198342181982,1.0192099906539405,1.0,1.0654361276346709,,0.2,True,,,,,0.71107,diagonal,gaussian,,,,,,,,
noise,0.03251,True,0.0,0.0285092546525947,0.3233672062235343,1.0,1.0637481694955129,,0.2,,,,student_t,4.0,,,,,,,,,,,
gaussian,,,0.0102387039842358,0.0393496450044679,0.9293899574500496,1.0,1.0935966259919674,,0.3,False,,,,,0.49526,diagonal,rank_gauss,,,,,,,,
noise,0.08724,True,0.0,0.0296145300599509,0.3198801860129463,1.0,1.0671261855266445,,0.2,,,,normal,0.0,,,,,,,,,,,
gaussian,,,0.012392699598952,0.0391951055828547,1.1642518240858726,1.0,1.0927564671002246,,0.3,False,,,,,0.73322,diagonal,rank_gauss,,,,,,,,
noise,0.0052,True,0.0,0.0281848182342187,0.3225723489179432,1.0,1.062885488256187,,0.2,,,,normal,0.0,,,,,,,,,,,
gaussian,,,0.0100467599137552,0.0393711778748071,0.7909597888101318,1.0,1.0937513334327813,,0.3,True,,,,,0.3631,diagonal,rank_gauss,,,,,,,,
noise,0.02189,True,0.0001334152850396,0.0281855486751242,0.3225359208907525,1.0,1.0630491193004716,,0.3,,,,student_t,3.0,,,,,,,,,,,
gaussian,,,0.0112268428753181,0.039198667812576,1.1499515697475398,1.0,1.0927300868851568,,0.3,False,,,,,0.71827,identity,rank_gauss,,,,,,,,
noise,0.1945,False,0.3825319955121455,11.411059748347071,1.3952287467386049,1.0,17.645057603972308,,0.2,,,,student_t,4.0,,,,,,,,,,,
noise,0.0305,False,0.3341614445598537,1.7947893766827057,1.1445645135678717,1.0,3.115555960419443,,0.2,,,,normal,0.0,,,,,,,,,,,
gaussian,,,0.0584900722599178,0.2601002359023044,0.6134754276507658,1.0,1.0662646490804748,,0.2,False,,,,,0.36057,diagonal,gaussian,,,,,,,,
noise,0.00838,True,0.0,0.0281514457660024,0.3224795560664585,1.0,1.0629203214607623,,0.2,,,,student_t,8.0,,,,,,,,,,,
gaussian,,,0.0119260658559378,0.0392266686094795,1.0986500860188666,1.0,1.0927951077479094,,0.3,False,,,,,0.66444,diagonal,rank_gauss,,,,,,,,
noise,0.06734,False,0.3715536251566729,3.770958322211887,1.338433910829646,1.0,6.325533931005349,,0.2,,,,student_t,4.0,,,,,,,,,,,
gaussian,,,0.0052754100371557,0.0393369184155421,0.6672903033434192,1.0,1.0933200665204044,,0.3,True,,,,,0.25051,identity,rank_gauss,,,,,,,,
noise,0.10434,False,0.3806313717703729,6.5522157372889085,1.3906816956080057,1.0,9.590186817510386,,0.2,,,,student_t,8.0,,,,,,,,,,,
noise,0.03375,False,0.3409700841224017,1.937552151782699,1.1951840512761611,1.0,3.409809161456007,,0.2,,,,student_t,8.0,,,,,,,,,,,
gaussian,,,0.1171301198140651,0.4344945753239495,0.6594619537946971,1.0,1.2918606144618312,,0.2,True,,,,,0.32379,identity,gaussian,,,,,,,,
noise,0.34731,True,0.0041262701603806,0.0931321383605271,0.3449727561938434,1.0,1.1278915642175469,,0.2,,,,normal,0.0,,,,,,,,,,,
gaussian,,,0.1438894402772199,0.475322488641361,0.7642918856232563,1.0,1.3406965030641718,,0.2,False,,,,,0.42194,identity,gaussian,,,,,,,,
noise,0.3662,False,0.3811794662824513,23.964601867337525,1.401674468470104,1.0,32.84333131277536,,0.3,,,,student_t,10.0,,,,,,,,,,,
gaussian,,,0.1412128365884525,0.4926172753902403,0.8112598992288919,1.0,1.3608292362429144,,0.2,True,,,,,0.46565,identity,gaussian,,,,,,,,
noise,0.20409,True,0.0003434174589143,0.0422165007743539,0.3242110487844188,1.0,1.0838072897063065,,0.2,,,,student_t,3.0,,,,,,,,,,,
gaussian,,,0.0060540455266507,0.0393547130806302,0.7332540019543241,1.0,1.0935597247599067,,0.3,False,,,,,0.3104,diagonal,rank_gauss,,,,,,,,
noise,0.04531,True,0.0,0.0283169228437485,0.3223158368534796,1.0,1.0637993947857791,,0.2,,,,student_t,3.0,,,,,,,,,,,
gaussian,,,0.0056093449215589,0.0393399980969637,0.6781142900076541,1.0,1.0933514015573635,,0.3,False,,,,,0.26019,diagonal,rank_gauss,,,,,,,,
noise,0.03577,True,0.0,0.0281702115217221,0.3226441507700595,1.0,1.0635052112773409,,0.2,,,,student_t,5.0,,,,,,,,,,,
gaussian,,,0.0950270374544778,0.3646589187711737,0.5203602273522484,1.0,1.2048391862376466,,0.2,False,,,,,0.17793,identity,gaussian,,,,,,,,
noise,0.08881,False,0.3820239752577817,5.731092504516468,1.357410421995916,1.0,8.14229778933357,,0.2,,,,normal,0.0,,,,,,,,,,,
gaussian,,,0.1449400766021734,0.5167337197980505,0.8791174871014744,1.0,1.3884176555180046,,0.3,True,,,,,0.52885,identity,gaussian,,,,,,,,
noise,0.34299,False,0.3813518181177721,22.958057371598024,1.3890753271871714,1.0,30.499775023424643,,0.2,,,,normal,0.0,,,,,,,,,,,
gaussian,,,0.0547147912943809,0.2604228900276414,0.4222543992695387,1.0,1.066598707910734,,0.2,False,,,,,0.10095,diagonal,gaussian,,,,,,,,
noise,0.35486,True,0.0040975907055476,0.0887941593650159,0.3640015882682677,1.0,1.1320019789663995,,0.3,,,,student_t,4.0,,,,,,,,,,,
gaussian,,,0.010371628294715,0.0391920699657622,1.1737278105581244,1.0,1.0927741404496842,,0.3,True,,,,,0.74331,identity,rank_gauss,,,,,,,,
noise,0.01095,True,0.0,0.0281790383247625,0.3226277238518076,1.0,1.062898005221422,,0.2,,,,student_t,3.0,,,,,,,,,,,
gaussian,,,0.1098649627558907,0.4094932152511895,0.6143934678732795,1.0,1.2606648876282678,,0.2,True,,,,,0.2705,identity,gaussian,,,,,,,,
noise,0.0986,False,0.3783821255699502,5.034247343954514,1.3745736910324595,1.0,8.946473621320111,,0.2,,,,student_t,3.0,,,,,,,,,,,
noise,0.02541,False,0.2918995193240466,1.27041348140232,1.070101592233733,1.0,2.701848867381917,,0.2,,,,student_t,4.0,,,,,,,,,,,
gaussian,,,0.0060088982919493,0.039335938139453,0.6703820519482536,1.0,1.093316902328689,,0.3,False,,,,,0.2532,diagonal,rank_gauss,,,,,,,,
noise,0.13417,False,0.3831285351143025,8.802939896091058,1.3769379531604662,1.0,12.118751630967097,,0.2,,,,normal,0.0,,,,,,,,,,,
noise,0.02271,False,0.2847368907813244,1.2234065249223571,1.0267972727397243,1.0,2.488692209332237,,0.2,,,,student_t,8.0,,,,,,,,,,,
gaussian,,,0.1727596555529009,0.6031037649939492,1.1367611440721503,1.0,1.4802925217347067,,0.2,False,,,,,0.76956,identity,gaussian,,,,,,,,
noise,0.20867,False,0.3813936532096971,13.85171792971732,1.3855477009980397,1.0,18.670388754451604,,0.3,,,,normal,0.0,,,,,,,,,,,
noise,0.4171,False,0.3820951668560488,27.983045833532792,1.389680362192823,1.0,37.02947752646155,,0.3,,,,normal,0.0,,,,,,,,,,,
gaussian,,,0.0648847608997988,0.2598904855190946,0.7012822903702467,1.0,1.0660902631930749,,0.2,False,,,,,0.44318,diagonal,gaussian,,,,,,,,
noise,0.02466,True,0.0,0.0281770152900978,0.3225122868880866,1.0,1.063107115919132,,0.2,,,,student_t,3.0,,,,,,,,,,,
noise,0.13499,False,0.3805523015749502,8.561169553629098,1.4020340476852398,1.0,12.30791034962799,,0.3,,,,student_t,8.0,,,,,,,,,,,
gaussian,,,0.0073266642782429,0.0392805134365577,0.9963938295028676,1.0,1.0930261315973584,,0.3,True,,,,,0.56071,identity,rank_gauss,,,,,,,,
noise,0.23551,True,0.0009386488517533,0.0529560985990867,0.3345403441581992,1.0,1.095001756990151,,0.2,,,,student_t,4.0,,,,,,,,,,,
gaussian,,,0.0670125253147315,0.2592169199931828,1.281302016996472,1.0,1.0647408227384354,,0.2,False,,,,,0.89815,diagonal,gaussian,,,,,,,,
noise,0.27348,True,0.0039791236703137,0.066361276810125,0.3418723460705872,1.0,1.1056206971282008,,0.2,,,,student_t,10.0,,,,,,,,,,,
gaussian,,,0.0129624467481402,0.039264968527642,1.0525698389575833,1.0,1.0929763933510768,,0.3,False,,,,,0.61712,diagonal,rank_gauss,,,,,,,,
noise,0.05753,False,0.3739179010931097,3.615473825473186,1.3100588886171274,1.0,5.419668918948958,,0.2,,,,normal,0.0,,,,,,,,,,,
gaussian,,,0.0112014623480372,0.0392811205031592,1.0265011877550958,1.0,1.0929978085345913,,0.3,False,,,,,0.59071,identity,rank_gauss,,,,,,,,
noise,0.02342,False,0.295010155598457,1.269072286763306,1.0417305037042506,1.0,2.5466870764456866,,0.2,,,,student_t,8.0,,,,,,,,,,,
gaussian,,,0.0114502298738923,0.0391608665568464,1.201649766632699,1.0,1.0926726982395087,,0.3,False,,,,,0.77309,diagonal,rank_gauss,,,,,,,,
noise,0.02036,False,0.2747608486513855,1.1171033613935486,0.9637874171923576,1.0,2.2883555881383315,,0.2,,,,normal,0.0,,,,,,,,,,,
gaussian,,,0.0091109233065477,0.039358618466798,0.8915697803014753,1.0,1.0937708747284394,,0.3,True,,,,,0.45867,identity,rank_gauss,,,,,,,,
noise,0.02492,False,0.3013521009159733,1.3656807561326303,1.0710182822855685,1.0,2.66989270921322,,0.2,,,,student_t,8.0,,,,,,,,,,,
noise,0.1573,False,0.3810705302201915,10.370102300960353,1.3810123217210568,1.0,14.151226898192933,,0.2,,,,normal,0.0,,,,,,,,,,,
gaussian,,,0.0628216140740901,0.2593159417343,1.1394481476424256,1.0,1.06463111179782,,0.2,False,,,,,0.78793,diagonal,gaussian,,,,,,,,
noise,0.0066,False,0.0420917750156971,0.2361188880692541,0.4310272239772552,1.0,1.2949025558826657,,0.2,,,,student_t,8.0,,,,,,,,,,,
gaussian,,,0.0053189897922445,0.0393547458536332,0.559043346632924,1.0,1.094292556931462,,0.3,True,,,,,0.1535,diagonal,rank_gauss,,,,,,,,
noise,0.16348,False,0.3815689766207708,10.788886784952805,1.381808942376363,1.0,14.694586598536294,,0.2,,,,normal,0.0,,,,,,,,,,,
gaussian,,,0.0092255137530961,0.0393483839140176,0.912424255494809,1.0,1.0936669120003784,,0.3,True,,,,,0.47895,identity,rank_gauss,,,,,,,,
noise,0.01188,True,0.0,0.0282839249096256,0.3229755720147428,1.0,1.0630535923690796,,0.2,,,,student_t,4.0,,,,,,,,,,,
gaussian,,,0.0605969311825037,0.279510978659707,0.4148247738623882,1.0,1.0952463298192103,,0.2,False,,,,,0.03229,identity,gaussian,,,,,,,,
noise,0.47475,False,0.3814419758863726,31.89200667508268,1.3899435276643528,1.0,42.109552330421366,,0.3,,,,normal,0.0,,,,,,,,,,,
gaussian,,,0.1248201106236231,0.4482181436740074,0.6936964002247261,1.0,1.3085029090811446,,0.2,True,,,,,0.35603,identity,gaussian,,,,,,,,
noise,0.28921,True,0.0020213621260402,0.0606098651949828,0.3346737960711199,1.0,1.1044464758586643,,0.2,,,,student_t,3.0,,,,,,,,,,,
gaussian,,,0.0145042770564547,0.0389558679858962,1.321072239465189,1.0,1.091548190608094,,0.3,False,,,,,0.90406,identity,rank_gauss,,,,,,,,
noise,0.03136,True,0.0,0.0280987505527489,0.321765878134323,1.0,1.0634614840783858,,0.2,,,,student_t,8.0,,,,,,,,,,,
noise,0.01314,False,0.136242174969952,0.5606437672202109,0.7317618536146325,1.0,1.7318358116387984,,0.2,,,,student_t,4.0,,,,,,,,,,,
gaussian,,,0.0612863608393635,0.2603367614345516,0.4999112215939311,1.0,1.0664580976480973,,0.2,False,,,,,0.236,diagonal,gaussian,,,,,,,,
noise,0.06132,True,0.000165638816501,0.0290884259646266,0.3238793121033769,1.0,1.06551038534606,,0.2,,,,student_t,4.0,,,,,,,,,,,
gaussian,,,0.0949169351780103,0.3476531069671867,0.4906459081338563,1.0,1.1834270182786402,,0.2,True,,,,,0.14575,identity,gaussian,,,,,,,,
noise,0.00847,True,0.0001966079940347,0.0282533964606134,0.3229069117249566,1.0,1.0629844713098164,,0.2,,,,student_t,4.0,,,,,,,,,,,
gaussian,,,0.0650989763740287,0.2593936016326277,0.9769413672330935,1.0,1.065519536357463,,0.2,True,,,,,0.67698,diagonal,gaussian,,,,,,,,
noise,0.35852,False,0.3825363306241816,19.06336002206967,1.403043215356947,1.0,31.86853001415969,,0.3,,,,student_t,3.0,,,,,,,,,,,
gaussian,,,0.0088549037616662,0.0393765564735903,0.8673032027452314,1.0,1.09394895511099,,0.3,True,,,,,0.43514,diagonal,rank_gauss,,,,,,,,
noise,0.0306,False,0.3415187757514012,1.8014992353201011,1.1457949175180275,1.0,3.123878399639091,,0.3,,,,normal,0.0,,,,,,,,,,,
gaussian,,,0.0078427519449112,0.0393206179861462,0.5094337103612856,1.0,1.0946129536692193,,0.3,True,,,,,0.10549,identity,rank_gauss,,,,,,,,
noise,0.40923,False,0.3812931947022133,27.44942123670445,1.3896329304323911,1.0,36.33601349839171,,0.3,,,,normal,0.0,,,,,,,,,,,
gaussian,,,0.0995594733208043,0.3939745406144311,0.5795603660199758,1.0,1.2414491798173684,,0.2,False,,,,,0.2372,identity,gaussian,,,,,,,,
noise,0.11781,True,0.00023278610677,0.0322497882332859,0.3251698314471452,1.0,1.07161690170924,,0.2,,,,student_t,4.0,,,,,,,,,,,
gaussian,,,0.0076968220429953,0.0393509517282772,0.5836128219091492,1.0,1.0939253780083351,,0.3,True,,,,,0.17594,diagonal,rank_gauss,,,,,,,,
noise,0.02129,True,0.0,0.0282062054166122,0.3220635719619295,1.0,1.0631276245591963,,0.2,,,,normal,0.0,,,,,,,,,,,
gaussian,,,0.0713051985888689,0.2591824082088119,1.3566497336878174,1.0,1.0648041423832018,,0.2,False,,,,,0.95633,diagonal,gaussian,,,,,,,,
noise,0.12959,True,2.8506422230178963e-05,0.0326674593942921,0.319263910513733,1.0,1.072344536393872,,0.2,,,,student_t,8.0,,,,,,,,,,,
gaussian,,,0.0068287926020697,0.0393551839124759,0.7017359097150245,1.0,1.0935197249093356,,0.3,True,,,,,0.28142,diagonal,rank_gauss,,,,,,,,
noise,0.0199,True,0.0,0.0282019871074165,0.3221085539238077,1.0,1.0630953271194945,,0.2,,,,normal,0.0,,,,,,,,,,,
gaussian,,,0.016333658145911,0.0391428993244955,1.215618517892867,1.0,1.0925219801796635,,0.3,False,,,,,0.78824,identity,rank_gauss,,,,,,,,
noise,0.16505,False,0.3815596510142305,10.895278928540332,1.3819973494630948,1.0,14.832640850182877,,0.3,,,,normal,0.0,,,,,,,,,,,
gaussian,,,0.1904311765491801,0.6431395898347557,1.2554285971732415,1.0,1.5164964200514195,,0.2,False,,,,,0.8797,identity,gaussian,,,,,,,,
noise,0.02272,True,0.0,0.0282092572033423,0.3220171110127368,1.0,1.063163096526944,,0.2,,,,normal,0.0,,,,,,,,,,,
gaussian,,,0.0112101313273539,0.0391093961264923,1.2445917565259277,1.0,1.092282836436273,,0.3,True,,,,,0.81977,identity,rank_gauss,,,,,,,,
noise,0.00655,False,0.049329422321618,0.24256103668775,0.4301222445567764,1.0,1.290385912642127,,0.2,,,,normal,0.0,,,,,,,,,,,
noise,0.27333,True,0.0016126748059738,0.0660979629201923,0.3273015270210169,1.0,1.1037212686222886,,0.2,,,,normal,0.0,,,,,,,,,,,
gaussian,,,0.013190696363891,0.0391449208394511,1.214345251489945,1.0,1.092538359374298,,0.3,False,,,,,0.78686,identity,rank_gauss,,,,,,,,
noise,0.21974,True,0.0,0.0505700480277769,0.3209610968482381,1.0,1.0894848235349228,,0.2,,,,normal,0.0,,,,,,,,,,,
gaussian,,,0.066277677218542,0.2592795756432507,1.0447529374344318,1.0,1.0653864784145968,,0.2,True,,,,,0.73155,diagonal,gaussian,,,,,,,,
noise,0.06804,True,0.0,0.0287071642649772,0.322085808206444,1.0,1.065086817423024,,0.2,,,,student_t,3.0,,,,,,,,,,,
gaussian,,,0.0073542615763174,0.0393541169191548,0.5551287956604068,1.0,1.0943238640286173,,0.3,False,,,,,0.14979,identity,rank_gauss,,,,,,,,
noise,0.3554,False,0.3820311633149489,23.799497028914725,1.389205414822411,1.0,31.59311200180325,,0.3,,,,normal,0.0,,,,,,,,,,,
gaussian,,,0.0137702072801356,0.0388770879945786,1.3536699719254626,1.0,1.091303224478556,,0.3,True,,,,,0.9403,diagonal,rank_gauss,,,,,,,,
noise,0.01262,True,0.0001695505044913,0.0282904046675709,0.3229903079705865,1.0,1.0630703046783048,,0.2,,,,student_t,4.0,,,,,,,,,,,
gaussian,,,0.0544831663803195,0.2603172286678006,0.5096702336009493,1.0,1.0664394514774047,,0.2,True,,,,,0.24822,diagonal,gaussian,,,,,,,,
noise,0.01115,True,0.0,0.0281664355382791,0.3229958790305185,1.0,1.0630361661473913,,0.2,,,,student_t,10.0,,,,,,,,,,,
gaussian,,,0.1898330510531621,0.6462306537320218,1.264518359653501,1.0,1.5191125574748086,,0.2,False,,,,,0.88806,identity,gaussian,,,,,,,,
noise,0.08127,True,0.0,0.0293410674507713,0.3200658067807297,1.0,1.0665660485741817,,0.2,,,,normal,0.0,,,,,,,,,,,
gaussian,,,0.1358862093063424,0.4744580320171569,0.7619820978867,1.0,1.3396819771075992,,0.2,True,,,,,0.41979,identity,gaussian,,,,,,,,
noise,0.00614,True,0.0,0.0281739016349596,0.3228780080958291,1.0,1.0629440160464554,,0.2,,,,student_t,10.0,,,,,,,,,,,
gaussian,,,0.0089638465079541,0.0392820076932393,1.033763384536699,1.0,1.0930321328337174,,0.3,False,,,,,0.59801,identity,rank_gauss,,,,,,,,
noise,0.01918,True,8.106833442711459e-05,0.0282000430591348,0.3221317827396642,1.0,1.063079443374229,,0.2,,,,normal,0.0,,,,,,,,,,,
gaussian,,,0.0143936746682556,0.0387814228473499,1.400632768112962,1.0,1.091039072655513,,0.3,False,,,,,0.99308,identity,rank_gauss,,,,,,,,
noise,0.01122,True,0.0,0.0281795109205091,0.3226248962220888,1.0,1.062900472646087,,0.2,,,,student_t,3.0,,,,,,,,,,,
gaussian,,,0.0573214836785124,0.2603669031062103,0.4756201554967302,1.0,1.0665019915433391,,0.2,True,,,,,0.20317,diagonal,gaussian,,,,,,,,
noise,0.03235,True,0.0,0.0282064980753721,0.3224428466303968,1.0,1.063311370951606,,0.2,,,,student_t,3.0,,,,,,,,,,,
gaussian,,,0.0069765404159998,0.0392789873827758,0.4298991153925586,1.0,1.0954264267325349,,0.3,True,,,,,0.02677,diagonal,rank_gauss,,,,,,,,
noise,0.05898,True,5.140434575889863e-05,0.029026603688412,0.323837442691473,1.0,1.0653328878221884,,0.2,,,,student_t,4.0,,,,,,,,,,,
gaussian,,,0.145631289069314,0.4815547445178717,0.7810398207918097,1.0,1.3479826555461565,,0.2,False,,,,,0.43753,identity,gaussian,,,,,,,,
noise,0.00515,True,0.0,0.0281848273648182,0.3225738868890976,1.0,1.0628851853371473,,0.2,,,,normal,0.0,,,,,,,,,,,
gaussian,,,0.0560910284476574,0.2604231703037599,0.4221626740560648,1.0,1.0665989252939134,,0.2,True,,,,,0.10067,diagonal,gaussian,,,,,,,,
noise,0.15973,True,0.0,0.0370947128580648,0.3234770475955545,1.0,1.0766049754371745,,0.3,,,,student_t,5.0,,,,,,,,,,,
gaussian,,,0.0626643709080007,0.2597190599891479,0.7945307020553104,1.0,1.06589178449825,,0.2,True,,,,,0.52522,diagonal,gaussian,,,,,,,,
noise,0.00976,True,0.0,0.0281769927678131,0.3226400249045011,1.0,1.062888133795561,,0.3,,,,student_t,3.0,,,,,,,,,,,
gaussian,,,0.0154380590641748,0.038970581215836,1.3119661453307483,1.0,1.0915626951281985,,0.4,False,,,,,0.89388,identity,rank_gauss,,,,,,,,
noise,0.36694,True,0.0056345244098567,0.0938799056408749,0.3611971491629991,1.0,1.133123327460948,,0.3,,,,student_t,5.0,,,,,,,,,,,
gaussian,,,0.161656153173258,0.539528696919502,0.9449635484241304,1.0,1.4137146523798534,,0.3,False,,,,,0.59027,identity,gaussian,,,,,,,,
noise,0.04017,True,0.0,0.0282694926224717,0.3223673966216707,1.0,1.063584256735366,,0.3,,,,student_t,3.0,,,,,,,,,,,
gaussian,,,0.0547620813482181,0.2603916602395053,0.4556753356856606,1.0,1.0665376868130203,,0.2,False,,,,,0.17235,diagonal,gaussian,,,,,,,,
noise,0.00851,True,0.0,0.02818108541706,0.3224699184467348,1.0,1.062911737432083,,0.3,,,,normal,0.0,,,,,,,,,,,
gaussian,,,0.1472311870001764,0.5020162785938045,0.8374086551653225,1.0,1.3716563882878745,,0.2,True,,,,,0.48999,identity,gaussian,,,,,,,,
noise,0.13507,True,0.0007204992294564,0.0336749296391025,0.3187930424717821,1.0,1.0730242985421743,,0.2,,,,normal,0.0,,,,,,,,,,,
gaussian,,,0.0110122109682893,0.0391216954477785,1.2402608485910382,1.0,1.0923492986510976,,0.3,True,,,,,0.81502,identity,rank_gauss,,,,,,,,
noise,0.05332,True,0.0,0.0282031471566104,0.3210695230313547,1.0,1.064525871384118,,0.2,,,,student_t,8.0,,,,,,,,,,,
gaussian,,,0.0121088618304345,0.0392834040248379,1.0366537465631476,1.0,1.0930477232091018,,0.3,False,,,,,0.60095,diagonal,rank_gauss,,,,,,,,
noise,0.01761,False,0.2236081960371502,0.8526461235054938,0.8904087137721992,1.0,2.0794534144522268,,0.2,,,,student_t,5.0,,,,,,,,,,,
gaussian,,,0.0086643041794661,0.0393425664505149,0.6446492476641666,1.0,1.0934351791960526,,0.3,True,,,,,0.2308,identity,rank_gauss,,,,,,,,
noise,0.09488,False,0.3759018504460101,4.833856908046217,1.3720946088447483,1.0,8.620256740065914,,0.2,,,,student_t,3.0,,,,,,,,,,,
gaussian,,,0.0614420651192094,0.2599269821088727,0.6841189904079366,1.0,1.0661268064585336,,0.2,True,,,,,0.42754,diagonal,gaussian,,,,,,,,
noise,0.04648,True,0.0,0.0287459623775613,0.3236164892484543,1.0,1.0644875543534646,,0.2,,,,student_t,4.0,,,,,,,,,,,
gaussian,,,0.1390575956629445,0.4695075230042546,0.7488273942454705,1.0,1.333857729006922,,0.2,True,,,,,0.40754,identity,gaussian,,,,,,,,
noise,0.1213,False,0.3815923078064396,7.93121354265197,1.3735821696578565,1.0,10.988894061728804,,0.2,,,,normal,0.0,,,,,,,,,,,
gaussian,,,0.0611017238283497,0.2597714001894574,0.4142699875484037,1.0,1.0645188725901351,,0.2,False,,,,,0.07185,diagonal,gaussian,,,,,,,,
noise,0.05977,True,0.0,0.0286245063044334,0.3207735438610292,1.0,1.0648748434634367,,0.2,,,,normal,0.0,,,,,,,,,,,
gaussian,,,0.0676060290789223,0.2921041728220755,0.4228355965064995,1.0,1.112056543582198,,0.2,False,,,,,0.05158,identity,gaussian,,,,,,,,
noise,0.11708,True,0.0,0.0310551869532306,0.3218081666276551,1.0,1.0697034501927676,,0.2,,,,student_t,3.0,,,,,,,,,,,
gaussian,,,0.1806998501670639,0.6133594307739358,1.1678733165733872,1.0,1.4901531478119403,,0.2,False,,,,,0.79858,identity,gaussian,,,,,,,,
noise,0.09902,True,0.0,0.030295438140001,0.3195367385227464,1.0,1.068346489404175,,0.2,,,,normal,0.0,,,,,,,,,,,
gaussian,,,0.1007640264797666,0.3748555860580681,0.5398903100631761,1.0,1.217622175766022,,0.2,False,,,,,0.19801,identity,gaussian,,,,,,,,
noise,0.01637,True,0.0,0.0281928149067885,0.3222219607007632,1.0,1.0630229760917078,,0.2,,,,normal,0.0,,,,,,,,,,,
gaussian,,,0.0118893955950915,0.0391980258485571,1.1582473859090805,1.0,1.092742447410491,,0.3,False,,,,,0.72686,diagonal,rank_gauss,,,,,,,,
noise,0.37103,True,0.0058432558232168,0.1029643923117993,0.3530188096943049,1.0,1.136670361971384,,0.2,,,,normal,0.0,,,,,,,,,,,
noise,0.09222,True,0.0,0.0298767258207366,0.3197308610780522,1.0,1.067623457022934,,0.2,,,,normal,0.0,,,,,,,,,,,
gaussian,,,0.006998699102894,0.0393532037659992,0.5979063541009169,1.0,1.093784573223618,,0.3,True,,,,,0.18875,identity,rank_gauss,,,,,,,,
noise,0.21871,True,0.0020003292254875,0.0449234137080348,0.3252922387069253,1.0,1.0868850726190848,,0.2,,,,student_t,3.0,,,,,,,,,,,
gaussian,,,0.0118327903831084,0.0391409157500092,1.2164014271029708,1.0,1.092512005478446,,0.3,True,,,,,0.78908,diagonal,rank_gauss,,,,,,,,
noise,0.05714,False,0.3672182066976986,3.1602584453706952,1.314825271020994,1.0,5.428600104385568,,0.2,,,,student_t,4.0,,,,,,,,,,,
gaussian,,,0.0563482053473421,0.2601974378178752,0.5655043094531134,1.0,1.0663478702488614,,0.2,False,,,,,0.31158,diagonal,gaussian,,,,,,,,
noise,0.2107,False,0.3811792906349056,13.526165805681424,1.4120734438266271,1.0,19.037396759596557,,0.3,,,,student_t,8.0,,,,,,,,,,,
noise,0.06653,False,0.376679273541811,4.076141619092068,1.3510547416621188,1.0,6.253274989990202,,0.2,,,,student_t,8.0,,,,,,,,,,,
gaussian,,,0.0586621382053967,0.2599599418151216,0.6697994159931275,1.0,1.0661552727346653,,0.2,True,,,,,0.41433,diagonal,gaussian,,,,,,,,
noise,0.38521,True,0.0045554243452713,0.0874844494955532,0.360905796642589,1.0,1.135008376850537,,0.2,,,,student_t,3.0,,,,,,,,,,,
gaussian,,,0.0111263972574582,0.0392733558361976,1.0461021227198704,1.0,1.0930317379272283,,0.3,True,,,,,0.61051,diagonal,rank_gauss,,,,,,,,
noise,0.01125,True,0.0,0.0281795573583313,0.322624581207403,1.0,1.0629007520026992,,0.2,,,,student_t,3.0,,,,,,,,,,,
gaussian,,,0.0949088180769639,0.3678820690618008,0.5263970902936885,1.0,1.208881966156731,,0.2,False,,,,,0.18421,identity,gaussian,,,,,,,,
noise,0.08347,True,5.2998177546226266e-05,0.0293470817297699,0.3224665102078697,1.0,1.0665600100828652,,0.2,,,,student_t,5.0,,,,,,,,,,,
gaussian,,,0.0720975434008493,0.2596642443529127,0.8319996150486207,1.0,1.0658209530979428,,0.3,True,,,,,0.55715,diagonal,gaussian,,,,,,,,
noise,0.05488,True,0.0,0.0285280239589038,0.3209390856074203,1.0,1.0645616032380891,,0.2,,,,normal,0.0,,,,,,,,,,,
gaussian,,,0.163940007749326,0.5567547787392707,0.9960844191978738,1.0,1.432446218180834,,0.2,False,,,,,0.63801,identity,gaussian,,,,,,,,
noise,0.36908,True,0.0035958823930727,0.0825633029917628,0.3553542523985758,1.0,1.1293639882641835,,0.2,,,,student_t,3.0,,,,,,,,,,,
gaussian,,,0.0065478950546976,0.0393765893921896,0.7662264447644206,1.0,1.0936137323587478,,0.3,True,,,,,0.34059,diagonal,rank_gauss,,,,,,,,
noise,0.02662,True,0.0,0.0281780540109942,0.32334841818786,1.0,1.0634956556452138,,0.2,,,,student_t,10.0,,,,,,,,,,,
gaussian,,,0.0599141651910264,0.2598723539191177,0.7103572401078473,1.0,1.0660706862463332,,0.3,False,,,,,0.45137,diagonal,gaussian,,,,,,,,
noise,0.04132,False,0.3642324240961632,2.5221238605052534,1.2413583104793444,1.0,4.027417735642725,,0.2,,,,normal,0.0,,,,,,,,,,,
gaussian,,,0.063745535925192,0.2603404129855794,0.4978442569420043,1.0,1.0664620789363963,,0.2,False,,,,,0.23335,diagonal,gaussian,,,,,,,,
noise,0.01848,False,0.2607647501173727,0.9926920988020528,0.9137628531369768,1.0,2.1401402466010477,,0.2,,,,normal,0.0,,,,,,,,,,,
gaussian,,,0.0092783858184197,0.03910984912751,1.2444273931424836,1.0,1.0922852307978563,,0.3,False,,,,,0.81959,identity,rank_gauss,,,,,,,,
noise,0.00749,False,0.0558274576932897,0.2841009434458662,0.4722536955461762,1.0,1.348724728339502,,0.2,,,,student_t,8.0,,,,,,,,,,,
noise,0.07576,False,0.3788439826442233,4.847824024098346,1.3442657890342855,1.0,7.003010598000098,,0.2,,,,normal,0.0,,,,,,,,,,,
gaussian,,,0.0590373236799481,0.2602647970341848,0.5332870677597753,1.0,1.0663965422940265,,0.2,True,,,,,0.27616,diagonal,gaussian,,,,,,,,
noise,0.01234,False,0.146384930849753,0.5395622654804365,0.6994467935793903,1.0,1.6779943401205455,,0.2,,,,student_t,5.0,,,,,,,,,,,
gaussian,,,0.0663887929594774,0.2593129380163586,1.1564631914564143,1.0,1.0646443590460468,,0.2,False,,,,,0.80121,diagonal,gaussian,,,,,,,,
noise,0.00508,False,0.0196689526339947,0.1601539774133126,0.3702563038953522,1.0,1.2110405453187916,,0.3,,,,student_t,8.0,,,,,,,,,,,
noise,0.2218,False,0.3812968287733284,11.681014694673996,1.3994357494198268,1.0,19.797856484740088,,0.3,,,,student_t,3.0,,,,,,,,,,,
gaussian,,,0.0054496660220454,0.0393532936521394,0.5880124465504641,1.0,1.0938718294739616,,0.3,True,,,,,0.17985,identity,rank_gauss,,,,,,,,
noise,0.0102,True,0.0,0.0281807473205686,0.3224171568673327,1.0,1.062929846957109,,0.3,,,,normal,0.0,,,,,,,,,,,
noise,0.01237,True,0.0,0.028184014570674,0.3223489596066375,1.0,1.0629577659537752,,0.2,,,,normal,0.0,,,,,,,,,,,
gaussian,,,0.010125492582666,0.0393779637528869,0.8617603097031696,1.0,1.093971791075955,,0.3,True,,,,,0.4298,identity,rank_gauss,,,,,,,,
noise,0.01676,False,0.2461065452221265,0.8794900044367278,0.8619994805204518,1.0,2.006642200636255,,0.3,,,,normal,0.0,,,,,,,,,,,
gaussian,,,0.0122595776964398,0.0390958662025404,1.2502966092592207,1.0,1.092191197791589,,0.3,True,,,,,0.826,identity,rank_gauss,,,,,,,,
noise,0.02613,False,0.3206773006036181,1.5019966138043277,1.0818708709186715,1.0,2.7545397623455017,,0.2,,,,normal,0.0,,,,,,,,,,,
gaussian,,,0.0058487609845537,0.0393577590762106,0.5734019553268517,1.0,1.0940995915466816,,0.3,True,,,,,0.16668,identity,rank_gauss,,,,,,,,
noise,0.06159,False,0.3742965496184331,3.7530961074744367,1.3404896828212454,1.0,5.820015209675455,,0.3,,,,student_t,8.0,,,,,,,,,,,
gaussian,,,0.1943269155387618,0.681350214149625,1.3677702157227256,1.0,1.547253349333019,,0.2,False,,,,,0.98199,identity,gaussian,,,,,,,,
noise,0.06617,False,0.378225900131141,4.199297113266217,1.329589841729618,1.0,6.168560906347976,,0.2,,,,normal,0.0,,,,,,,,,,,
gaussian,,,0.0550281627692433,0.260431531404717,0.4187168930715235,1.0,1.0666072667971656,,0.2,False,,,,,0.08929,diagonal,gaussian,,,,,,,,
noise,0.47807,False,0.3814460220303616,32.11711993672488,1.3899558010763151,1.0,42.40212164008775,,0.3,,,,normal,0.0,,,,,,,,,,,
gaussian,,,0.1752821763416335,0.6101191612590247,1.1581007559973655,1.0,1.4870839492875678,,0.2,True,,,,,0.78947,identity,gaussian,,,,,,,,
noise,0.35182,True,0.0035825300017149,0.0774980047506525,0.3499308069260716,1.0,1.1235501022862684,,0.3,,,,student_t,3.0,,,,,,,,,,,
gaussian,,,0.0771231590892039,0.3252570822337916,0.4575211064683955,1.0,1.154998526614722,,0.2,True,,,,,0.10585,identity,gaussian,,,,,,,,
noise,0.11555,False,0.381416126060823,7.364742166281353,1.3800580809491727,1.0,10.575952456024076,,0.3,,,,student_t,10.0,,,,,,,,,,,
noise,0.16479,True,0.0006321067312264,0.0379091047926452,0.3236719723742395,1.0,1.077491275858579,,0.3,,,,student_t,5.0,,,,,,,,,,,
gaussian,,,0.1647249086093293,0.5230527406330563,0.8972342070466809,1.0,1.3955167727018707,,0.2,True,,,,,0.54574,identity,gaussian,,,,,,,,
noise,0.03358,True,0.0,0.0285252394517136,0.323386610411002,1.0,1.0637971250992972,,0.2,,,,student_t,4.0,,,,,,,,,,,
gaussian,,,0.0518694082505192,0.2597352528878937,0.4088638737050171,1.0,1.064606882985582,,0.2,False,,,,,0.00433,diagonal,gaussian,,,,,,,,
noise,0.08506,True,0.0001611126761436,0.0295121691271179,0.31994719904067,1.0,1.066917094778916,,0.2,,,,normal,0.0,,,,,,,,,,,
gaussian,,,0.057076778319154,0.2601234913048532,0.6027046405690852,1.0,1.0662848631204085,,0.2,True,,,,,0.34988,diagonal,gaussian,,,,,,,,
noise,0.05139,True,0.000129881233231,0.0284639603677123,0.3210575266741157,1.0,1.0643542585830774,,0.2,,,,normal,0.0,,,,,,,,,,,
gaussian,,,0.0104668212621431,0.0390127432426812,1.28961189006662,1.0,1.091717677979252,,0.3,False,,,,,0.86906,identity,rank_gauss,,,,,,,,
noise,0.0116,False,0.148399998191723,0.5457961625278368,0.6662623029617624,1.0,1.622809102802081,,0.2,,,,normal,0.0,,,,,,,,,,,
gaussian,,,0.0084119542571275,0.0393450235494038,0.6105726634546084,1.0,1.0936548009210862,,0.3,True,,,,,0.20038,diagonal,rank_gauss,,,,,,,,
noise,0.16921,False,0.3836745671777003,10.916979474075603,1.3928448025389,1.0,15.333994272390916,,0.3,,,,student_t,10.0,,,,,,,,,,,
gaussian,,,0.0074144818673448,0.0393501173389791,0.7473450307309314,1.0,1.0935021855290317,,0.3,True,,,,,0.32322,diagonal,rank_gauss,,,,,,,,
noise,0.04629,False,0.3663869687496762,2.8568915918688047,1.2687602540104814,1.0,4.451837652644917,,0.3,,,,normal,0.0,,,,,,,,,,,
gaussian,,,0.0089972842066893,0.0392287921577128,1.0918514292847377,1.0,1.0927805714464411,,0.3,False,,,,,0.65737,identity,rank_gauss,,,,,,,,
noise,0.03409,False,0.3448628793409848,1.9596305464007175,1.1986856018526888,1.0,3.4386855257400923,,0.2,,,,student_t,8.0,,,,,,,,,,,
gaussian,,,0.0527771000872637,0.2597341682987173,0.4090790518580885,1.0,1.0646101516816366,,0.2,True,,,,,0.00188,diagonal,gaussian,,,,,,,,
noise,0.10686,True,0.0001222063762932,0.0308528641353337,0.3193297354464561,1.0,1.0692430636048786,,0.2,,,,normal,0.0,,,,,,,,,,,
gaussian,,,0.0694709439259801,0.2592076136365867,1.300643205601734,1.0,1.0647535472903145,,0.2,True,,,,,0.91311,diagonal,gaussian,,,,,,,,
noise,0.01231,False,0.1646999727745347,0.5909156352011412,0.6969472339740249,1.0,1.6737212751051609,,0.2,,,,normal,0.0,,,,,,,,,,,
gaussian,,,0.0053767534382433,0.0392990631875986,0.4583224642400751,1.0,1.0952134083512417,,0.3,False,,,,,0.05638,diagonal,rank_gauss,,,,,,,,
noise,0.04025,False,0.3630712867227486,2.450103059281956,1.2343927223426334,1.0,3.936429775832623,,0.2,,,,normal,0.0,,,,,,,,,,,
gaussian,,,0.0520143012829005,0.2599018846369075,0.6958151780582449,1.0,1.0661021506338966,,0.2,False,,,,,0.43822,diagonal,gaussian,,,,,,,,
noise,0.01051,False,0.1236158975305533,0.4582741487709455,0.6174671027986608,1.0,1.5490769922670578,,0.3,,,,student_t,8.0,,,,,,,,,,,
noise,0.3976,False,0.3807657215963105,26.660848761782898,1.3895557243518897,1.0,35.311257044717635,,0.3,,,,normal,0.0,,,,,,,,,,,
gaussian,,,0.0575742004090144,0.259817064804477,0.7373345191897949,1.0,1.0660104192897255,,0.2,False,,,,,0.47542,diagonal,gaussian,,,,,,,,
noise,0.35269,True,0.004137763375741,0.0946373502016421,0.3636914638278693,1.0,1.1318594863115012,,0.3,,,,student_t,10.0,,,,,,,,,,,
gaussian,,,0.0117070298570856,0.0392975026322437,0.9717615917454364,1.0,1.0930936745226618,,0.3,True,,,,,0.53635,diagonal,rank_gauss,,,,,,,,
noise,0.02825,True,0.0,0.0281831768748627,0.3233847143308346,1.0,1.0635594516381996,,0.3,,,,student_t,10.0,,,,,,,,,,,
gaussian,,,0.0070033961384992,0.0393463349969223,0.9342010334393755,1.0,1.093553286810218,,0.3,True,,,,,0.49992,diagonal,rank_gauss,,,,,,,,
noise,0.01906,False,0.2675818248748099,1.0310051373138411,0.9298983934072867,1.0,2.1856295660624605,,0.2,,,,normal,0.0,,,,,,,,,,,
gaussian,,,0.1678288038325954,0.5693292774608196,1.0340241370501355,1.0,1.445873768183953,,0.2,False,,,,,0.67347,identity,gaussian,,,,,,,,
gaussian,,,0.0575801107046505,0.2598096492761375,0.741152615288448,1.0,1.0660020861538615,,0.3,True,,,,,0.47879,diagonal,gaussian,,,,,,,,
noise,0.01892,False,0.2694473362777604,1.0217522301156274,0.9260624889445422,1.0,2.174629906998401,,0.3,,,,normal,0.0,,,,,,,,,,,
noise,0.12162,True,0.0,0.0321619666852391,0.3190019038792264,1.0,1.0711133961196806,,0.3,,,,normal,0.0,,,,,,,,,,,
gaussian,,,0.0154283166428091,0.0392225997971554,1.116874682327547,1.0,1.0927672781193825,,0.3,False,,,,,0.6835,diagonal,rank_gauss,,,,,,,,
noise,0.04421,True,0.0,0.0283608128255278,0.3213010915105253,1.0,1.0639701998085438,,0.3,,,,normal,0.0,,,,,,,,,,,
gaussian,,,0.0056572550963429,0.0393255993870238,0.5149455481362613,1.0,1.0945842711534906,,0.3,True,,,,,0.11069,diagonal,rank_gauss,,,,,,,,
noise,0.02388,False,0.307702691766215,1.351530846491941,1.0413865819981365,1.0,2.571053858301146,,0.2,,,,normal,0.0,,,,,,,,,,,
gaussian,,,0.007489910615721,0.0393474708633542,0.6499651982552713,1.0,1.0934243499521856,,0.3,True,,,,,0.2355,identity,rank_gauss,,,,,,,,
noise,0.0762,False,0.3788592537244415,4.877587561713038,1.3448182186997164,1.0,7.041360768570146,,0.2,,,,normal,0.0,,,,,,,,,,,
gaussian,,,0.1123400627016539,0.4250949874402173,0.6515349327632474,1.0,1.279868842329074,,0.2,True,,,,,0.30532,identity,gaussian,,,,,,,,
noise,0.00951,False,0.1039240853983715,0.4156348472131072,0.5699333636861006,1.0,1.4778656158449297,,0.3,,,,normal,0.0,,,,,,,,,,,
gaussian,,,0.007752498125773,0.0393490183017645,0.7193062181393386,1.0,1.093551842413132,,0.3,True,,,,,0.29762,diagonal,rank_gauss,,,,,,,,
noise,0.0074,True,0.0,0.0281740445669102,0.32266363553658,1.0,1.0628733961187875,,0.2,,,,student_t,3.0,,,,,,,,,,,
gaussian,,,0.0150396931991898,0.0387857957731618,1.3978999726369628,1.0,1.091036053218562,,0.3,False,,,,,0.98998,identity,rank_gauss,,,,,,,,
noise,0.15431,True,0.0006063002064009,0.0365305664998142,0.3186894141270208,1.0,1.0760977361615671,,0.2,,,,normal,0.0,,,,,,,,,,,
gaussian,,,0.0583841806585518,0.2603417212757096,0.4970610237957907,1.0,1.0664635709755022,,0.2,False,,,,,0.23234,diagonal,gaussian,,,,,,,,
noise,0.06931,False,0.3779729023029615,4.411593373049942,1.3350053183440225,1.0,6.441448212595153,,0.2,,,,normal,0.0,,,,,,,,,,,
gaussian,,,0.0602810793895127,0.2597452992121951,0.7775128595479296,1.0,1.0659267897634055,,0.2,False,,,,,0.51055,diagonal,gaussian,,,,,,,,
noise,0.09006,False,0.3801946768283966,5.815721269593281,1.358377750290824,1.0,8.25159421964907,,0.3,,,,normal,0.0,,,,,,,,,,,
gaussian,,,0.0048118371311925,0.0393170588935892,0.5066551815183756,1.0,1.0946272260949157,,0.3,True,,,,,0.10287,diagonal,rank_gauss,,,,,,,,
noise,0.13175,True,0.0,0.0337869646652838,0.3261971015848463,1.0,1.0735720709526302,,0.2,,,,student_t,10.0,,,,,,,,,,,
gaussian,,,0.1438131543545615,0.5130765290356356,0.8686893180660327,1.0,1.384282596507585,,0.2,True,,,,,0.51913,identity,gaussian,,,,,,,,
noise,0.02557,True,0.0,0.0282185532117051,0.3219239787913013,1.0,1.0632405825942128,,0.2,,,,normal,0.0,,,,,,,,,,,
gaussian,,,0.085011377549015,0.347229813113703,0.4899545435641436,1.0,1.1828924325302306,,0.3,True,,,,,0.14497,identity,gaussian,,,,,,,,
noise,0.05029,False,0.3715509180974158,3.126651504364612,1.2862063652530136,1.0,4.795183173193691,,0.2,,,,normal,0.0,,,,,,,,,,,
gaussian,,,0.0109112986519518,0.038970444923723,1.3101146078589998,1.0,1.0915532800679788,,0.3,True,,,,,0.89181,identity,rank_gauss,,,,,,,,
noise,0.15027,False,0.3796757323240817,9.893747710887377,1.3799797571555152,1.0,13.533283546839789,,0.3,,,,normal,0.0,,,,,,,,,,,
gaussian,,,0.0083141771832848,0.0392843435218617,1.0160947524572777,1.0,1.0929915450275964,,0.3,True,,,,,0.58023,diagonal,rank_gauss,,,,,,,,
noise,0.0322,True,0.0,0.0282055380672004,0.3224442503350739,1.0,1.0633067788657562,,0.2,,,,student_t,3.0,,,,,,,,,,,
noise,0.38447,True,0.0057745400032518,0.108714544372471,0.358083012107109,1.0,1.141848978140279,,0.2,,,,normal,0.0,,,,,,,,,,,
gaussian,,,0.0990626350394877,0.3843120362974176,0.5590460597001453,1.0,1.2294339417519131,,0.2,False,,,,,0.21715,identity,gaussian,,,,,,,,
noise,0.06304,True,0.0001802043098452,0.0287046569380737,0.3206633586984959,1.0,1.0650990947882182,,0.2,,,,normal,0.0,,,,,,,,,,,
noise,0.01174,True,0.0,0.0281822053145169,0.3223688104082153,1.0,1.0629491200115733,,0.2,,,,normal,0.0,,,,,,,,,,,
noise,0.22861,True,0.001038403456713,0.0518443953770105,0.3229485941651011,1.0,1.091780607764287,,0.2,,,,student_t,8.0,,,,,,,,,,,
noise,0.00868,False,0.0699223391409681,0.3189500021411835,0.5349744108990495,1.0,1.4204649715545323,,0.2,,,,student_t,4.0,,,,,,,,,,,
gaussian,,,0.0627430050544107,0.2603762603022955,0.4695291171497162,1.0,1.0665137911663711,,0.3,False,,,,,0.19422,diagonal,gaussian,,,,,,,,
noise,0.0593,True,5.501086649395415e-05,0.028599555903023,0.3240659733297562,1.0,1.0653335750477622,,0.2,,,,student_t,10.0,,,,,,,,,,,
gaussian,,,0.0579472542148991,0.260031191596371,0.6408720541462872,1.0,1.066212045168084,,0.2,True,,,,,0.38712,diagonal,gaussian,,,,,,,,
noise,0.22986,False,0.3811483968284427,15.288104946443289,1.386543719844092,1.0,20.535725617358537,,0.3,,,,normal,0.0,,,,,,,,,,,
gaussian,,,0.0081556146591732,0.0393611705730158,0.5709698500045417,1.0,1.094144068759435,,0.3,False,,,,,0.16447,identity,rank_gauss,,,,,,,,
noise,0.00886,True,6.794144570876348e-05,0.0281810232183907,0.3224590169656224,1.0,1.0629152266605015,,0.3,,,,normal,0.0,,,,,,,,,,,
gaussian,,,0.0075597005942529,0.0393717279286017,0.7841599826329319,1.0,1.093691746839559,,0.3,True,,,,,0.35692,identity,rank_gauss,,,,,,,,
noise,0.14269,True,0.0,0.0352939905511602,0.3266972678889395,1.0,1.07530884917919,,0.2,,,,student_t,10.0,,,,,,,,,,,
gaussian,,,0.0115390459360505,0.0393680403932858,0.8022733242101742,1.0,1.093816273595121,,0.3,True,,,,,0.37363,identity,rank_gauss,,,,,,,,
noise,0.32594,False,0.3818718673766037,17.304022073120137,1.4025790575459562,1.0,28.991288356712904,,0.3,,,,student_t,3.0,,,,,,,,,,,
gaussian,,,0.0071714031596851,0.0393414866641909,0.6832351264026109,1.0,1.0933807706669745,,0.3,True,,,,,0.26476,identity,rank_gauss,,,,,,,,
noise,0.02326,True,0.0002931236509434,0.0281103541912528,0.3220208198761615,1.0,1.0632038357835676,,0.3,,,,student_t,8.0,,,,,,,,,,,
gaussian,,,0.0678481406255903,0.2592072723722131,1.301134737193989,1.0,1.0647539780516475,,0.2,True,,,,,0.91349,diagonal,gaussian,,,,,,,,
noise,0.01323,False,0.1948977752329351,0.6498612441099951,0.734946131824969,1.0,1.7407316228838912,,0.2,,,,normal,0.0,,,,,,,,,,,
gaussian,,,0.062220861494993,0.2600915090465855,0.6173317703525923,1.0,1.0662574464265475,,0.2,True,,,,,0.36436,diagonal,gaussian,,,,,,,,
noise,0.03659,True,0.0004088921780065,0.0282885115700451,0.3215580704439218,1.0,1.0636252434570586,,0.2,,,,normal,0.0,,,,,,,,,,,
gaussian,,,0.0529930439730408,0.2597667431080934,0.4096472397549774,1.0,1.0645513547303516,,0.2,False,,,,,0.04613,diagonal,gaussian,,,,,,,,
noise,0.33383,False,0.3824710119077157,21.604198915873347,1.416334227277888,1.0,29.997190976489208,,0.3,,,,student_t,8.0,,,,,,,,,,,
gaussian,,,0.0676812475432346,0.2592113157990877,1.4092804520606548,1.0,1.0648526588918528,,0.2,False,,,,,0.99677,diagonal,gaussian,,,,,,,,
noise,0.13714,True,0.0,0.0339424086688041,0.3187699679877205,1.0,1.073335814729099,,0.3,,,,normal,0.0,,,,,,,,,,,
gaussian,,,0.0539763041899525,0.2602153392463711,0.5574902967232669,1.0,1.0663590027456935,,0.3,True,,,,,0.303,diagonal,gaussian,,,,,,,,
noise,0.04908,False,0.3588730580688657,2.678190691868043,1.2863346090383818,1.0,4.723967732532506,,0.2,,,,student_t,4.0,,,,,,,,,,,
gaussian,,,0.0110370565351802,0.0392841186695719,0.9839704602976784,1.0,1.0930174982667764,,0.3,True,,,,,0.5484,diagonal,rank_gauss,,,,,,,,
noise,0.04943,False,0.3569455005874634,2.699111672197863,1.2878259879426686,1.0,4.754466071081703,,0.3,,,,student_t,4.0,,,,,,,,,,,
gaussian,,,0.0082759003383341,0.0393584480056351,0.7536742190198373,1.0,1.093509577547658,,0.3,True,,,,,0.3291,identity,rank_gauss,,,,,,,,
noise,0.01498,True,0.0,0.0281894374505685,0.3222662787383638,1.0,1.0629982949985162,,0.2,,,,normal,0.0,,,,,,,,,,,
gaussian,,,0.0056407371712614,0.0393492822737403,0.6887988163787406,1.0,1.0934498465838982,,0.3,True,,,,,0.26989,diagonal,rank_gauss,,,,,,,,
noise,0.01075,True,5.599851843340886e-07,0.0281540621852869,0.3227191220297102,1.0,1.062910747199186,,0.2,,,,student_t,5.0,,,,,,,,,,,
gaussian,,,0.008103013601413,0.0393725703873739,0.787917638598119,1.0,1.093728406582806,,0.3,True,,,,,0.36031,identity,rank_gauss,,,,,,,,
noise,0.19906,False,0.3809472248649053,12.230736652704046,1.3857509802526404,1.0,18.12266786277319,,0.3,,,,student_t,5.0,,,,,,,,,,,
gaussian,,,0.0639888761773688,0.2593158522317882,1.130028742284082,1.0,1.0646245977894069,,0.2,True,,,,,0.78057,diagonal,gaussian,,,,,,,,
noise,0.03126,False,0.3370891071807092,1.845787508816779,1.1537329743817548,1.0,3.1788688381330803,,0.3,,,,normal,0.0,,,,,,,,,,,
noise,0.07092,False,0.3781061746644858,4.520469596550646,1.3375347476664323,1.0,6.58150260502691,,0.2,,,,normal,0.0,,,,,,,,,,,
gaussian,,,0.0567878569932258,0.2597699535884811,0.4131807029952764,1.0,1.0645250569210063,,0.2,True,,,,,0.06708,diagonal,gaussian,,,,,,,,
noise,0.02688,True,1.7202855611908596e-05,0.028176946739027,0.3224927954580773,1.0,1.06315955358618,,0.3,,,,student_t,3.0,,,,,,,,,,,
noise,0.01442,True,0.0,0.0281886186758185,0.322284078030789,1.0,1.0629889597099909,,0.2,,,,normal,0.0,,,,,,,,,,,
gaussian,,,0.008955752964022,0.0392831174486106,1.021949429336919,1.0,1.0929890476981337,,0.3,False,,,,,0.58615,diagonal,rank_gauss,,,,,,,,
noise,0.02719,False,0.3223139877625912,1.5729461215656082,1.0988455339412682,1.0,2.841593963802975,,0.2,,,,normal,0.0,,,,,,,,,,,
gaussian,,,0.1571276150930167,0.5059958041725161,0.8486047813188822,1.0,1.3762160218426691,,0.2,False,,,,,0.50042,identity,gaussian,,,,,,,,
noise,0.10111,False,0.3829382784824213,6.409247590520896,1.3728150838831212,1.0,9.298514004154736,,0.2,,,,student_t,10.0,,,,,,,,,,,
noise,0.15371,False,0.3826613449421253,10.126838405979894,1.3805044707207856,1.0,13.83564194782387,,0.3,,,,normal,0.0,,,,,,,,,,,
gaussian,,,0.1903949508550637,0.6183362887484702,1.1827930747344169,1.0,1.4947889150621565,,0.2,False,,,,,0.81247,identity,gaussian,,,,,,,,
noise,0.01791,False,0.2566547400512693,0.9551001976759405,0.8972838370728102,1.0,2.095664511351497,,0.2,,,,normal,0.0,,,,,,,,,,,
noise,0.33791,False,0.382232423941957,22.613616483138152,1.389017852704705,1.0,30.05223403851525,,0.3,,,,normal,0.0,,,,,,,,,,,
gaussian,,,0.0109342064034544,0.0391953367149312,1.163735872118463,1.0,1.0927550089190032,,0.3,True,,,,,0.73267,diagonal,rank_gauss,,,,,,,,
noise,0.11634,True,0.0,0.0312702518208476,0.3194300401731941,1.0,1.070530386601304,,0.2,,,,student_t,8.0,,,,,,,,,,,
gaussian,,,0.135162331421795,0.4830367141480438,0.7850476987510382,1.0,1.349708361571421,,0.3,False,,,,,0.44126,identity,gaussian,,,,,,,,
noise,0.0268,False,0.3148628182305661,1.4870569070919633,1.1038511102821664,1.0,2.8255184395826847,,0.2,,,,student_t,8.0,,,,,,,,,,,
gaussian,,,0.157132406368902,0.5352925500677124,0.9325923515089006,1.0,1.4090655642413712,,0.3,False,,,,,0.57872,identity,gaussian,,,,,,,,
noise,0.09875,False,0.3761482861094166,5.042328655474728,1.3746681491516632,1.0,8.959631366152575,,0.2,,,,student_t,3.0,,,,,,,,,,,
gaussian,,,0.2024571787802957,0.6767893231343043,1.354316947393596,1.0,1.5437502708008808,,0.2,True,,,,,0.96988,identity,gaussian,,,,,,,,
noise,0.01527,True,0.0,0.028190252158122,0.3222570486654605,1.0,1.0630032666313998,,0.2,,,,normal,0.0,,,,,,,,,,,
gaussian,,,0.0710263629329323,0.2598255190938388,0.73319843765358,1.0,1.0660198574116948,,0.2,True,,,,,0.47176,diagonal,gaussian,,,,,,,,
noise,0.04194,False,0.3628710970817804,2.563858237896663,1.245204721109118,1.0,4.080206928926115,,0.2,,,,normal,0.0,,,,,,,,,,,
noise,0.15865,False,0.3824905178931463,10.46158107476356,1.3811936882188924,1.0,14.269911448345317,,0.3,,,,normal,0.0,,,,,,,,,,,
gaussian,,,0.1559978394884801,0.5565943109087038,0.9956026011026148,1.0,1.4322732081148086,,0.2,False,,,,,0.63756,identity,gaussian,,,,,,,,
noise,0.04134,True,0.0,0.0283312662293652,0.3213981470389158,1.0,1.0638327000591716,,0.2,,,,normal,0.0,,,,,,,,,,,
gaussian,,,0.0601469766820506,0.2595366896125628,0.9108892231949316,1.0,1.065653955301891,,0.2,True,,,,,0.623,diagonal,gaussian,,,,,,,,
noise,0.03066,True,0.0,0.0280981757084443,0.321788012494358,1.0,1.0634363446792894,,0.2,,,,student_t,8.0,,,,,,,,,,,
gaussian,,,0.0130147638188959,0.0389563806914386,1.3220810352195649,1.0,1.0915496223297678,,0.3,True,,,,,0.90519,identity,rank_gauss,,,,,,,,
noise,0.33553,False,0.3813512114416075,20.819977463378567,1.389962090784928,1.0,30.365862234781154,,0.3,,,,student_t,5.0,,,,,,,,,,,
noise,0.04963,True,0.0,0.0284338205631355,0.3211172787218549,1.0,1.0642548210864655,,0.2,,,,normal,0.0,,,,,,,,,,,
gaussian,,,0.1764386997479985,0.6065521271119583,1.1472617044058453,1.0,1.48364992443918,,0.2,False,,,,,0.77936,identity,gaussian,,,,,,,,
noise,0.01837,True,0.0,0.028198207616427,0.3221578560105751,1.0,1.0630622642233492,,0.2,,,,normal,0.0,,,,,,,,,,,
gaussian,,,0.0148045589208665,0.0389614700710407,1.318276004029649,1.0,1.091555682788187,,0.3,True,,,,,0.90093,identity,rank_gauss,,,,,,,,
noise,0.09775,False,0.3813039646220107,6.336393930279843,1.3635139440364417,1.0,8.924465282374324,,0.2,,,,normal,0.0,,,,,,,,,,,
noise,0.15156,True,0.0,0.0360811314276514,0.3186878547251329,1.0,1.0756341866161845,,0.2,,,,normal,0.0,,,,,,,,,,,
gaussian,,,0.0079175351325697,0.0393665391272334,0.8750888830808288,1.0,1.0938839916398404,,0.3,True,,,,,0.44264,identity,rank_gauss,,,,,,,,
noise,0.03515,False,0.3486562672653897,2.02848655173553,1.2091342825432303,1.0,3.528844156667096,,0.2,,,,student_t,8.0,,,,,,,,,,,
gaussian,,,0.0109034940208359,0.0393501970480712,0.9144997432303462,1.0,1.0936596581406,,0.3,True,,,,,0.48097,diagonal,rank_gauss,,,,,,,,
noise,0.00606,False,0.035509767833083,0.2128533187118574,0.4183701363970057,1.0,1.2675335637078065,,0.2,,,,student_t,10.0,,,,,,,,,,,
gaussian,,,0.0093873643817417,0.0390136800646612,1.2891858316955631,1.0,1.091721505443935,,0.3,False,,,,,0.86859,identity,rank_gauss,,,,,,,,
noise,0.08327,False,0.379293993298698,4.726139813309497,1.3602538331930654,1.0,7.733788926667424,,0.2,,,,student_t,4.0,,,,,,,,,,,
noise,0.17485,True,0.0,0.0403039539585955,0.3189040735691416,1.0,1.0798147397783544,,0.2,,,,normal,0.0,,,,,,,,,,,
gaussian,,,0.0102943411405345,0.0392257525367449,1.0939833085202286,1.0,1.0927824767425265,,0.3,False,,,,,0.6596,diagonal,rank_gauss,,,,,,,,
noise,0.25805,True,0.0012978167108158,0.0613101981761625,0.324990061579066,1.0,1.0993703576906444,,0.2,,,,normal,0.0,,,,,,,,,,,
gaussian,,,0.0101898055018442,0.039360338918521,0.5675212377923475,1.0,1.0941882534013871,,0.3,True,,,,,0.16137,diagonal,rank_gauss,,,,,,,,
noise,0.0123,False,0.155296828812709,0.566413370560042,0.698145686997241,1.0,1.6768522183733736,,0.2,,,,student_t,8.0,,,,,,,,,,,
gaussian,,,0.0599792538694733,0.2598222722758231,0.7346887601376153,1.0,1.0660164303801865,,0.2,True,,,,,0.47308,diagonal,gaussian,,,,,,,,
noise,0.25279,False,0.3821635789206498,16.842554475884832,1.387358482461728,1.0,22.554727932557014,,0.3,,,,normal,0.0,,,,,,,,,,,
noise,0.41131,False,0.3831522754167478,25.589934994683343,1.3906776603911628,1.0,37.1677721467956,,0.3,,,,student_t,5.0,,,,,,,,,,,
gaussian,,,0.0128967353625621,0.0391262751722329,1.2337279503780896,1.0,1.0924104629846358,,0.3,True,,,,,0.80792,identity,rank_gauss,,,,,,,,
noise,0.09173,False,0.3764403286284751,5.233915229854417,1.3676882016408705,1.0,8.484077124621804,,0.3,,,,student_t,4.0,,,,,,,,,,,
noise,0.10934,True,0.0,0.031050238865602,0.3192685725649897,1.0,1.069540687515691,,0.3,,,,normal,0.0,,,,,,,,,,,
gaussian,,,0.0149519171029957,0.0392368040269432,1.086389401262208,1.0,1.092793523948389,,0.3,False,,,,,0.65175,diagonal,rank_gauss,,,,,,,,
noise,0.42756,False,0.381874751143415,27.754111461091757,1.4174174322695456,1.0,38.34402329343597,,0.3,,,,student_t,8.0,,,,,,,,,,,
gaussian,,,0.0128450351711603,0.0391370488020355,1.218424933724708,1.0,1.0924909520492707,,0.4,False,,,,,0.79127,diagonal,rank_gauss,,,,,,,,
noise,0.17245,True,1.0417103830984152e-05,0.0398281199150879,0.3188589218229498,1.0,1.0793573029911434,,0.3,,,,normal,0.0,,,,,,,,,,,
gaussian,,,0.008493943219843,0.0393492466020425,0.7144403720260164,1.0,1.0935447765714488,,0.3,False,,,,,0.29302,diagonal,rank_gauss,,,,,,,,
noise,0.0071,True,0.0,0.0282397263754099,0.322878970483339,1.0,1.062960353235621,,0.3,,,,student_t,4.0,,,,,,,,,,,
gaussian,,,0.0599228590213786,0.2600010893311658,0.6519504996898376,1.0,1.0661903690769363,,0.3,True,,,,,0.39763,diagonal,gaussian,,,,,,,,
noise,0.08548,True,7.65410843082126e-05,0.0291055129228936,0.320112471509596,1.0,1.0670462195668204,,0.3,,,,student_t,8.0,,,,,,,,,,,
gaussian,,,0.0093502169212683,0.0393827363656321,0.8449119260746338,1.0,1.094027829088756,,0.3,False,,,,,0.41384,diagonal,rank_gauss,,,,,,,,
noise,0.05413,False,0.3754675056807969,3.3858275767233224,1.2999009757845663,1.0,5.125982356306062,,0.3,,,,normal,0.0,,,,,,,,,,,
gaussian,,,0.0712659631199876,0.3161313722830384,0.4461546537532102,1.0,1.143299915988667,,0.3,True,,,,,0.09035,identity,gaussian,,,,,,,,
noise,0.11075,True,0.0,0.0305989352936952,0.3218089818153182,1.0,1.0689696220931464,,0.3,,,,student_t,3.0,,,,,,,,,,,
gaussian,,,0.0590337101835839,0.2594425677077132,0.9558831488828003,1.0,1.06556050377641,,0.3,False,,,,,0.65987,diagonal,gaussian,,,,,,,,
noise,0.01506,True,0.0,0.0283113657450875,0.3230384935950267,1.0,1.063129736165629,,0.3,,,,student_t,4.0,,,,,,,,,,,
gaussian,,,0.1776928760407413,0.6235251809890195,1.198071450588175,1.0,1.4994736872911467,,0.3,False,,,,,0.82667,identity,gaussian,,,,,,,,
gaussian,,,0.0064680054289123,0.0393274679498389,0.5322966860483074,1.0,1.0944567824776417,,0.3,True,,,,,0.12762,diagonal,rank_gauss,,,,,,,,
noise,0.01219,False,0.1318662813059619,0.5308589684568114,0.6931027809470488,1.0,1.6670678547913191,,0.3,,,,student_t,5.0,,,,,,,,,,,
noise,0.01205,False,0.1577703794567676,0.5743496342249361,0.6858384110516903,1.0,1.6549917679574626,,0.3,,,,normal,0.0,,,,,,,,,,,
gaussian,,,0.0854186721960742,0.3297202738970718,0.4635495513948732,1.0,1.160694371819315,,0.3,True,,,,,0.11359,identity,gaussian,,,,,,,,
noise,0.02287,True,0.0,0.0281113269078804,0.3220330185122952,1.0,1.0631932676845317,,0.3,,,,student_t,8.0,,,,,,,,,,,
gaussian,,,0.059210865817129,0.2604328383608961,0.4172045265993322,1.0,1.0666104654778317,,0.3,True,,,,,0.08361,diagonal,gaussian,,,,,,,,
noise,0.00596,True,0.0,0.028176004360006,0.322677524892618,1.0,1.0628675644560155,,0.3,,,,student_t,3.0,,,,,,,,,,,
noise,0.05727,True,0.0002400531201993,0.0285747688790374,0.3208580894275526,1.0,1.0647113885469843,,0.3,,,,normal,0.0,,,,,,,,,,,
gaussian,,,0.0113575551725638,0.0392435405663074,1.0705688591171048,1.0,1.0928259397484137,,0.3,False,,,,,0.6355,diagonal,rank_gauss,,,,,,,,
noise,0.09163,True,0.0001055566620877,0.0298429583103165,0.3197482591904187,1.0,1.0675631187331185,,0.3,,,,normal,0.0,,,,,,,,,,,
gaussian,,,0.0537219359955298,0.2604260869791098,0.4212950424785974,1.0,1.066601194615176,,0.3,True,,,,,0.09797,diagonal,gaussian,,,,,,,,
noise,0.08634,True,0.0,0.0295715443217816,0.3199077382835452,1.0,1.067039229310068,,0.2,,,,normal,0.0,,,,,,,,,,,
gaussian,,,0.1869118904173755,0.6632397859564733,1.3144869424673225,1.0,1.5330901485328314,,0.3,False,,,,,0.93378,identity,gaussian,,,,,,,,
noise,0.11218,False,0.3808882436406364,6.462353808225549,1.3793324583470252,1.0,10.30190509502955,,0.3,,,,student_t,4.0,,,,,,,,,,,
gaussian,,,0.0093042643157701,0.0393428621857644,0.6322470868160929,1.0,1.0935005946887624,,0.3,False,,,,,0.21994,identity,rank_gauss,,,,,,,,
noise,0.02363,True,0.0,0.0281803205503078,0.3225211660077595,1.0,1.063084586643576,,0.3,,,,student_t,3.0,,,,,,,,,,,
gaussian,,,0.0067968756158003,0.0392952569760049,0.476135056616659,1.0,1.0949344614419771,,0.3,True,,,,,0.07358,identity,rank_gauss,,,,,,,,
noise,0.16526,True,0.0,0.0384536284015696,0.3273525928382692,1.0,1.0793735568446654,,0.3,,,,student_t,4.0,,,,,,,,,,,
gaussian,,,0.0082199918484102,0.0393812872500543,0.8527834163850814,1.0,1.0940092916366804,,0.3,True,,,,,0.42135,diagonal,rank_gauss,,,,,,,,
noise,0.21021,False,0.3819849503210289,13.956107822794936,1.3856309961506752,1.0,18.80593615516499,,0.3,,,,normal,0.0,,,,,,,,,,,
noise,0.069,False,0.3757879089767297,4.28565204186736,1.3390376840202407,1.0,6.468606007672273,,0.3,,,,student_t,10.0,,,,,,,,,,,
gaussian,,,0.0624597780767312,0.259843715509955,0.7248600539543245,1.0,1.0660387645953304,,0.3,True,,,,,0.46435,diagonal,gaussian,,,,,,,,
noise,0.00558,False,0.0316223296364335,0.1842120594743093,0.3884409419479172,1.0,1.2373700665208416,,0.3,,,,student_t,8.0,,,,,,,,,,,
gaussian,,,0.0067789850187358,0.0393423942599918,0.631535493944305,1.0,1.0935053815625226,,0.3,False,,,,,0.21931,identity,rank_gauss,,,,,,,,
noise,0.01551,False,0.2089404843206303,0.7654355160196935,0.8249347633916152,1.0,1.917286379698408,,0.3,,,,student_t,8.0,,,,,,,,,,,
gaussian,,,0.0064726282457481,0.0392782689132659,0.4081682273517762,1.0,1.0955852449415913,,0.4,True,,,,,0.00332,diagonal,rank_gauss,,,,,,,,
noise,0.04139,False,0.3640152257203042,2.526835598867981,1.2417994970587132,1.0,4.033375144012451,,0.3,,,,normal,0.0,,,,,,,,,,,
gaussian,,,0.0077136239853372,0.0393513568227841,0.7429085077183885,1.0,1.0935186848654126,,0.3,True,,,,,0.31915,identity,rank_gauss,,,,,,,,
noise,0.34086,False,0.3821827268864938,22.286031782750435,1.4013092216854843,1.0,30.589763781506832,,0.3,,,,student_t,10.0,,,,,,,,,,,
gaussian,,,0.0071692529390987,0.0392805461657047,0.4216893254137119,1.0,1.0954700591343562,,0.3,False,,,,,0.01799,diagonal,rank_gauss,,,,,,,,
noise,0.07797,True,0.0,0.0291977957217021,0.3201710164474775,1.0,1.0662732880022416,,0.3,,,,normal,0.0,,,,,,,,,,,
noise,0.00607,True,0.0001018136555955,0.0281839336755995,0.3225455436128503,1.0,1.062891204964314,,0.3,,,,normal,0.0,,,,,,,,,,,
gaussian,,,0.0108554191911567,0.0393195212848719,0.9583809998379288,1.0,1.0932867946559408,,0.3,False,,,,,0.5234,diagonal,rank_gauss,,,,,,,,
gaussian,,,0.0084461450088455,0.0393381240701353,0.9475249996823925,1.0,1.0934297424232635,,0.3,False,,,,,0.51279,identity,rank_gauss,,,,,,,,
noise,0.01786,False,0.1787706604368679,0.7209576514983052,0.8804597884768044,1.0,2.046084945835813,,0.3,,,,student_t,3.0,,,,,,,,,,,
noise,0.01879,False,0.2629124413268671,1.0131622309582533,0.9224665034460862,1.0,2.164426575996866,,0.3,,,,normal,0.0,,,,,,,,,,,
gaussian,,,0.060021232975653,0.2592851747319878,1.1922635335275087,1.0,1.064678423753071,,0.3,True,,,,,0.82909,diagonal,gaussian,,,,,,,,
noise,0.09511,True,0.0,0.030047777521272,0.3196468720841313,1.0,1.0679245398448316,,0.3,,,,normal,0.0,,,,,,,,,,,
gaussian,,,0.0619764483785286,0.2590171895534647,1.2035164342059137,1.0,1.065105886018258,,0.3,False,,,,,0.85715,diagonal,gaussian,,,,,,,,
noise,0.01222,False,0.1460329459049171,0.5325977613485976,0.6943751332511694,1.0,1.6692503753139678,,0.3,,,,student_t,5.0,,,,,,,,,,,
gaussian,,,0.1709094022724924,0.5805451902487805,1.0681406726957594,1.0,1.4576204411962683,,0.3,False,,,,,0.70541,identity,gaussian,,,,,,,,
noise,0.01733,True,8.24769734873998e-05,0.0281851709626723,0.3225730632886477,1.0,1.0629716208196516,,0.3,,,,student_t,3.0,,,,,,,,,,,
gaussian,,,0.0593008019189296,0.2599978043319687,0.6534673035187988,1.0,1.0661873299873803,,0.3,True,,,,,0.39906,diagonal,gaussian,,,,,,,,
noise,0.02199,False,0.2226743553842702,0.933511703269963,0.9910157407715596,1.0,2.368387339044719,,0.3,,,,student_t,3.0,,,,,,,,,,,
gaussian,,,0.1711965526701594,0.5342794971249509,0.929645996893754,1.0,1.4079514493749514,,0.3,False,,,,,0.57597,identity,gaussian,,,,,,,,
noise,0.10935,False,0.3806919955251741,7.121894467648112,1.3693226820911932,1.0,9.940749972212236,,0.3,,,,normal,0.0,,,,,,,,,,,
gaussian,,,0.0077107029007227,0.0393624456256841,0.7571766849755016,1.0,1.093529743110896,,0.3,False,,,,,0.33225,diagonal,rank_gauss,,,,,,,,
noise,0.44568,False,0.3813172236567579,26.521420632297964,1.4018470347195728,1.0,40.10301582797238,,0.3,,,,student_t,4.0,,,,,,,,,,,
noise,0.03979,True,0.0,0.0282016003367479,0.3226276257460388,1.0,1.0636655113633993,,0.3,,,,student_t,5.0,,,,,,,,,,,
gaussian,,,0.0111296715499885,0.0392839867404444,1.0152337384555443,1.0,1.092989676732914,,0.3,True,,,,,0.57936,identity,rank_gauss,,,,,,,,
noise,0.03288,False,0.3434516791524358,1.9545372617264944,1.1718462040850983,1.0,3.3142718170939487,,0.3,,,,normal,0.0,,,,,,,,,,,
noise,0.23788,True,0.0016222501803087,0.0535369773073232,0.3348965054850493,1.0,1.095611234888762,,0.3,,,,student_t,4.0,,,,,,,,,,,
gaussian,,,0.0072183430736294,0.0393724981573908,0.827264392247083,1.0,1.093976479917539,,0.4,True,,,,,0.39702,identity,rank_gauss,,,,,,,,
noise,0.05081,False,0.3702139755579698,3.0849950030218336,1.2906692678038143,1.0,4.879676849175138,,0.3,,,,student_t,10.0,,,,,,,,,,,
gaussian,,,0.013174877377047,0.0390801305056063,1.2548675546029635,1.0,1.092101749580162,,0.4,True,,,,,0.83098,diagonal,rank_gauss,,,,,,,,
noise,0.31484,True,0.0036835210007024,0.0756093261129519,0.3448108026598547,1.0,1.1152661701595303,,0.3,,,,student_t,5.0,,,,,,,,,,,
gaussian,,,0.0652440165129289,0.259198295821427,1.3187831586148857,1.0,1.0647694591349135,,0.3,False,,,,,0.92713,diagonal,gaussian,,,,,,,,
noise,0.08486,False,0.3775191247015352,4.821549812993112,1.3618134763328915,1.0,7.874696013811119,,0.3,,,,student_t,4.0,,,,,,,,,,,
gaussian,,,0.1866061377113458,0.6549520818884937,1.2901534987039809,1.0,1.5263681375721665,,0.3,False,,,,,0.91157,identity,gaussian,,,,,,,,
noise,0.02202,False,0.2267244946626984,0.93506935776607,0.9917114964364612,1.0,2.370768850693267,,0.3,,,,student_t,3.0,,,,,,,,,,,
gaussian,,,0.0600470104781736,0.2602000266583973,0.5643762464931631,1.0,1.0663494612341966,,0.3,False,,,,,0.31038,diagonal,gaussian,,,,,,,,
noise,0.18495,True,0.0005963674421998,0.0414693286117745,0.3246891862983914,1.0,1.0812920336300305,,0.2,,,,student_t,5.0,,,,,,,,,,,
gaussian,,,0.0586478388619745,0.2600547962826467,0.6320482230320655,1.0,1.0662294982540317,,0.3,True,,,,,0.37866,diagonal,gaussian,,,,,,,,
noise,0.17296,True,0.0001728014267604,0.0393445214184983,0.3195862473435269,1.0,1.0795981206449383,,0.2,,,,student_t,8.0,,,,,,,,,,,
gaussian,,,0.0093697501292985,0.0393773767618928,0.8398073605991757,1.0,1.0940231830699163,,0.3,False,,,,,0.40896,identity,rank_gauss,,,,,,,,
noise,0.40155,True,0.0073281059051517,0.1162269912302918,0.3650345855307225,1.0,1.1486383810158751,,0.2,,,,normal,0.0,,,,,,,,,,,
gaussian,,,0.0106884775404807,0.0393788571850717,0.8651717851705131,1.0,1.093968023340392,,0.3,True,,,,,0.43307,identity,rank_gauss,,,,,,,,
noise,0.01948,False,0.1995584652531466,0.8038781161825881,0.9275813467319746,1.0,2.1710999244268523,,0.2,,,,student_t,3.0,,,,,,,,,,,
gaussian,,,0.0101017496455489,0.039319932522735,0.9580664579079848,1.0,1.093290256715035,,0.3,True,,,,,0.5231,diagonal,rank_gauss,,,,,,,,
noise,0.33455,True,0.0057686323909831,0.0880533173594569,0.3411229135040736,1.0,1.1233685937791482,,0.3,,,,normal,0.0,,,,,,,,,,,
noise,0.008,True,0.0,0.0281814958022796,0.3224857794969122,1.0,1.0629068974630351,,0.2,,,,normal,0.0,,,,,,,,,,,
gaussian,,,0.0101095863345511,0.0392532412278916,1.0639950879518836,1.0,1.092885672162715,,0.3,False,,,,,0.62879,diagonal,rank_gauss,,,,,,,,
noise,0.06787,False,0.3724031896242911,3.9828674247338633,1.3321986051137695,1.0,6.399018407286514,,0.2,,,,student_t,5.0,,,,,,,,,,,
gaussian,,,0.0089052214814553,0.039350760436251,0.6938112686466202,1.0,1.0934895889921503,,0.3,False,,,,,0.2744,diagonal,rank_gauss,,,,,,,,
noise,0.38326,True,0.0061139227948947,0.1070411578590684,0.3750984310532118,1.0,1.1433843250407043,,0.2,,,,student_t,10.0,,,,,,,,,,,
gaussian,,,0.1755070576573143,0.5571361758096657,0.9972301118303216,1.0,1.4328573319194997,,0.2,False,,,,,0.63908,identity,gaussian,,,,,,,,
noise,0.02196,False,0.2179390280323435,0.931954284672916,0.990318677810452,1.0,2.366006415680135,,0.2,,,,student_t,3.0,,,,,,,,,,,
gaussian,,,0.0594842371897985,0.2600925436199333,0.6168933221616495,1.0,1.0662582773957,,0.2,True,,,,,0.36393,diagonal,gaussian,,,,,,,,
noise,0.05847,True,0.0006844202361995,0.0284900715757399,0.3225461137840474,1.0,1.0646453101433655,,0.2,,,,student_t,5.0,,,,,,,,,,,
gaussian,,,0.0057493874982843,0.0393560245630503,0.699060088983316,1.0,1.0935179245430304,,0.3,True,,,,,0.27912,diagonal,rank_gauss,,,,,,,,
noise,0.00783,False,0.0727945188293093,0.3092927493229219,0.4964947577979431,1.0,1.3744638657392003,,0.2,,,,student_t,10.0,,,,,,,,,,,
noise,0.006,True,0.0,0.0282288801502387,0.3228563854670277,1.0,1.0629425037063402,,0.2,,,,student_t,4.0,,,,,,,,,,,
gaussian,,,0.0597686206891282,0.2602757656017308,0.528218629303926,1.0,1.0664051431965784,,0.2,False,,,,,0.27033,diagonal,gaussian,,,,,,,,
noise,0.03132,True,0.0,0.0281499177857252,0.3226613712083679,1.0,1.063348669635029,,0.2,,,,student_t,5.0,,,,,,,,,,,
gaussian,,,0.0106328474790298,0.039339015187376,0.6772705062240352,1.0,1.0933486069713036,,0.3,True,,,,,0.25942,diagonal,rank_gauss,,,,,,,,
noise,0.44636,False,0.3831271101405818,28.987674198224248,1.417552669671129,1.0,40.01839849669869,,0.3,,,,student_t,8.0,,,,,,,,,,,
noise,0.08541,True,0.0006702088948286,0.0292660250003933,0.3219332429697348,1.0,1.0664358699728629,,0.2,,,,student_t,3.0,,,,,,,,,,,
noise,0.01479,True,0.0,0.0283091139894497,0.3230331916208763,1.0,1.0631228330916511,,0.2,,,,student_t,4.0,,,,,,,,,,,
gaussian,,,0.0059387122106396,0.0393437495915641,0.6393692889061385,1.0,1.0934619647772972,,0.3,True,,,,,0.22621,diagonal,rank_gauss,,,,,,,,
noise,0.18728,True,0.0001252560642553,0.0428987081294837,0.3192329041643184,1.0,1.08228161839962,,0.2,,,,normal,0.0,,,,,,,,,,,
gaussian,,,0.0070945070056012,0.0392999924225838,0.4595613024409954,1.0,1.095200263280206,,0.3,True,,,,,0.05761,identity,rank_gauss,,,,,,,,
noise,0.06273,False,0.376630567816643,3.966807924938684,1.3227644915469905,1.0,5.870017831912242,,0.2,,,,normal,0.0,,,,,,,,,,,
gaussian,,,0.0134800426052014,0.039068672356319,1.2589192001442375,1.0,1.0920258072007312,,0.3,True,,,,,0.83543,identity,rank_gauss,,,,,,,,
noise,0.10879,True,0.0003079542094223,0.0304686937160919,0.3218118511216369,1.0,1.068749995744489,,0.2,,,,student_t,3.0,,,,,,,,,,,
noise,0.00682,True,0.0,0.0281734849044924,0.3228941233512705,1.0,1.0629548968965008,,0.2,,,,student_t,10.0,,,,,,,,,,,
gaussian,,,0.0610793324160797,0.2589406712833527,1.237539340962588,1.0,1.0650563437305458,,0.2,False,,,,,0.88372,diagonal,gaussian,,,,,,,,
noise,0.01008,False,0.1021757090850654,0.4410238161357487,0.6014210572340554,1.0,1.5241619888455042,,0.2,,,,student_t,10.0,,,,,,,,,,,
gaussian,,,0.0555766261147031,0.2602893358159592,0.5217953376940754,1.0,1.0664168015564628,,0.2,True,,,,,0.26282,diagonal,gaussian,,,,,,,,
noise,0.00744,False,0.0580793876040514,0.2668321486621565,0.4746777758423238,1.0,1.3439854541373948,,0.2,,,,student_t,5.0,,,,,,,,,,,
gaussian,,,0.065961766250275,0.2591996340918507,1.3144099275970715,1.0,1.0647657096892762,,0.2,False,,,,,0.92375,diagonal,gaussian,,,,,,,,
noise,0.00634,True,0.0,0.0282321766585678,0.3228633806771248,1.0,1.0629478767117435,,0.2,,,,student_t,4.0,,,,,,,,,,,
gaussian,,,0.0144893471066603,0.0391263870020541,1.2318237232165057,1.0,1.0924201421301358,,0.3,True,,,,,0.80587,identity,rank_gauss,,,,,,,,
noise,0.05888,True,0.0,0.0286054754200092,0.3208036165859664,1.0,1.0648158595190114,,0.2,,,,normal,0.0,,,,,,,,,,,
gaussian,,,0.006629582807959,0.0393495063103584,0.6559855437078134,1.0,1.0933962670826585,,0.3,True,,,,,0.24072,identity,rank_gauss,,,,,,,,
noise,0.13157,False,0.3831275216303073,8.336974606528374,1.4011540067414907,1.0,12.004365706474305,,0.2,,,,student_t,8.0,,,,,,,,,,,
noise,0.00943,False,0.0853242697434347,0.3739646750719602,0.5683517976585873,1.0,1.4729107810548308,,0.2,,,,student_t,5.0,,,,,,,,,,,
noise,0.06688,True,0.0,0.0284332247184994,0.3206493220125923,1.0,1.0654495264263095,,0.2,,,,student_t,8.0,,,,,,,,,,,
gaussian,,,0.0090643399825018,0.0392894809048301,0.9793416387196668,1.0,1.09304144013092,,0.3,True,,,,,0.54384,diagonal,rank_gauss,,,,,,,,
noise,0.01499,True,0.0,0.0281821447712888,0.3225912263296568,1.0,1.0629405366628613,,0.2,,,,student_t,3.0,,,,,,,,,,,
gaussian,,,0.0122638814523827,0.0391993962932367,1.1434966998733913,1.0,1.0927306448729628,,0.3,False,,,,,0.71152,diagonal,rank_gauss,,,,,,,,
noise,0.00991,False,0.1167460256027713,0.4401721237727306,0.5889232565472102,1.0,1.5049676882744216,,0.2,,,,normal,0.0,,,,,,,,,,,
gaussian,,,0.0073796719381047,0.0393510096617656,0.6010523910729647,1.0,1.09376261148318,,0.3,False,,,,,0.19164,identity,rank_gauss,,,,,,,,
noise,0.01537,False,0.2237804738036707,0.7885569493835587,0.8154757036150388,1.0,1.9004762827874624,,0.2,,,,normal,0.0,,,,,,,,,,,
gaussian,,,0.0702004480114657,0.2593088648903544,1.1630161610904324,1.0,1.0646497749969377,,0.2,True,,,,,0.80632,diagonal,gaussian,,,,,,,,
noise,0.14785,False,0.3805187265840981,9.00929538684052,1.3802136008903612,1.0,13.534306097404372,,0.2,,,,student_t,5.0,,,,,,,,,,,
noise,0.14185,True,0.0001382849755092,0.0345920336385486,0.318727490670392,1.0,1.074061895994965,,0.2,,,,normal,0.0,,,,,,,,,,,
gaussian,,,0.0113063485802343,0.039214789254179,1.1256831862761822,1.0,1.0927309429555714,,0.3,False,,,,,0.69271,identity,rank_gauss,,,,,,,,
noise,0.17407,True,0.0,0.0401482737628711,0.3188887768737758,1.0,1.079665401253752,,0.2,,,,normal,0.0,,,,,,,,,,,
noise,0.02479,True,0.0,0.0282151885336252,0.3219495364831757,1.0,1.0632184771700497,,0.2,,,,normal,0.0,,,,,,,,,,,
gaussian,,,0.0129838156324519,0.0391265928131695,1.2332415366712677,1.0,1.092412833477057,,0.3,False,,,,,0.80739,diagonal,rank_gauss,,,,,,,,
noise,0.03689,False,0.3496262017301794,2.141611915758569,1.2248858824029132,1.0,3.677277661939537,,0.2,,,,student_t,8.0,,,,,,,,,,,
gaussian,,,0.2041996618726724,0.6727002112102556,1.3422708272920538,1.0,1.5405714769390175,,0.2,False,,,,,0.959,identity,gaussian,,,,,,,,
noise,0.03229,False,0.3437498724454225,1.914922328011985,1.165476361162205,1.0,3.264892987616413,,0.2,,,,normal,0.0,,,,,,,,,,,
noise,0.19488,False,0.3814578794422557,12.91697878463972,1.3847037723270992,1.0,17.45676191633995,,0.3,,,,normal,0.0,,,,,,,,,,,
gaussian,,,0.1722287538513651,0.5893493065646083,1.0949342285731276,1.0,1.4666217008063545,,0.2,False,,,,,0.73047,identity,gaussian,,,,,,,,
noise,0.08101,False,0.3795297958772334,5.023925759401389,1.372381773697181,1.0,7.527882934093715,,0.3,,,,student_t,8.0,,,,,,,,,,,
gaussian,,,0.0591481934668305,0.2646973346834637,0.409544773018872,1.0,1.0728776785465357,,0.3,True,,,,,0.00835,identity,gaussian,,,,,,,,
noise,0.01542,True,0.0,0.0281296303603494,0.322264351874258,1.0,1.0630238113300838,,0.2,,,,student_t,8.0,,,,,,,,,,,
gaussian,,,0.0516812976077918,0.2597595524471415,0.4085561511210822,1.0,1.0645677192961829,,0.2,True,,,,,0.03408,diagonal,gaussian,,,,,,,,
noise,0.12584,False,0.3822393642532383,8.238694830502975,1.3748899479703156,1.0,11.38735655716986,,0.3,,,,normal,0.0,,,,,,,,,,,
gaussian,,,0.0619773636824561,0.2597684008030991,0.4104010948185091,1.0,1.0645444724568545,,0.2,False,,,,,0.0518,diagonal,gaussian,,,,,,,,
noise,0.00892,True,0.0003513806420195,0.0281490040254807,0.3224631777284026,1.0,1.0629263102459183,,0.2,,,,student_t,8.0,,,,,,,,,,,
gaussian,,,0.0093372422092126,0.0392847348563392,0.9827470076445796,1.0,1.093023238817304,,0.3,True,,,,,0.54721,diagonal,rank_gauss,,,,,,,,
noise,0.08548,False,0.3785132813692645,5.505645639217654,1.3546176537683243,1.0,7.851263822329008,,0.2,,,,normal,0.0,,,,,,,,,,,
gaussian,,,0.011973711434991,0.0390548072846504,1.2669257455995562,1.0,1.0919399492043609,,0.3,True,,,,,0.84413,identity,rank_gauss,,,,,,,,
noise,0.21858,True,0.0007537433672848,0.0506657893095629,0.3329160077124564,1.0,1.0908076051048945,,0.2,,,,student_t,10.0,,,,,,,,,,,
gaussian,,,0.0955658266696607,0.3572026488986218,0.5068773903833216,1.0,1.1954673889890943,,0.2,True,,,,,0.16362,identity,gaussian,,,,,,,,
noise,0.10702,False,0.3800937130925951,6.152323299941592,1.37701146766368,1.0,9.842798951283516,,0.3,,,,student_t,4.0,,,,,,,,,,,
gaussian,,,0.0071552088804471,0.0393556396011019,0.7340012898214126,1.0,1.0935593977581897,,0.3,False,,,,,0.31106,identity,rank_gauss,,,,,,,,
noise,0.21396,True,0.0005252082818932,0.0491119729604944,0.3205515338320515,1.0,1.0881223944564768,,0.2,,,,normal,0.0,,,,,,,,,,,
noise,0.13663,False,0.3801766698783575,8.303606019567436,1.3780394599095738,1.0,12.530025726640025,,0.2,,,,student_t,5.0,,,,,,,,,,,
noise,0.2418,True,0.0014041000228938,0.0565414583754225,0.3229880807402344,1.0,1.0949966304046694,,0.3,,,,normal,0.0,,,,,,,,,,,
gaussian,,,0.0079584782889621,0.0393530996893615,0.5764462769225563,1.0,1.0940446609588754,,0.3,False,,,,,0.16948,diagonal,rank_gauss,,,,,,,,
noise,0.15561,True,0.0,0.036747988496017,0.3186922145509906,1.0,1.0763196373415047,,0.2,,,,normal,0.0,,,,,,,,,,,
gaussian,,,0.0121955389495236,0.0390137247878769,1.2890884593707512,1.0,1.0917221869156446,,0.3,True,,,,,0.86848,diagonal,rank_gauss,,,,,,,,
noise,0.40873,True,0.0084880946584288,0.1100346070252723,0.3779486294059946,1.0,1.149005948465168,,0.2,,,,student_t,5.0,,,,,,,,,,,
gaussian,,,0.0112568996135649,0.0391583778777287,1.2077717017761394,1.0,1.0926137850851128,,0.3,True,,,,,0.77974,identity,rank_gauss,,,,,,,,
noise,0.1339,True,0.0002337684868566,0.0335281166686041,0.3188072269670883,1.0,1.0728502764584211,,0.2,,,,normal,0.0,,,,,,,,,,,
gaussian,,,0.1591337111409891,0.5425612975062228,0.9538728893633364,1.0,1.4170345250993932,,0.2,True,,,,,0.59859,identity,gaussian,,,,,,,,
noise,0.03374,True,0.0,0.0285276234326295,0.3233895061499446,1.0,1.063804555069639,,0.3,,,,student_t,4.0,,,,,,,,,,,
noise,0.01011,True,0.0,0.0281806294498291,0.3224199744487873,1.0,1.0629288023277457,,0.2,,,,normal,0.0,,,,,,,,,,,
gaussian,,,0.122757189739833,0.4274915792342405,0.6574175475766945,1.0,1.282809514440921,,0.2,False,,,,,0.31079,identity,gaussian,,,,,,,,
noise,0.05851,False,0.3766906466555711,3.681682255800497,1.3126976904949497,1.0,5.504443709040627,,0.2,,,,normal,0.0,,,,,,,,,,,
gaussian,,,0.0126743562743991,0.038815155007849,1.3822700489404127,1.0,1.0910794151306589,,0.3,True,,,,,0.97238,diagonal,rank_gauss,,,,,,,,
noise,0.25638,False,0.3821252364984087,13.5480144899944,1.400922399776533,1.0,22.84974249230108,,0.3,,,,student_t,3.0,,,,,,,,,,,
gaussian,,,0.1129903813164847,0.4355459696311277,0.6620409903292138,1.0,1.2931422502912804,,0.2,False,,,,,0.32623,identity,gaussian,,,,,,,,
noise,0.30791,True,0.0039471934361083,0.0779982587331456,0.3341795345656849,1.0,1.1143906631999694,,0.2,,,,normal,0.0,,,,,,,,,,,
gaussian,,,0.1911370288760541,0.6679921709555445,1.3284234879452308,1.0,1.5368686935216151,,0.3,False,,,,,0.94645,identity,gaussian,,,,,,,,
noise,0.02283,False,0.2554815956645224,1.1186724627091469,1.0202120077334669,1.0,2.489986859908972,,0.2,,,,student_t,4.0,,,,,,,,,,,
gaussian,,,0.0079748170110346,0.0393522476278049,0.9086096283201532,1.0,1.093706775665103,,0.3,False,,,,,0.47528,diagonal,rank_gauss,,,,,,,,
noise,0.06844,True,0.0,0.0292873839287479,0.3240089350358677,1.0,1.0660877461133804,,0.2,,,,student_t,4.0,,,,,,,,,,,
gaussian,,,0.0071665644182818,0.0392788546269433,0.4098950568730751,1.0,1.0955700269383988,,0.3,False,,,,,0.00523,diagonal,rank_gauss,,,,,,,,
noise,0.13735,True,0.0007683146759905,0.0339703620693791,0.3187677739930136,1.0,1.073367676910354,,0.2,,,,normal,0.0,,,,,,,,,,,
gaussian,,,0.0596317975920857,0.259741359487355,0.4082893665984527,1.0,1.0645947039336934,,0.2,True,,,,,0.01419,diagonal,gaussian,,,,,,,,
noise,0.01486,False,0.204665818900389,0.7553486696286282,0.7972997599781566,1.0,1.861975482137724,,0.2,,,,normal,0.0,,,,,,,,,,,
noise,0.06072,True,9.808217092277528e-05,0.0286471684679737,0.3207414797927146,1.0,1.0649387722422876,,0.2,,,,normal,0.0,,,,,,,,,,,
gaussian,,,0.1493007624138543,0.4936050219304753,0.813989787199899,1.0,1.3619717538117375,,0.3,False,,,,,0.46819,identity,gaussian,,,,,,,,
noise,0.05047,False,0.3666233402072118,3.026543313771918,1.305824272179926,1.0,4.849186741751039,,0.3,,,,student_t,8.0,,,,,,,,,,,
gaussian,,,0.1743578386065203,0.5876119185946692,1.089651362700138,1.0,1.464862008451903,,0.2,True,,,,,0.72553,identity,gaussian,,,,,,,,
noise,0.00942,False,0.0577120939790544,0.3086590245369153,0.5480463224946219,1.0,1.4436766349244603,,0.2,,,,student_t,3.0,,,,,,,,,,,
gaussian,,,0.1511620296399014,0.5217702308410044,0.8935446351571562,1.0,1.3940798082926722,,0.2,False,,,,,0.5423,identity,gaussian,,,,,,,,
noise,0.01245,False,0.1596158131288727,0.5755935440886752,0.7046102418847493,1.0,1.687798905133003,,0.3,,,,student_t,8.0,,,,,,,,,,,
gaussian,,,0.0080635264053341,0.0393191037506954,0.958579954228316,1.0,1.0932842496979305,,0.3,False,,,,,0.52359,identity,rank_gauss,,,,,,,,
noise,0.12032,True,0.0001323530306301,0.0320331964900624,0.3190270123820466,1.0,1.070939120968344,,0.2,,,,normal,0.0,,,,,,,,,,,
gaussian,,,0.1157337550899613,0.3976403813922601,0.5875835210117792,1.0,1.2459959287350415,,0.3,True,,,,,0.24494,identity,gaussian,,,,,,,,
noise,0.01167,True,0.0,0.0281800689582596,0.3226201535256342,1.0,1.0629047721592095,,0.3,,,,student_t,3.0,,,,,,,,,,,
gaussian,,,0.0053551054748178,0.0393731927958183,0.786971433649089,1.0,1.0937211215742058,,0.3,True,,,,,0.35943,identity,rank_gauss,,,,,,,,
noise,0.03011,True,0.0,0.0282438869840223,0.3217742572701818,1.0,1.063382688601862,,0.3,,,,normal,0.0,,,,,,,,,,,
gaussian,,,0.0129085731865331,0.0392061213019192,1.139656206482424,1.0,1.092730783635158,,0.3,True,,,,,0.70749,identity,rank_gauss,,,,,,,,
noise,0.01427,False,0.1576190038790424,0.6241854830591733,0.775464023921666,1.0,1.815886922221447,,0.3,,,,student_t,4.0,,,,,,,,,,,
gaussian,,,0.0457217367087887,0.2660315406252405,0.4097712413176539,1.0,1.0750316040951984,,0.2,True,,,,,0.01057,identity,gaussian,,,,,,,,
noise,0.08177,False,0.3788624814879636,5.2545100471303625,1.3510852100549695,1.0,7.527256147600271,,0.3,,,,normal,0.0,,,,,,,,,,,
gaussian,,,0.0145459396453655,0.0388927874844988,1.3491362412501762,1.0,1.091343165741202,,0.3,False,,,,,0.93526,identity,rank_gauss,,,,,,,,
noise,0.40358,True,0.0068202318781641,0.1171333464918782,0.3658982028495868,1.0,1.1494608267499866,,0.3,,,,normal,0.0,,,,,,,,,,,
gaussian,,,0.0646237532105777,0.259216479466498,1.282245371019131,1.0,1.0647413271813249,,0.2,False,,,,,0.89888,diagonal,gaussian,,,,,,,,
noise,0.00743,True,0.0,0.0281819555701196,0.322503472794333,1.0,1.062901831028552,,0.2,,,,normal,0.0,,,,,,,,,,,
gaussian,,,0.1375602551464858,0.4762417573585263,0.7667520662091775,1.0,1.3417744041550626,,0.3,True,,,,,0.42423,identity,gaussian,,,,,,,,
noise,0.01921,False,0.2475581838071377,0.9495906482366754,0.9362154583333038,1.0,2.2063850970958336,,0.3,,,,student_t,5.0,,,,,,,,,,,
gaussian,,,0.0064148702527502,0.0393492247540548,0.7168235257124689,1.0,1.0935501536856655,,0.3,True,,,,,0.29528,identity,rank_gauss,,,,,,,,
noise,0.0148,False,0.2185814358837605,0.7514466311528805,0.7951189463910866,1.0,1.8574620058354865,,0.2,,,,normal,0.0,,,,,,,,,,,
gaussian,,,0.0070333641139962,0.0393432689698001,0.6338194400504936,1.0,1.0934885470162494,,0.3,True,,,,,0.22133,diagonal,rank_gauss,,,,,,,,
noise,0.00784,False,0.0761460568433406,0.3157896611910418,0.4897413094651019,1.0,1.3688586562516527,,0.3,,,,normal,0.0,,,,,,,,,,,
gaussian,,,0.0908819216243899,0.3483572817262513,0.4918017359668073,1.0,1.1843163307418416,,0.2,True,,,,,0.14705,identity,gaussian,,,,,,,,
noise,0.04167,False,0.3593729194654396,2.4830678524463488,1.2444851404451545,1.0,4.089720013656985,,0.3,,,,student_t,10.0,,,,,,,,,,,
noise,0.02053,False,0.2557650042817895,1.0300906156796676,0.9702776044653676,1.0,2.312415871438424,,0.2,,,,student_t,5.0,,,,,,,,,,,
gaussian,,,0.0112845890040146,0.0391892146419677,1.1802264638194446,1.0,1.0927810261994622,,0.3,False,,,,,0.75018,diagonal,rank_gauss,,,,,,,,
noise,0.22543,True,0.0005001412537496,0.0462334582919792,0.3258754526932023,1.0,1.088365642258004,,0.2,,,,student_t,3.0,,,,,,,,,,,
gaussian,,,0.0600829001771552,0.2603845271273588,0.4625471829677099,1.0,1.0665259763742196,,0.2,False,,,,,0.1835,diagonal,gaussian,,,,,,,,
noise,0.00649,True,0.0,0.028183235554014,0.3225325730019419,1.0,1.062894266598187,,0.2,,,,normal,0.0,,,,,,,,,,,
gaussian,,,0.0526977529301661,0.260198129639368,0.5652126646785269,1.0,1.0663482874710477,,0.2,False,,,,,0.31127,diagonal,gaussian,,,,,,,,
noise,0.04295,False,0.3673836172701564,2.631860715328278,1.2511886475463043,1.0,4.166307946738976,,0.2,,,,normal,0.0,,,,,,,,,,,
gaussian,,,0.1277094849875978,0.4561785856373134,0.7140568120727031,1.0,1.3180555470569475,,0.2,True,,,,,0.37509,identity,gaussian,,,,,,,,
noise,0.08811,False,0.3792629575786536,5.683700391571419,1.3568512139905646,1.0,8.08110308761243,,0.2,,,,normal,0.0,,,,,,,,,,,
gaussian,,,0.0701676826313503,0.2591842463202503,1.3793493870436753,1.0,1.0648246491184663,,0.2,True,,,,,0.97379,diagonal,gaussian,,,,,,,,
noise,0.09282,True,0.0,0.0303879411125078,0.3245035452252259,1.0,1.0684886334500543,,0.2,,,,student_t,4.0,,,,,,,,,,,
gaussian,,,0.0060237548214083,0.0393409668622316,0.6303499534003154,1.0,1.0935105097804316,,0.3,False,,,,,0.21825,identity,rank_gauss,,,,,,,,
noise,0.15731,False,0.3805766062737531,8.20032244724862,1.3935055423228109,1.0,14.11070181341222,,0.3,,,,student_t,3.0,,,,,,,,,,,
noise,0.01063,False,0.1236240488681744,0.4742625544752791,0.6264932838690445,1.0,1.56251612260309,,0.2,,,,student_t,10.0,,,,,,,,,,,
gaussian,,,0.0561441720615574,0.2593100995302116,1.1611563034247212,1.0,1.0646481582087208,,0.2,False,,,,,0.80487,diagonal,gaussian,,,,,,,,
noise,0.1902,False,0.3816255078362366,12.59975831687765,1.3843710149208537,1.0,17.044947913270285,,0.2,,,,normal,0.0,,,,,,,,,,,
gaussian,,,0.0083375652964953,0.0393505603297936,0.6912368166193399,1.0,1.09347159137031,,0.3,True,,,,,0.27205,diagonal,rank_gauss,,,,,,,,
noise,0.00668,True,8.924727921244546e-06,0.0281830277147674,0.3225266989206189,1.0,1.0628957161917776,,0.2,,,,normal,0.0,,,,,,,,,,,
noise,0.02296,True,0.0,0.0281110436299174,0.3220302041548615,1.0,1.0631956914919705,,0.2,,,,student_t,8.0,,,,,,,,,,,
gaussian,,,0.2051121315660509,0.6816520054988853,1.3686606850954208,1.0,1.5474833776126615,,0.2,False,,,,,0.98279,identity,gaussian,,,,,,,,
noise,0.07739,True,0.0,0.0291735273381809,0.3201896755844827,1.0,1.066223074651293,,0.2,,,,normal,0.0,,,,,,,,,,,
gaussian,,,0.0936341996082714,0.3589262140916278,0.5099318648896617,1.0,1.1976355500844114,,0.2,False,,,,,0.1669,identity,gaussian,,,,,,,,
noise,0.03825,True,0.0,0.0283029603236832,0.3215022992836678,1.0,1.0636948930804415,,0.2,,,,normal,0.0,,,,,,,,,,,
noise,0.01023,True,0.00038624541995,0.0281807842463613,0.3224162174796765,1.0,1.0629301971722804,,0.2,,,,normal,0.0,,,,,,,,,,,
gaussian,,,0.0110054132351367,0.0389699258932988,1.3093579899911687,1.0,1.0915502628678666,,0.3,False,,,,,0.89096,identity,rank_gauss,,,,,,,,
noise,0.18939,True,0.0004217530315222,0.0426154522792666,0.3201728747312704,1.0,1.0828661439684313,,0.2,,,,student_t,8.0,,,,,,,,,,,
gaussian,,,0.0134857415077875,0.038950210969598,1.328791096288,1.0,1.0915333177228397,,0.3,True,,,,,0.91266,diagonal,rank_gauss,,,,,,,,
noise,0.21064,True,0.0010403588028182,0.048293794538644,0.3203371514447752,1.0,1.0873553302044647,,0.2,,,,normal,0.0,,,,,,,,,,,
noise,0.00531,True,0.0,0.0281639152240212,0.3227268019545873,1.0,1.0628735233334885,,0.2,,,,student_t,5.0,,,,,,,,,,,
gaussian,,,0.168914476510221,0.5916085425001676,1.1017997021939103,1.0,1.4688977498232494,,0.2,False,,,,,0.73689,identity,gaussian,,,,,,,,
noise,0.02992,True,0.0,0.0281915899925051,0.3234217675131924,1.0,1.0636278525297964,,0.2,,,,student_t,10.0,,,,,,,,,,,
gaussian,,,0.0095510970111896,0.0393733033704824,0.7734078800632426,1.0,1.0936341377697902,,0.3,True,,,,,0.34706,diagonal,rank_gauss,,,,,,,,
noise,0.32717,True,0.0022997776142956,0.0705534546310848,0.3430970772220476,1.0,1.1156498705737286,,0.2,,,,student_t,3.0,,,,,,,,,,,
gaussian,,,0.0208845564768362,0.0388452416798902,1.3696614756408363,1.0,1.0911908646048485,,0.3,False,,,,,0.9582,diagonal,rank_gauss,,,,,,,,
noise,0.01721,False,0.2419936619951947,0.909032217736543,0.8761380656380263,1.0,2.0413576152558184,,0.2,,,,normal,0.0,,,,,,,,,,,
gaussian,,,0.0118202346358681,0.0391170507223652,1.24183876662395,1.0,1.0923271211747028,,0.3,False,,,,,0.81676,identity,rank_gauss,,,,,,,,
noise,0.05775,True,7.855874067630442e-05,0.0285835550907877,0.3208418403109628,1.0,1.0647422345818862,,0.2,,,,normal,0.0,,,,,,,,,,,
gaussian,,,0.0072758974816848,0.0393292051831151,0.5265025695874082,1.0,1.094509643402554,,0.3,True,,,,,0.12202,identity,rank_gauss,,,,,,,,
noise,0.09288,False,0.380807307343609,6.006639821651065,1.3604125317148903,1.0,8.49824748603668,,0.2,,,,normal,0.0,,,,,,,,,,,
gaussian,,,0.0079697901617608,0.0393484872941478,0.7138598661364055,1.0,1.093541508607224,,0.3,False,,,,,0.29247,diagonal,rank_gauss,,,,,,,,
noise,0.03497,True,0.0,0.0281000965508725,0.3216515051752995,1.0,1.0635997593138165,,0.2,,,,student_t,8.0,,,,,,,,,,,
gaussian,,,0.0143826700050871,0.0389658598550862,1.3156882257229712,1.0,1.0915595641378422,,0.3,False,,,,,0.89804,diagonal,rank_gauss,,,,,,,,
noise,0.44057,False,0.3822872044811168,29.574426471095773,1.3898010499511244,1.0,39.09758087589411,,0.3,,,,normal,0.0,,,,,,,,,,,
gaussian,,,0.0651448100495802,0.2592541102985684,1.064215347301956,1.0,1.0653503283446883,,0.2,False,,,,,0.7471,diagonal,gaussian,,,,,,,,
noise,0.07434,True,0.0,0.0290558282111693,0.3202885422312281,1.0,1.0659651332371154,,0.2,,,,normal,0.0,,,,,,,,,,,
gaussian,,,0.0531610233409325,0.2603917925539962,0.446536413564003,1.0,1.0665523999356004,,0.2,True,,,,,0.15633,diagonal,gaussian,,,,,,,,
noise,0.34869,True,0.0055816015025074,0.0936915460073632,0.345409431132151,1.0,1.1283891316308323,,0.2,,,,normal,0.0,,,,,,,,,,,
gaussian,,,0.0687565126312941,0.2591972676822834,1.3217471723913583,1.0,1.064771646625172,,0.2,True,,,,,0.92942,diagonal,gaussian,,,,,,,,
noise,0.05074,True,0.0,0.028453069248445,0.3210795945942004,1.0,1.0643171341570627,,0.2,,,,normal,0.0,,,,,,,,,,,
gaussian,,,0.0079161358469818,0.0393529182141984,0.7511108965043436,1.0,1.0935001033753784,,0.3,False,,,,,0.32667,identity,rank_gauss,,,,,,,,
noise,0.06675,True,0.0,0.0286751540485655,0.3220981610913818,1.0,1.0649992268448756,,0.3,,,,student_t,3.0,,,,,,,,,,,
gaussian,,,0.0614181722922311,0.2602198429935868,0.5556038339665375,1.0,1.0663618067847334,,0.2,True,,,,,0.30096,diagonal,gaussian,,,,,,,,
noise,0.03124,True,6.269833731165075e-05,0.0282511109559912,0.3217367532657714,1.0,1.063421623489329,,0.2,,,,normal,0.0,,,,,,,,,,,
gaussian,,,0.1170256339851237,0.4245583161555707,0.6502240120025587,1.0,1.2792101766736852,,0.3,True,,,,,0.3041,identity,gaussian,,,,,,,,
noise,0.06609,True,0.0,0.0287859907043794,0.3205611396849515,1.0,1.0653189311527496,,0.3,,,,normal,0.0,,,,,,,,,,,
gaussian,,,0.009046333739875,0.0393410254685435,0.9377943990007724,1.0,1.0935207458214942,,0.3,True,,,,,0.50341,identity,rank_gauss,,,,,,,,
noise,0.01762,True,0.0,0.0281853416160408,0.3225707690928282,1.0,1.0629758834050804,,0.2,,,,student_t,3.0,,,,,,,,,,,
gaussian,,,0.0583623889568224,0.2603558388260775,0.4834942416352738,1.0,1.0664876892445885,,0.2,False,,,,,0.21426,diagonal,gaussian,,,,,,,,
noise,0.10829,True,0.0005179980863331,0.0305839649343792,0.3195736306319485,1.0,1.0695213454327268,,0.2,,,,student_t,8.0,,,,,,,,,,,
noise,0.24873,False,0.3820881103514348,16.183579308289495,1.3988617095629652,1.0,22.39851477068073,,0.3,,,,student_t,10.0,,,,,,,,,,,
gaussian,,,0.084701075543617,0.3475717519997595,0.4905128321382558,1.0,1.1833242692067196,,0.2,False,,,,,0.1456,identity,gaussian,,,,,,,,
noise,0.00912,False,0.0958311257731016,0.3568391198831712,0.5536841829769257,1.0,1.4520866055103117,,0.2,,,,student_t,5.0,,,,,,,,,,,
gaussian,,,0.0135348526204763,0.0387711357699604,1.4063352132921574,1.0,1.091041546792146,,0.3,False,,,,,0.99956,diagonal,rank_gauss,,,,,,,,
noise,0.27783,True,0.0030707035349205,0.0675656051690988,0.3280646621349898,1.0,1.1050460889800529,,0.2,,,,normal,0.0,,,,,,,,,,,
gaussian,,,0.0115230856613101,0.0392843356114665,1.019200484891654,1.0,1.0929900223840288,,0.3,True,,,,,0.58335,diagonal,rank_gauss,,,,,,,,
noise,0.02551,False,0.3126288945259716,1.4037434159510958,1.0817829338766618,1.0,2.71859802877294,,0.2,,,,student_t,8.0,,,,,,,,,,,
gaussian,,,0.0069888329308327,0.0393721105759445,0.788660861891759,1.0,1.0937324040676035,,0.3,True,,,,,0.36098,diagonal,rank_gauss,,,,,,,,
noise,0.03207,False,0.3419349476123117,1.828474766552766,1.17675218106356,1.0,3.267470378901748,,0.2,,,,student_t,8.0,,,,,,,,,,,
gaussian,,,0.0657168893200631,0.2592157347285641,1.283627919133631,1.0,1.0647420877630922,,0.2,True,,,,,0.89995,diagonal,gaussian,,,,,,,,
noise,0.05254,True,2.081201670145472e-05,0.0283744510313451,0.3225719385026178,1.0,1.0642924164500474,,0.3,,,,student_t,5.0,,,,,,,,,,,
gaussian,,,0.0608819384748751,0.2603998682394182,0.432258189437693,1.0,1.0665774233051366,,0.2,True,,,,,0.12714,diagonal,gaussian,,,,,,,,
noise,0.07011,False,0.3770292241342824,4.35900390779682,1.3409435564962555,1.0,6.566034913475249,,0.2,,,,student_t,10.0,,,,,,,,,,,
gaussian,,,0.1647447911571449,0.558389767942979,1.0009982945431082,1.0,1.4342071403441463,,0.2,True,,,,,0.6426,identity,gaussian,,,,,,,,
noise,0.01451,True,0.0,0.0281813798087758,0.3225948743776313,1.0,1.0629348885893553,,0.2,,,,student_t,3.0,,,,,,,,,,,
gaussian,,,0.0085057655073146,0.0393495822693946,0.7103678145146834,1.0,1.093533172166444,,0.3,True,,,,,0.28926,identity,rank_gauss,,,,,,,,
noise,0.00713,True,0.0,0.0281731153643607,0.3229014576922506,1.0,1.0629600268333803,,0.2,,,,student_t,10.0,,,,,,,,,,,
gaussian,,,0.0547599303801713,0.2604088593792795,0.4276856197081,1.0,1.0665870725661002,,0.3,False,,,,,0.11606,diagonal,gaussian,,,,,,,,
noise,0.19632,True,0.0009170074987689,0.0449083992143357,0.3195801183088042,1.0,1.0841779473513962,,0.2,,,,normal,0.0,,,,,,,,,,,
noise,0.36508,False,0.3802575389235413,24.45584171381402,1.389299314965028,1.0,32.44596047960597,,0.3,,,,normal,0.0,,,,,,,,,,,
noise,0.31106,False,0.3838880298143874,20.79317503861386,1.3886576702766882,1.0,27.686940924233117,,0.3,,,,normal,0.0,,,,,,,,,,,
gaussian,,,0.0141014031188222,0.039228001591758,1.0923315896605474,1.0,1.0927795420766246,,0.3,True,,,,,0.65786,identity,rank_gauss,,,,,,,,
noise,0.00662,True,0.0,0.0281581810445574,0.3225327821278784,1.0,1.0629030508387145,,0.2,,,,student_t,8.0,,,,,,,,,,,
gaussian,,,0.0557487316160683,0.2603896383339655,0.4425319302193921,1.0,1.0665586979126147,,0.2,True,,,,,0.14876,diagonal,gaussian,,,,,,,,
noise,0.00578,False,0.0372789061240727,0.2010303285907423,0.3977694787645788,1.0,1.2467147805699537,,0.3,,,,normal,0.0,,,,,,,,,,,
noise,0.03543,True,0.0,0.0282299741298487,0.3224136382764794,1.0,1.0634110074814629,,0.2,,,,student_t,3.0,,,,,,,,,,,
noise,0.01398,True,0.0,0.0281880673962727,0.3222980406010626,1.0,1.0629818699013522,,0.2,,,,normal,0.0,,,,,,,,,,,
gaussian,,,0.1308584684816855,0.482198896635165,0.7827804637873983,1.0,1.3487329905420682,,0.2,False,,,,,0.43915,identity,gaussian,,,,,,,,
noise,0.03583,False,0.3525101859063277,2.1527430634059392,1.2003599142281502,1.0,3.5621965700116034,,0.2,,,,normal,0.0,,,,,,,,,,,
gaussian,,,0.1757516797301009,0.6046829084125038,1.1415716717627569,1.0,1.4818343120888624,,0.2,False,,,,,0.77405,identity,gaussian,,,,,,,,
noise,0.32413,False,0.3833621888433757,21.6793056915916,1.3888454281514269,1.0,28.838279567692915,,0.3,,,,normal,0.0,,,,,,,,,,,
gaussian,,,0.0164068445456226,0.038859497369122,1.3612550031795012,1.0,1.0912446566976854,,0.3,True,,,,,0.94878,diagonal,rank_gauss,,,,,,,,
noise,0.03285,True,0.0,0.0282100071091573,0.3224381546242973,1.0,1.063326852554342,,0.3,,,,student_t,3.0,,,,,,,,,,,
gaussian,,,0.0136732185714918,0.0389517410366512,1.3281208648589171,1.0,1.091537993919221,,0.3,True,,,,,0.9119,diagonal,rank_gauss,,,,,,,,
gaussian,,,0.0087895413660448,0.0392290983348707,1.1028672582151615,1.0,1.092803248392006,,0.3,False,,,,,0.66881,diagonal,rank_gauss,,,,,,,,
noise,0.07369,False,0.3766478888830774,4.595611375217183,1.3465660112511273,1.0,6.880522634702976,,0.2,,,,student_t,10.0,,,,,,,,,,,
gaussian,,,0.0143612219499864,0.0387834061317501,1.3991556223049435,1.0,1.0910359691108342,,0.3,False,,,,,0.9914,diagonal,rank_gauss,,,,,,,,
noise,0.03143,False,0.3403520565324726,1.8571964406640007,1.155725003202421,1.0,3.193050721583232,,0.3,,,,normal,0.0,,,,,,,,,,,
gaussian,,,0.0154049468111602,0.0391270347495428,1.2325518916578098,1.0,1.0924164918026291,,0.3,False,,,,,0.80665,diagonal,rank_gauss,,,,,,,,
noise,0.11334,False,0.3834053651288001,7.392112517253368,1.3709008433778889,1.0,10.290593895445122,,0.3,,,,normal,0.0,,,,,,,,,,,
noise,0.00709,True,9.443336780656786e-05,0.0281823119000591,0.3225140096656421,1.0,1.0628989813095644,,0.2,,,,normal,0.0,,,,,,,,,,,
noise,0.21445,False,0.3810324671353952,14.24351740095143,1.3858488299320697,1.0,19.17914605529638,,0.3,,,,normal,0.0,,,,,,,,,,,
gaussian,,,0.0089236287360547,0.0393525137035879,0.5987759820677884,1.0,1.093778959450939,,0.3,False,,,,,0.18956,diagonal,rank_gauss,,,,,,,,
noise,0.09445,True,0.0,0.0296051959221711,0.3198807680026265,1.0,1.067951793193918,,0.2,,,,student_t,8.0,,,,,,,,,,,
gaussian,,,0.0091935298255265,0.0393517113942809,0.9075812677115626,1.0,1.0937124092290236,,0.3,False,,,,,0.47429,identity,rank_gauss,,,,,,,,
noise,0.15442,True,5.191332531739867e-05,0.0346461883611376,0.3222006809332077,1.0,1.0748605275940828,,0.3,,,,student_t,3.0,,,,,,,,,,,
gaussian,,,0.149670752465058,0.5132687763308496,0.8692366210621594,1.0,1.384500508383236,,0.2,True,,,,,0.51964,identity,gaussian,,,,,,,,
noise,0.48,True,0.0221027793558293,0.1531444208404942,0.4035212637270605,1.0,1.182599287099876,,0.2,,,,normal,0.0,,,,,,,,,,,
gaussian,,,0.0142291712785385,0.0390077081340726,1.2912604971543302,1.0,1.0916956194912164,,0.3,False,,,,,0.87088,diagonal,rank_gauss,,,,,,,,
noise,0.21665,False,0.3812635708502832,14.392644015748376,1.385957259050782,1.0,19.37280112825995,,0.3,,,,normal,0.0,,,,,,,,,,,
gaussian,,,0.010668635947746,0.0393755211919834,0.7718386971282134,1.0,1.0936365323926809,,0.3,False,,,,,0.34565,diagonal,rank_gauss,,,,,,,,
noise,0.02012,True,0.0,0.0281453251374356,0.3226979565113723,1.0,1.0630519530300355,,0.2,,,,student_t,5.0,,,,,,,,,,,
gaussian,,,0.0546995371286653,0.2603891955726563,0.4393820708691763,1.0,1.066563825379235,,0.2,True,,,,,0.14251,diagonal,gaussian,,,,,,,,
noise,0.39647,True,0.0072088306492993,0.1038212962866072,0.3800676816255662,1.0,1.1476901096592278,,0.2,,,,student_t,4.0,,,,,,,,,,,
noise,0.15857,True,0.0005500040836959,0.0372541274506349,0.3187036686623526,1.0,1.076831651611326,,0.2,,,,normal,0.0,,,,,,,,,,,
gaussian,,,0.0083048313885254,0.0393744591621997,0.8281516549370743,1.0,1.0939826922260072,,0.3,False,,,,,0.39784,identity,rank_gauss,,,,,,,,
noise,0.02408,False,0.3077343463649931,1.3648946619239932,1.0452438722288968,1.0,2.587286845794311,,0.2,,,,normal,0.0,,,,,,,,,,,
gaussian,,,0.0145444046292435,0.0391244404561878,1.235509962987282,1.0,1.0923954229686434,,0.3,True,,,,,0.80986,identity,rank_gauss,,,,,,,,
noise,0.05165,True,0.0,0.028468229968885,0.3210486997140866,1.0,1.0643692396254223,,0.2,,,,normal,0.0,,,,,,,,,,,
gaussian,,,0.0547177544245194,0.2601044332834089,0.611620404033314,1.0,1.0662680721989113,,0.3,False,,,,,0.35874,diagonal,gaussian,,,,,,,,
noise,0.34477,False,0.3825908085712177,23.078747123172445,1.3890949401606665,1.0,30.656592560514863,,0.3,,,,normal,0.0,,,,,,,,,,,
gaussian,,,0.0629817823920323,0.2596718871979713,0.826992500332534,1.0,1.0658303741905566,,0.3,False,,,,,0.55291,diagonal,gaussian,,,,,,,,
noise,0.17745,True,0.0,0.0377583520710253,0.3228554669362732,1.0,1.0787227609452463,,0.3,,,,student_t,3.0,,,,,,,,,,,
gaussian,,,0.0569841160608202,0.2597914347293485,0.7518566544739643,1.0,1.0659803681106692,,0.3,True,,,,,0.4882,diagonal,gaussian,,,,,,,,
noise,0.11174,False,0.3811312418232609,7.28375126616279,1.3702892585876614,1.0,10.150288505545983,,0.2,,,,normal,0.0,,,,,,,,,,,
gaussian,,,0.0133225703057167,0.0392809966146337,1.0395807916858817,1.0,1.093060328822179,,0.3,True,,,,,0.60392,diagonal,rank_gauss,,,,,,,,
noise,0.03898,False,0.3607563692571686,2.364624359872789,1.2255293186830738,1.0,3.828610932511416,,0.2,,,,normal,0.0,,,,,,,,,,,
gaussian,,,0.186691141067522,0.6469225673022555,1.2665536690601358,1.0,1.5196951606835147,,0.2,True,,,,,0.88993,identity,gaussian,,,,,,,,
noise,0.18913,False,0.3822009785456892,12.527234936165032,1.3842912735228,1.0,16.950799612895285,,0.3,,,,normal,0.0,,,,,,,,,,,
gaussian,,,0.0133050351686583,0.0387794270232552,1.40147299832081,1.0,1.091038095736227,,0.3,False,,,,,0.99401,diagonal,rank_gauss,,,,,,,,
noise,0.28949,False,0.3811658896810784,17.124889595375425,1.3996430805730518,1.0,26.134572297767903,,0.3,,,,student_t,4.0,,,,,,,,,,,
gaussian,,,0.013054701801192,0.0391385342122645,1.217790714916247,1.0,1.092496877723923,,0.3,False,,,,,0.79058,diagonal,rank_gauss,,,,,,,,
noise,0.02373,True,0.0,0.0282115357231219,0.3219841862374333,1.0,1.0631895220597154,,0.2,,,,normal,0.0,,,,,,,,,,,
gaussian,,,0.0068306841594142,0.0393606605414539,0.56321049313586,1.0,1.0942558894763112,,0.3,True,,,,,0.15739,diagonal,rank_gauss,,,,,,,,
noise,0.45375,True,0.0142652281402241,0.1403753315656792,0.3895511815211216,1.0,1.1707539594488643,,0.2,,,,normal,0.0,,,,,,,,,,,
gaussian,,,0.0647749112187782,0.2594864563218658,0.937273720156167,1.0,1.065598540313048,,0.2,True,,,,,0.64467,diagonal,gaussian,,,,,,,,
noise,0.10675,True,5.255989548436091e-05,0.0308442928969502,0.3193324993196406,1.0,1.069230018408183,,0.2,,,,normal,0.0,,,,,,,,,,,
gaussian,,,0.0107127294457375,0.039200773610832,1.1540120448940043,1.0,1.0927495746707994,,0.3,True,,,,,0.72251,diagonal,rank_gauss,,,,,,,,
noise,0.07332,True,0.0001470793086733,0.0290187954286192,0.3203218656354558,1.0,1.0658811633124183,,0.2,,,,normal,0.0,,,,,,,,,,,
gaussian,,,0.0561640377378339,0.2603878154287468,0.4597934372446846,1.0,1.0665308474176385,,0.3,True,,,,,0.17911,diagonal,gaussian,,,,,,,,
noise,0.14763,True,0.0003472759628165,0.0352908446239033,0.3230966708860466,1.0,1.0745957153582162,,0.3,,,,student_t,5.0,,,,,,,,,,,
gaussian,,,0.153655138202813,0.5254135483768976,0.904034066314338,1.0,1.3981532257330072,,0.2,True,,,,,0.55208,identity,gaussian,,,,,,,,
noise,0.00833,False,0.0870960341262148,0.3445957300869504,0.5132412059334176,1.0,1.4000917418356325,,0.3,,,,normal,0.0,,,,,,,,,,,
gaussian,,,0.1802726425034472,0.6362815629249379,1.2352900254378243,1.0,1.5106201538593744,,0.3,True,,,,,0.86113,identity,gaussian,,,,,,,,
noise,0.0362,False,0.3547285200336882,2.17762121212399,1.2035830860875696,1.0,3.5934068136214443,,0.2,,,,normal,0.0,,,,,,,,,,,
noise,0.03066,True,0.0,0.0282474812085407,0.3217560142898819,1.0,1.0634014617483163,,0.2,,,,normal,0.0,,,,,,,,,,,
gaussian,,,0.1520965084126399,0.5152222130165517,0.8748045698134921,1.0,1.3867119319489478,,0.2,True,,,,,0.52483,identity,gaussian,,,,,,,,
noise,0.07454,False,0.3790918576231383,4.765301993673198,1.3426859959883022,1.0,6.896702142726047,,0.2,,,,normal,0.0,,,,,,,,,,,
noise,0.0435,False,0.3530347685657083,2.344847355196206,1.2583982865687855,1.0,4.239304619361561,,0.2,,,,student_t,4.0,,,,,,,,,,,
gaussian,,,0.0892989147663854,0.3704609530403983,0.5313201907591389,1.0,1.21211614717031,,0.2,True,,,,,0.18928,identity,gaussian,,,,,,,,
gaussian,,,0.0518577839183613,0.259943397817418,0.6765324147769868,1.0,1.066142151107963,,0.2,True,,,,,0.42056,diagonal,gaussian,,,,,,,,
gaussian,,,0.0091570950746511,0.0393570870688526,0.8980560073042702,1.0,1.0937570140215838,,0.3,False,,,,,0.46505,identity,rank_gauss,,,,,,,,
noise,0.34567,True,0.0063392590755063,0.0924693408567851,0.3444588512971493,1.0,1.1273023407234806,,0.2,,,,normal,0.0,,,,,,,,,,,
gaussian,,,0.0598052768773497,0.2597488725503738,0.7757006805926192,1.0,1.0659305435215471,,0.2,False,,,,,0.50898,diagonal,gaussian,,,,,,,,
noise,0.41659,False,0.3812009515519902,27.94846546656052,1.389677493016667,1.0,36.98453880298592,,0.3,,,,normal,0.0,,,,,,,,,,,
gaussian,,,0.057079239571086,0.2596602667683125,0.8349326740773048,1.0,1.0658152648551262,,0.2,True,,,,,0.55963,diagonal,gaussian,,,,,,,,
noise,0.13278,True,0.0,0.0323299205225929,0.3218775591239751,1.0,1.0717005481102393,,0.2,,,,student_t,3.0,,,,,,,,,,,
gaussian,,,0.0106104303615413,0.039356378764966,0.8988148109131021,1.0,1.093753199771918,,0.3,False,,,,,0.46579,identity,rank_gauss,,,,,,,,
noise,0.38545,True,0.0078538793242247,0.0997265748158544,0.3755360573054631,1.0,1.143408386402971,,0.2,,,,student_t,4.0,,,,,,,,,,,
gaussian,,,0.0097818395260441,0.0393690147635165,0.7826412013318833,1.0,1.0936693034263558,,0.3,False,,,,,0.35553,identity,rank_gauss,,,,,,,,
noise,0.05779,True,0.0,0.0285842848903809,0.3208404865359116,1.0,1.064744816612621,,0.2,,,,normal,0.0,,,,,,,,,,,
gaussian,,,0.0110865595985092,0.0392142112061795,1.1283846014585237,1.0,1.0927345904286734,,0.3,True,,,,,0.6956,diagonal,rank_gauss,,,,,,,,
noise,0.43544,False,0.381920780130229,29.226585782675407,1.3897765052293811,1.0,38.64553499248306,,0.3,,,,normal,0.0,,,,,,,,,,,
gaussian,,,0.1845985740332902,0.6145228471561275,1.1713724597175492,1.0,1.4912458087620706,,0.2,False,,,,,0.80184,identity,gaussian,,,,,,,,
noise,0.18599,True,0.0017176306379037,0.0416702407996999,0.3247531819801529,1.0,1.0814995295113987,,0.2,,,,student_t,5.0,,,,,,,,,,,
gaussian,,,0.1971971135244059,0.6807239309575336,1.3659232424482908,1.0,1.5467754304266443,,0.2,False,,,,,0.98033,identity,gaussian,,,,,,,,
noise,0.02711,True,0.0,0.0281030774229897,0.3218999925941435,1.0,1.063317220494948,,0.2,,,,student_t,8.0,,,,,,,,,,,
gaussian,,,0.1913145878450418,0.6622724663492481,1.311654548762919,1.0,1.5323157945269976,,0.2,True,,,,,0.9312,identity,gaussian,,,,,,,,
noise,0.05171,False,0.3735633124419588,3.2224685676518234,1.2915813798623206,1.0,4.917386306505275,,0.2,,,,normal,0.0,,,,,,,,,,,
gaussian,,,0.012911029652158,0.0390350242816286,1.2778739444976976,1.0,1.0918270057464714,,0.3,True,,,,,0.85612,diagonal,rank_gauss,,,,,,,,
noise,0.14868,False,0.3814116378350281,9.55776945475408,1.3895261312969092,1.0,13.512184637189232,,0.3,,,,student_t,10.0,,,,,,,,,,,
gaussian,,,0.0618709118359664,0.2689974555335214,0.410477862890525,1.0,1.0797242977625892,,0.2,True,,,,,0.01547,identity,gaussian,,,,,,,,
noise,0.05626,False,0.3722060621853708,3.4047261744692547,1.3261783389388264,1.0,5.353800629193097,,0.2,,,,student_t,8.0,,,,,,,,,,,
gaussian,,,0.0087160489047307,0.0392300236040933,1.104003239746263,1.0,1.0928072000908675,,0.3,False,,,,,0.66999,diagonal,rank_gauss,,,,,,,,
noise,0.0148,True,0.0,0.0281463582780742,0.3227111528496524,1.0,1.0629598125491104,,0.2,,,,student_t,5.0,,,,,,,,,,,
gaussian,,,0.0623289969558856,0.2592345206139385,1.0817749712129023,1.0,1.065317870141289,,0.2,False,,,,,0.76109,diagonal,gaussian,,,,,,,,
noise,0.02528,False,0.3115994830071384,1.4451243483978684,1.0673212452073222,1.0,2.685000875942315,,0.2,,,,normal,0.0,,,,,,,,,,,
gaussian,,,0.0089397542253897,0.0393832669514761,0.8458401972215182,1.0,1.0940278127235818,,0.3,False,,,,,0.41472,identity,rank_gauss,,,,,,,,
gaussian,,,0.011983479345615,0.039219245390054,1.1202975120361405,1.0,1.0927519770620848,,0.3,True,,,,,0.68706,diagonal,rank_gauss,,,,,,,,
noise,0.01776,False,0.2466691169707925,0.9452190479191446,0.8928429651577537,1.0,2.0839980279648023,,0.2,,,,normal,0.0,,,,,,,,,,,
noise,0.12597,True,0.0007681229896971,0.0325669555180162,0.3226694261157275,1.0,1.0713873156777318,,0.2,,,,student_t,5.0,,,,,,,,,,,
gaussian,,,0.0712792532651749,0.3232486943205322,0.4549056799984165,1.0,1.1524291522987975,,0.2,True,,,,,0.1024,identity,gaussian,,,,,,,,
noise,0.03657,False,0.3512907330267071,2.2024990870781087,1.2067342296293853,1.0,3.6246392852106313,,0.2,,,,normal,0.0,,,,,,,,,,,
gaussian,,,0.00799954022566,0.0392828079317153,1.024465904247804,1.0,1.092991190923569,,0.3,False,,,,,0.58867,identity,rank_gauss,,,,,,,,
noise,0.01466,False,0.2126427162264967,0.7423471812552853,0.7899960006959394,1.0,1.8469441871737409,,0.2,,,,normal,0.0,,,,,,,,,,,
noise,0.04429,False,0.3643634715165273,2.6233992624517777,1.2764244726932337,1.0,4.313395873720008,,0.3,,,,student_t,8.0,,,,,,,,,,,
gaussian,,,0.0571504187630483,0.2603480835160494,0.4913948765684017,1.0,1.0664744321868178,,0.2,False,,,,,0.22493,diagonal,gaussian,,,,,,,,
noise,0.04494,False,0.3561055167707708,2.546201258897351,1.2628695251135855,1.0,4.382726078179293,,0.2,,,,student_t,5.0,,,,,,,,,,,
gaussian,,,0.1979475803574195,0.6634835314763345,1.315200873190748,1.0,1.533284989537449,,0.2,True,,,,,0.93443,identity,gaussian,,,,,,,,
noise,0.00553,True,0.0,0.0281628557258566,0.3225656252968324,1.0,1.0628940803260274,,0.2,,,,student_t,8.0,,,,,,,,,,,
gaussian,,,0.0067341133593343,0.0393462507786079,0.6374781763302431,1.0,1.0934779264053345,,0.3,False,,,,,0.22455,diagonal,rank_gauss,,,,,,,,
noise,0.01815,False,0.2492117613425802,0.9709205654461966,0.9042981862001984,1.0,2.114363172183239,,0.2,,,,normal,0.0,,,,,,,,,,,
gaussian,,,0.0557052353263449,0.2603504011766548,0.4885831327978309,1.0,1.0664790580229646,,0.2,True,,,,,0.22118,diagonal,gaussian,,,,,,,,
noise,0.17176,True,0.0,0.0396928296419025,0.3188469823910826,1.0,1.0792269235295866,,0.2,,,,normal,0.0,,,,,,,,,,,
gaussian,,,0.0111788741648799,0.0391977418499794,1.1592735927107136,1.0,1.0927446515681587,,0.3,False,,,,,0.72794,diagonal,rank_gauss,,,,,,,,
noise,0.47932,True,0.0145838355959608,0.1367575835920009,0.4199135805427847,1.0,1.1826281990321177,,0.2,,,,student_t,4.0,,,,,,,,,,,
gaussian,,,0.061396985426543,0.2600379760633584,0.6384022203883367,1.0,1.0662168822153668,,0.2,False,,,,,0.38476,diagonal,gaussian,,,,,,,,
gaussian,,,0.0111437346332576,0.0388967892388082,1.3474399568798905,1.0,1.091354782730063,,0.3,False,,,,,0.93336,diagonal,rank_gauss,,,,,,,,
noise,0.14618,True,0.0004514504566581,0.0352359180896913,0.3187014256183317,1.0,1.074750531286236,,0.2,,,,normal,0.0,,,,,,,,,,,
gaussian,,,0.0123186352489492,0.0387844124776186,1.398415295265411,1.0,1.0910354788768537,,0.3,False,,,,,0.99056,identity,rank_gauss,,,,,,,,
noise,0.18214,True,0.0007824458083117,0.0418016398795121,0.3190769954804335,1.0,1.0812416931395874,,0.2,,,,normal,0.0,,,,,,,,,,,
gaussian,,,0.0605490543264135,0.259310437383113,1.1607074317433528,1.0,1.064647786165759,,0.2,True,,,,,0.80452,diagonal,gaussian,,,,,,,,
noise,0.01772,True,0.0,0.0281968210060246,0.3221787331268744,1.0,1.0630490069267489,,0.2,,,,normal,0.0,,,,,,,,,,,
gaussian,,,0.0077545093420584,0.0393424130652271,0.6120066110001369,1.0,1.0936370765961871,,0.3,True,,,,,0.2017,identity,rank_gauss,,,,,,,,
noise,0.10329,True,0.0,0.030838560400344,0.3251766228400082,1.0,1.0696561472610502,,0.2,,,,student_t,10.0,,,,,,,,,,,
gaussian,,,0.1968112070372917,0.6605572662540201,1.30662915311935,1.0,1.530936835936763,,0.2,False,,,,,0.92662,identity,gaussian,,,,,,,,
noise,0.38331,True,0.005711938218626,0.0868953755231484,0.3602292101889248,1.0,1.1343340598095109,,0.2,,,,student_t,3.0,,,,,,,,,,,
gaussian,,,0.0116477034886804,0.0390053342820326,1.2923945502276608,1.0,1.091684319479347,,0.3,False,,,,,0.87215,diagonal,rank_gauss,,,,,,,,
noise,0.00663,True,0.0001195083002124,0.0281735578352566,0.3228896243012905,1.0,1.062951805224753,,0.2,,,,student_t,10.0,,,,,,,,,,,
gaussian,,,0.0589004895073845,0.2596418927856742,0.8498230218939449,1.0,1.0657861811298552,,0.2,True,,,,,0.57218,diagonal,gaussian,,,,,,,,
noise,0.06566,False,0.3780235773849014,4.164822902070871,1.3286418873825507,1.0,6.124271296916649,,0.2,,,,normal,0.0,,,,,,,,,,,
gaussian,,,0.0122930200798309,0.0390584896628802,1.263175467157495,1.0,1.0919642002589955,,0.3,True,,,,,0.84006,identity,rank_gauss,,,,,,,,
noise,0.00756,True,0.000102339184135,0.0281818587311904,0.3224994406249574,1.0,1.0629029546655264,,0.2,,,,normal,0.0,,,,,,,,,,,
gaussian,,,0.0540270330975684,0.2604304512369462,0.4193052333913702,1.0,1.0666060030651252,,0.2,True,,,,,0.09137,diagonal,gaussian,,,,,,,,
noise,0.02289,True,0.0,0.0283855929384549,0.3231891785303588,1.0,1.063365274301617,,0.2,,,,student_t,4.0,,,,,,,,,,,
gaussian,,,0.0602019650070176,0.260175045107097,0.5760676967040658,1.0,1.066332234334394,,0.2,False,,,,,0.3227,diagonal,gaussian,,,,,,,,
noise,0.49679,False,0.3809085749369783,33.38643927747852,1.3900207377455975,1.0,44.05181366190429,,0.3,,,,normal,0.0,,,,,,,,,,,
noise,0.01622,False,0.2366628432957125,0.8440999791072571,0.8444400477782024,1.0,1.96519818657432,,0.2,,,,normal,0.0,,,,,,,,,,,
gaussian,,,0.1632288079555134,0.5551238170516737,0.9911908619248038,1.0,1.4306860704186948,,0.2,False,,,,,0.63344,identity,gaussian,,,,,,,,
noise,0.30822,False,0.382472810622908,20.600625885638458,1.3886131352734912,1.0,27.43677068925323,,0.3,,,,normal,0.0,,,,,,,,,,,
gaussian,,,0.0066522301278858,0.0393434036844956,0.6335235914275985,1.0,1.093491222706671,,0.3,False,,,,,0.22107,diagonal,rank_gauss,,,,,,,,
noise,0.2047,False,0.3801436627638732,13.582610970975978,1.3853216977084426,1.0,18.320970408991748,,0.3,,,,normal,0.0,,,,,,,,,,,
gaussian,,,0.1429672546336166,0.5000141663214229,0.831805410458854,1.0,1.3693569375743722,,0.2,False,,,,,0.48477,identity,gaussian,,,,,,,,
noise,0.02483,True,3.794034622217613e-05,0.0282153324552726,0.3219482270723994,1.0,1.063219594306637,,0.2,,,,normal,0.0,,,,,,,,,,,
noise,0.03903,True,0.0,0.0281955638672365,0.3226308093724206,1.0,1.0636338320971634,,0.2,,,,student_t,5.0,,,,,,,,,,,
gaussian,,,0.0636098316960981,0.259219384371664,1.2754727392231842,1.0,1.0647373504175222,,0.2,False,,,,,0.89364,diagonal,gaussian,,,,,,,,
noise,0.01009,True,0.0,0.0281546808532199,0.3227202419640132,1.0,1.0629044783110595,,0.3,,,,student_t,5.0,,,,,,,,,,,
gaussian,,,0.0064879102019503,0.0392982338671941,0.4797757401135349,1.0,1.0948730123527142,,0.3,False,,,,,0.0771,identity,rank_gauss,,,,,,,,
noise,0.00966,True,0.0,0.0281767358401672,0.3226410465773406,1.0,1.0628873787752022,,0.2,,,,student_t,3.0,,,,,,,,,,,
gaussian,,,0.0133152601819727,0.0389933954465298,1.29792988808135,1.0,1.0916311129947869,,0.3,True,,,,,0.87831,identity,rank_gauss,,,,,,,,
noise,0.09395,True,0.0,0.0304563439526881,0.3245293861493017,1.0,1.0686157779774323,,0.2,,,,student_t,4.0,,,,,,,,,,,
gaussian,,,0.0635572002792317,0.2600251486612179,0.6430018930351981,1.0,1.0662078190445288,,0.2,True,,,,,0.38915,diagonal,gaussian,,,,,,,,
noise,0.01796,False,0.2519431827835721,0.9583953571430665,0.8987542799003512,1.0,2.0995569281009234,,0.2,,,,normal,0.0,,,,,,,,,,,
gaussian,,,0.0165422156194585,0.0387975878058242,1.3904576825330466,1.0,1.091042633794478,,0.3,False,,,,,0.98159,diagonal,rank_gauss,,,,,,,,
noise,0.36805,True,0.0046544363106032,0.1007656987558982,0.3692163740295906,1.0,1.1375561445183515,,0.2,,,,student_t,10.0,,,,,,,,,,,
gaussian,,,0.0835072069918742,0.3482219699990674,0.4915791331569814,1.0,1.1841454802948062,,0.2,True,,,,,0.1468,identity,gaussian,,,,,,,,
noise,0.46577,True,0.0164603559071784,0.146170325980831,0.3958228657644619,1.0,1.176119622618918,,0.2,,,,normal,0.0,,,,,,,,,,,
gaussian,,,0.0533099596403647,0.2600886922844568,0.6185362251767234,1.0,1.0662552114336517,,0.2,True,,,,,0.36554,diagonal,gaussian,,,,,,,,
noise,0.26372,False,0.3813197118488055,17.176438626750915,1.3994360957788283,1.0,23.730957179321518,,0.3,,,,student_t,10.0,,,,,,,,,,,
gaussian,,,0.0839461706867518,0.3684636625027646,0.5275003108535282,1.0,1.209611440846571,,0.2,False,,,,,0.18535,identity,gaussian,,,,,,,,
noise,0.04675,False,0.3663329042232724,2.7837729663357447,1.2892909815140945,1.0,4.526263993984015,,0.2,,,,student_t,8.0,,,,,,,,,,,
gaussian,,,0.0081092061423209,0.0393508579262076,0.5795456785832706,1.0,1.0939881561306242,,0.3,True,,,,,0.17232,identity,rank_gauss,,,,,,,,
noise,0.15171,False,0.3805805394678293,8.838072628917407,1.3901082421612434,1.0,13.824955485910294,,0.3,,,,student_t,4.0,,,,,,,,,,,
gaussian,,,0.0566480388723725,0.2603423372674237,0.4966046943282036,1.0,1.0664644478383702,,0.2,False,,,,,0.23175,diagonal,gaussian,,,,,,,,
noise,0.03178,False,0.34378428052285,1.8806878043250517,1.1597597124966752,1.0,3.2222703654838534,,0.2,,,,normal,0.0,,,,,,,,,,,
noise,0.01619,True,0.0,0.0281924472765658,0.322227710696083,1.0,1.0630196586819307,,0.2,,,,normal,0.0,,,,,,,,,,,
gaussian,,,0.1294215107681388,0.4713516710625007,0.7537121537152178,1.0,1.3360297718050052,,0.2,True,,,,,0.41209,identity,gaussian,,,,,,,,
noise,0.01165,True,0.0,0.0281820142963424,0.3223716428081147,1.0,1.0629479209716437,,0.2,,,,normal,0.0,,,,,,,,,,,
gaussian,,,0.0073714625245545,0.0393482321578918,0.648876733783169,1.0,1.0934290335488102,,0.3,False,,,,,0.23454,diagonal,rank_gauss,,,,,,,,
noise,0.01909,True,0.0003399768351959,0.0281998568495046,0.3221346828775489,1.0,1.0630774984973888,,0.2,,,,normal,0.0,,,,,,,,,,,
gaussian,,,0.0736100146572287,0.2593983457183457,0.9749800870019152,1.0,1.065523532131702,,0.2,True,,,,,0.67539,diagonal,gaussian,,,,,,,,
noise,0.33974,True,0.0034252441393892,0.0740562290794323,0.3464491470424131,1.0,1.1196198678571605,,0.2,,,,student_t,3.0,,,,,,,,,,,
gaussian,,,0.1107496788599144,0.4143801049886219,0.6258158144732602,1.0,1.2666967269308584,,0.2,False,,,,,0.28127,identity,gaussian,,,,,,,,
noise,0.11767,False,0.3834233754775492,7.685370644695434,1.3724284619715008,1.0,10.670396017299728,,0.2,,,,normal,0.0,,,,,,,,,,,
gaussian,,,0.0103951286809877,0.0393535015019306,0.9275741657548306,1.0,1.0936136931047735,,0.3,True,,,,,0.49352,diagonal,rank_gauss,,,,,,,,
noise,0.04127,True,0.0,0.028330571076206,0.3214005107773731,1.0,1.06382946074168,,0.2,,,,normal,0.0,,,,,,,,,,,
gaussian,,,0.162502113905812,0.5657272592866169,1.0231396041313088,1.0,1.4420608456006512,,0.3,True,,,,,0.66329,identity,gaussian,,,,,,,,
noise,0.03266,False,0.3323605313420498,1.7797318106220363,1.1714082502862808,1.0,3.3232546834024674,,0.3,,,,student_t,5.0,,,,,,,,,,,
gaussian,,,0.0117312661170364,0.0392817529100207,0.999007202147682,1.0,1.093025400037933,,0.3,False,,,,,0.56328,identity,rank_gauss,,,,,,,,
noise,0.05184,True,0.0001287304618156,0.0284715221597292,0.3210422493860361,1.0,1.0643802347450466,,0.3,,,,normal,0.0,,,,,,,,,,,
noise,0.21242,False,0.3807956575575169,12.48892273074078,1.396525616975856,1.0,19.245944886914,,0.3,,,,student_t,4.0,,,,,,,,,,,
gaussian,,,0.1572432720493939,0.5394957988021497,0.9448671586042336,1.0,1.4136786072928968,,0.2,False,,,,,0.59018,identity,gaussian,,,,,,,,
gaussian,,,0.179788294515036,0.5836714108196701,1.0776764874166471,1.0,1.460845760609806,,0.2,False,,,,,0.71433,identity,gaussian,,,,,,,,
noise,0.19399,False,0.3793698511573198,12.856651681911966,1.3846422682569035,1.0,17.378444076434455,,0.3,,,,normal,0.0,,,,,,,,,,,
gaussian,,,0.0137365180572351,0.0390654199008712,1.2599503542112602,1.0,1.0920067861362877,,0.3,False,,,,,0.83656,identity,rank_gauss,,,,,,,,
noise,0.00883,True,0.0,0.0281700964559047,0.3229415421138243,1.0,1.0629900464131232,,0.2,,,,student_t,10.0,,,,,,,,,,,
gaussian,,,0.0565652229980393,0.2616940792727598,0.4092624481869861,1.0,1.0679304204770368,,0.2,True,,,,,0.00332,identity,gaussian,,,,,,,,
noise,0.0071,False,0.0254594111011631,0.2070285671438405,0.4443000620354639,1.0,1.3032903242127325,,0.2,,,,student_t,3.0,,,,,,,,,,,
gaussian,,,0.0097074374501164,0.0393544568306687,0.9235959822665248,1.0,1.09363731818162,,0.3,False,,,,,0.48969,diagonal,rank_gauss,,,,,,,,
noise,0.01024,False,0.1227126819878444,0.4506605210293444,0.6087566077918543,1.0,1.5352566697024337,,0.3,,,,student_t,10.0,,,,,,,,,,,
gaussian,,,0.1573162146111642,0.5705784861131485,1.0378061542151,1.0,1.447191532089133,,0.2,True,,,,,0.67701,identity,gaussian,,,,,,,,
noise,0.09602,False,0.378695246073146,6.007085080563062,1.3856182455888673,1.0,8.853846689780374,,0.2,,,,student_t,8.0,,,,,,,,,,,
gaussian,,,0.0109347096728823,0.0392082861215175,1.1367335548590929,1.0,1.0927321686878777,,0.3,True,,,,,0.7044,diagonal,rank_gauss,,,,,,,,
noise,0.00692,True,0.0,0.0281825989258236,0.322519273318522,1.0,1.0628976047504974,,0.2,,,,normal,0.0,,,,,,,,,,,
noise,0.01062,True,2.0925110084335508e-05,0.0281810982152683,0.322403996634502,1.0,1.062934841213936,,0.2,,,,normal,0.0,,,,,,,,,,,
gaussian,,,0.0536272206169579,0.2590371023937717,1.1946852288373542,1.0,1.0651199514176184,,0.2,True,,,,,0.85023,diagonal,gaussian,,,,,,,,
noise,0.13535,False,0.3817050879389989,8.882877290709983,1.377198148726829,1.0,12.222385744257638,,0.2,,,,normal,0.0,,,,,,,,,,,
gaussian,,,0.0092091394343013,0.0393766814492324,0.8392282335772439,1.0,1.0940218650883538,,0.3,False,,,,,0.40841,diagonal,rank_gauss,,,,,,,,
noise,0.00739,False,0.0620588114541987,0.2897922741860143,0.468445502037947,1.0,1.340820758515086,,0.3,,,,normal,0.0,,,,,,,,,,,
gaussian,,,0.0663195544971086,0.2595873978454037,0.8852458801664923,1.0,1.0657121043777624,,0.3,False,,,,,0.60178,diagonal,gaussian,,,,,,,,
noise,0.03719,False,0.3525611320389863,2.1884922901672548,1.2119316048115023,1.0,3.705933883013779,,0.2,,,,student_t,10.0,,,,,,,,,,,
gaussian,,,0.0089406809626155,0.039358078548667,0.8929062592968048,1.0,1.0937626105307356,,0.3,False,,,,,0.45998,identity,rank_gauss,,,,,,,,
noise,0.07471,True,0.0001514058254735,0.0290957586125914,0.3244183618765294,1.0,1.0666072983701886,,0.2,,,,student_t,10.0,,,,,,,,,,,
gaussian,,,0.0142009844881781,0.039186973300132,1.1857532806361748,1.0,1.0927788188925651,,0.3,True,,,,,0.75606,identity,rank_gauss,,,,,,,,
noise,0.07517,False,0.3778709991924013,4.807914375653562,1.3435107099858543,1.0,6.951594427942221,,0.2,,,,normal,0.0,,,,,,,,,,,
gaussian,,,0.0672748218713851,0.2591916349438189,1.3924829109731396,1.0,1.0648364945109057,,0.2,True,,,,,0.98388,diagonal,gaussian,,,,,,,,
noise,0.01373,False,0.1917364070530144,0.6660224508336503,0.7572817679034521,1.0,1.7879994537270956,,0.2,,,,student_t,10.0,,,,,,,,,,,
gaussian,,,0.0610438475953259,0.2593109550870384,1.1082434751055803,1.0,1.0646079321303668,,0.2,False,,,,,0.76353,diagonal,gaussian,,,,,,,,
noise,0.1391,True,8.238808116445284e-05,0.034207055144732,0.3187505649215197,1.0,1.0736350500821852,,0.2,,,,normal,0.0,,,,,,,,,,,
gaussian,,,0.0141757394038427,0.0388701153534459,1.356702165459315,1.0,1.091283754391391,,0.3,True,,,,,0.94368,identity,rank_gauss,,,,,,,,
noise,0.04795,False,0.3709807136999074,2.968811358865521,1.2764376765338588,1.0,4.594160888662889,,0.2,,,,normal,0.0,,,,,,,,,,,
gaussian,,,0.0138704047070798,0.038955982159742,1.3209379572321724,1.0,1.091548307487482,,0.3,True,,,,,0.90391,diagonal,rank_gauss,,,,,,,,
noise,0.3139,False,0.3808303254997374,18.5933310729825,1.4001910737599588,1.0,28.317131850753647,,0.3,,,,student_t,4.0,,,,,,,,,,,
gaussian,,,0.0656580674186284,0.2590147949368481,1.204652824227529,1.0,1.0651041887058237,,0.2,True,,,,,0.85804,diagonal,gaussian,,,,,,,,
noise,0.05416,False,0.3714044802918548,3.3878532038458444,1.2999981577735675,1.0,5.1285707387764194,,0.2,,,,normal,0.0,,,,,,,,,,,
gaussian,,,0.008812270940458,0.039351754792559,0.6899301060584954,1.0,1.0934645817577366,,0.3,True,,,,,0.27093,diagonal,rank_gauss,,,,,,,,
noise,0.17435,True,0.0006902135682022,0.0372954905884051,0.3227434168777029,1.0,1.0781747211564905,,0.2,,,,student_t,3.0,,,,,,,,,,,
gaussian,,,0.0578120149312449,0.2598756335495416,0.7085687383832373,1.0,1.066074527000611,,0.2,False,,,,,0.44976,diagonal,gaussian,,,,,,,,
noise,0.01302,False,0.1526066636919875,0.5792275476621039,0.7276001519454353,1.0,1.7279543544729823,,0.2,,,,student_t,5.0,,,,,,,,,,,
gaussian,,,0.1577478002633871,0.5168427152935522,0.8794286531497594,1.0,1.3885404717647851,,0.2,False,,,,,0.52914,identity,gaussian,,,,,,,,
noise,0.03008,False,0.3453440009562997,1.7666120077968297,1.1393032054578855,1.0,3.08062915945212,,0.2,,,,normal,0.0,,,,,,,,,,,
gaussian,,,0.0064284052938946,0.0393471894677697,0.6062549687006685,1.0,1.0936936426599826,,0.3,False,,,,,0.19638,diagonal,rank_gauss,,,,,,,,
noise,0.03961,False,0.3629620601585994,2.4070217797865863,1.2300087919963008,1.0,3.882069612925245,,0.2,,,,normal,0.0,,,,,,,,,,,
gaussian,,,0.0588814064331213,0.2601783428353439,0.5745738403551951,1.0,1.0663345427638131,,0.3,True,,,,,0.32114,diagonal,gaussian,,,,,,,,
noise,0.0234,False,0.2847361149729953,1.206123812815996,1.034174061410272,1.0,2.5463433196577703,,0.2,,,,student_t,5.0,,,,,,,,,,,
gaussian,,,0.0603084194444381,0.2603691104107165,0.4739838187148621,1.0,1.066505103694746,,0.2,False,,,,,0.2008,diagonal,gaussian,,,,,,,,
noise,0.0062,False,0.0290409139617138,0.1970742910455392,0.4229481627970087,1.0,1.2697342165423584,,0.2,,,,student_t,4.0,,,,,,,,,,,
noise,0.04555,False,0.3637821341603761,2.8070109623993145,1.2651216835033603,1.0,4.388476942349646,,0.3,,,,normal,0.0,,,,,,,,,,,
gaussian,,,0.0598576399477815,0.2595424854918907,0.9079668571320544,1.0,1.0656605938336576,,0.2,False,,,,,0.62059,diagonal,gaussian,,,,,,,,
noise,0.25265,False,0.3820506206291349,16.44322276828305,1.3990195871165578,1.0,22.746945843235643,,0.3,,,,student_t,10.0,,,,,,,,,,,
gaussian,,,0.0600412209353169,0.2596081082296614,0.8731307079843423,1.0,1.0657384718857066,,0.2,True,,,,,0.5917,diagonal,gaussian,,,,,,,,
noise,0.01906,True,0.0,0.028199797229519,0.3221356494182318,1.0,1.0630768522096552,,0.2,,,,normal,0.0,,,,,,,,,,,
gaussian,,,0.0093252081944306,0.0393590803675991,0.7540893174963306,1.0,1.0935111465470535,,0.5,True,,,,,0.32948,diagonal,rank_gauss,,,,,,,,
gaussian,,,0.0133151089515098,0.0389030313453687,1.3432622339349476,1.0,1.0913816130728753,,0.5,False,,,,,0.92868,identity,rank_gauss,,,,,,,,
noise,0.05393,False,0.3615280344461907,2.9682048725493875,1.3048005564236378,1.0,5.14743509990257,,0.4,,,,student_t,4.0,,,,,,,,,,,
gaussian,,,0.069668764558003,0.2590481312020604,1.18980113892575,1.0,1.0651285373046109,,0.3,True,,,,,0.8464,diagonal,gaussian,,,,,,,,
noise,0.17012,True,2.2812651075954093e-06,0.0387976622722561,0.3239021213256343,1.0,1.078454318558824,,0.4,,,,student_t,5.0,,,,,,,,,,,
gaussian,,,0.0086874762996884,0.039295607053441,0.9739763603553918,1.0,1.093071964486723,,0.4,True,,,,,0.53854,identity,rank_gauss,,,,,,,,
noise,0.04202,True,0.0,0.0281163529611896,0.3214275188561266,1.0,1.0639114538361014,,0.4,,,,student_t,8.0,,,,,,,,,,,
gaussian,,,0.0113916044964377,0.039227982597382,1.1102732054765665,1.0,1.0927919255163652,,0.4,True,,,,,0.67658,identity,rank_gauss,,,,,,,,
noise,0.16667,True,0.0004203216486801,0.0387167454198802,0.3187729536650878,1.0,1.0782807190433137,,0.3,,,,normal,0.0,,,,,,,,,,,
gaussian,,,0.0072545251520355,0.0393055618013866,0.9673810179844432,1.0,1.0931453331759722,,0.4,True,,,,,0.53208,identity,rank_gauss,,,,,,,,
noise,0.01831,True,0.0,0.0281664675370246,0.3231610313654783,1.0,1.0632159873568592,,0.3,,,,student_t,10.0,,,,,,,,,,,
gaussian,,,0.1586274496165799,0.5383138187665063,0.9414075313387064,1.0,1.4123831092399743,,0.3,False,,,,,0.58695,identity,gaussian,,,,,,,,
noise,0.0224,True,0.0,0.0283800949120056,0.3231799144327641,1.0,1.063348530221592,,0.4,,,,student_t,4.0,,,,,,,,,,,
gaussian,,,0.0921920372324954,0.3607711225124356,0.5132434680420045,1.0,1.199955639845515,,0.3,False,,,,,0.17043,identity,gaussian,,,,,,,,
noise,0.02191,True,0.0001457803730717,0.0281134917186058,0.3220630112311982,1.0,1.0631679731843884,,0.4,,,,student_t,8.0,,,,,,,,,,,
gaussian,,,0.1677649077440296,0.5853037287689549,1.0826371263069563,1.0,1.4625141697480697,,0.3,False,,,,,0.71897,identity,gaussian,,,,,,,,
noise,0.19136,True,0.0,0.0432064838887174,0.3293366615159311,1.0,1.0846221738964237,,0.3,,,,student_t,4.0,,,,,,,,,,,
gaussian,,,0.0616725581237638,0.2595245253032782,0.9179331162800765,1.0,1.0656386278050338,,0.3,True,,,,,0.6288,diagonal,gaussian,,,,,,,,
noise,0.27554,False,0.3829802394423481,18.384934666644693,1.3879772593390307,1.0,24.55826553946647,,0.4,,,,normal,0.0,,,,,,,,,,,
gaussian,,,0.0083932691704078,0.0393519945385714,0.7414663935762659,1.0,1.0935247048881975,,0.4,False,,,,,0.31779,diagonal,rank_gauss,,,,,,,,
noise,0.04582,True,0.0002077801297112,0.0283218344569785,0.3223106580512254,1.0,1.0638222878008403,,0.3,,,,student_t,3.0,,,,,,,,,,,
gaussian,,,0.122887216925615,0.4453565658699919,0.6864615277878839,1.0,1.3050496867859935,,0.3,True,,,,,0.34924,identity,gaussian,,,,,,,,
noise,0.20811,False,0.3826167066589129,13.813757900760924,1.3855166168675332,1.0,18.62109922410057,,0.4,,,,normal,0.0,,,,,,,,,,,
gaussian,,,0.0519251015295545,0.2603898442959684,0.437753386893476,1.0,1.0665666525002593,,0.3,True,,,,,0.13916,diagonal,gaussian,,,,,,,,
noise,0.00912,True,0.0,0.0282594655931876,0.3229200964450971,1.0,1.062996646451356,,0.3,,,,student_t,4.0,,,,,,,,,,,
gaussian,,,0.0542731070810603,0.2595303877883506,0.9143122624270604,1.0,1.0656464292242576,,0.3,False,,,,,0.62582,diagonal,gaussian,,,,,,,,
noise,0.01552,True,0.0,0.0283156306739218,0.3230475096135027,1.0,1.0631416841537935,,0.4,,,,student_t,4.0,,,,,,,,,,,
gaussian,,,0.135453964658491,0.4896995477012202,0.8032214462586688,1.0,1.3574481199349724,,0.3,True,,,,,0.45817,identity,gaussian,,,,,,,,
noise,0.00582,False,0.0296066550845045,0.1798175226180449,0.4077160463955129,1.0,1.2487961860747867,,0.3,,,,student_t,4.0,,,,,,,,,,,
gaussian,,,0.0725143703916434,0.3151274084376782,0.4449845910957304,1.0,1.142007090460875,,0.3,True,,,,,0.08867,identity,gaussian,,,,,,,,
noise,0.28204,True,0.0027526523626351,0.068962526370306,0.3288136173427988,1.0,1.106302999967543,,0.3,,,,normal,0.0,,,,,,,,,,,
gaussian,,,0.0084852631647922,0.0393401192905923,0.6266125892490085,1.0,1.0935309025350433,,0.4,True,,,,,0.2148,identity,rank_gauss,,,,,,,,
noise,0.01003,False,0.116003741777356,0.4380168617670398,0.5991202157076727,1.0,1.5207052138698982,,0.3,,,,student_t,10.0,,,,,,,,,,,
gaussian,,,0.005565331962523,0.0392997063090667,0.4597464394622975,1.0,1.0951979103552782,,0.4,True,,,,,0.05779,diagonal,rank_gauss,,,,,,,,
noise,0.0388,False,0.3615276993572967,2.352509792001828,1.224216631236676,1.0,3.8133464562160766,,0.3,,,,normal,0.0,,,,,,,,,,,
gaussian,,,0.19658389389559,0.6682173813903041,1.3290845196550316,1.0,1.5370466382629402,,0.3,True,,,,,0.94705,identity,gaussian,,,,,,,,
noise,0.10189,True,6.29320381972942e-05,0.0304373186734425,0.3224787693758627,1.0,1.0684105524642813,,0.3,,,,student_t,5.0,,,,,,,,,,,
gaussian,,,0.0077554608234897,0.0393468421544881,0.6593540173367559,1.0,1.0933700819712082,,0.3,True,,,,,0.24369,diagonal,rank_gauss,,,,,,,,
noise,0.16491,True,0.0005319527632497,0.0383899882012786,0.3187529977074054,1.0,1.0779598970294135,,0.3,,,,normal,0.0,,,,,,,,,,,
gaussian,,,0.0080818605686707,0.0393721842353698,0.8711532626972638,1.0,1.0939095025274532,,0.3,True,,,,,0.43886,identity,rank_gauss,,,,,,,,
noise,0.02467,False,0.2728418476343183,1.226815646827372,1.0566996902187178,1.0,2.6407991214318054,,0.2,,,,student_t,4.0,,,,,,,,,,,
gaussian,,,0.0115018889281004,0.0390945309843095,1.2508469099032875,1.0,1.09218327500488,,0.3,False,,,,,0.82661,diagonal,rank_gauss,,,,,,,,
noise,0.00989,False,0.1044378943480388,0.4296118264580263,0.5926627364291311,1.0,1.5110530642988935,,0.3,,,,student_t,10.0,,,,,,,,,,,
gaussian,,,0.1993593624785147,0.6867861038559193,1.383856669554565,1.0,1.5513748091005437,,0.3,True,,,,,0.99641,identity,gaussian,,,,,,,,
noise,0.06919,False,0.377447065099882,4.403478709065912,1.334809794155814,1.0,6.431012745043985,,0.2,,,,normal,0.0,,,,,,,,,,,
gaussian,,,0.064700027085509,0.2591985947607403,1.3995974812389158,1.0,1.0648434339028228,,0.3,True,,,,,0.98934,diagonal,gaussian,,,,,,,,
noise,0.15742,False,0.3817183894755201,10.3782337184285,1.3810286984896485,1.0,14.16177640068076,,0.3,,,,normal,0.0,,,,,,,,,,,
gaussian,,,0.0554409212344425,0.2600016948768936,0.6516961260076181,1.0,1.0661908807664446,,0.3,True,,,,,0.39739,diagonal,gaussian,,,,,,,,
noise,0.01187,True,0.0,0.0281658250247981,0.3230126576770206,1.0,1.0630516881393983,,0.3,,,,student_t,10.0,,,,,,,,,,,
gaussian,,,0.0073958141057949,0.0393276741505624,0.5212244901827275,1.0,1.0945428850444274,,0.3,True,,,,,0.11679,identity,rank_gauss,,,,,,,,
noise,0.00647,False,0.036433248471964,0.2176699411359221,0.4313595257778624,1.0,1.2859024333799698,,0.2,,,,student_t,5.0,,,,,,,,,,,
gaussian,,,0.1329443721777692,0.4541343480614743,0.7087943537569112,1.0,1.3156092449078904,,0.3,True,,,,,0.37017,identity,gaussian,,,,,,,,
noise,0.00834,True,0.0,0.0281569928011567,0.3227229625324522,1.0,1.0628901993862032,,0.3,,,,student_t,5.0,,,,,,,,,,,
noise,0.08584,False,0.3824030583061592,5.340204741770575,1.3773821109591131,1.0,7.954133237553246,,0.3,,,,student_t,8.0,,,,,,,,,,,
gaussian,,,0.0142759562398411,0.0388162947747083,1.3820283734060408,1.0,1.0910820828100136,,0.3,False,,,,,0.97211,identity,rank_gauss,,,,,,,,
noise,0.02998,True,0.0,0.0281899877283948,0.3224648080611759,1.0,1.0632416436215024,,0.3,,,,student_t,3.0,,,,,,,,,,,
gaussian,,,0.0124668933702078,0.0388337500070112,1.3758516995330947,1.0,1.0911488147553174,,0.3,True,,,,,0.96516,identity,rank_gauss,,,,,,,,
noise,0.29751,True,0.0032090293296533,0.0700507505830912,0.3404718661024148,1.0,1.1098283262545472,,0.2,,,,student_t,5.0,,,,,,,,,,,
gaussian,,,0.0154917691987209,0.0388514915934551,1.3650775642007165,1.0,1.0912125501802,,0.3,True,,,,,0.95305,diagonal,rank_gauss,,,,,,,,
gaussian,,,0.0092003428509257,0.0392805566232152,0.9965570446728832,1.0,1.093026003139409,,0.3,False,,,,,0.56087,diagonal,rank_gauss,,,,,,,,
gaussian,,,0.0071932712852627,0.0392859705734837,0.4355781883264935,1.0,1.0954117169353892,,0.3,False,,,,,0.03273,diagonal,rank_gauss,,,,,,,,
noise,0.22562,False,0.3805876527116064,11.88724225989964,1.3996338938655128,1.0,20.134935477144406,,0.5,,,,student_t,3.0,,,,,,,,,,,
gaussian,,,0.0122885850273743,0.0388076124432628,1.3864625255596676,1.0,1.091064513793606,,0.5,True,,,,,0.97711,identity,rank_gauss,,,,,,,,
noise,0.27979,True,0.0021056376685777,0.0646587190304053,0.3366164958836827,1.0,1.1045438135929786,,0.3,,,,student_t,5.0,,,,,,,,,,,
gaussian,,,0.155853672580788,0.5213746628036315,0.8924075407358434,1.0,1.3936360755522663,,0.4,False,,,,,0.54124,identity,gaussian,,,,,,,,
noise,0.01247,True,0.0,0.02815023386768,0.3227159656385636,1.0,1.0629293585096324,,0.3,,,,student_t,5.0,,,,,,,,,,,
gaussian,,,0.0149062689197009,0.0391589646802523,1.2071740616744455,1.0,1.0926195430690235,,0.4,True,,,,,0.77909,identity,rank_gauss,,,,,,,,
noise,0.13774,False,0.3837539291340613,8.741450851886748,1.4026943490271937,1.0,12.552030490859126,,0.4,,,,student_t,8.0,,,,,,,,,,,
gaussian,,,0.1717509814130597,0.5825055376141756,1.0741267069904217,1.0,1.4596480444178646,,0.3,False,,,,,0.71101,identity,gaussian,,,,,,,,
gaussian,,,0.0991983464493349,0.3868751784870746,0.5643971033918977,1.0,1.232625821013616,,0.3,True,,,,,0.22242,identity,gaussian,,,,,,,,
noise,0.04694,True,0.0,0.0283926314085579,0.3212085659517641,1.0,1.0641094835006466,,0.4,,,,normal,0.0,,,,,,,,,,,
gaussian,,,0.056364728360262,0.2597615129174544,0.7692034451312861,1.0,1.0659443658744283,,0.4,True,,,,,0.50334,diagonal,gaussian,,,,,,,,
noise,0.23747,False,0.3811160519743994,15.803976580067058,1.3868381804126413,1.0,21.20574093362468,,0.4,,,,normal,0.0,,,,,,,,,,,
gaussian,,,0.0773532788488307,0.3377806568398466,0.47517056595802,1.0,1.1709388437431212,,0.4,False,,,,,0.12783,identity,gaussian,,,,,,,,
noise,0.01267,False,0.1043851693319432,0.4618267524396609,0.6920754336998315,1.0,1.6628912837683525,,0.5,,,,student_t,3.0,,,,,,,,,,,
gaussian,,,0.0067458878840628,0.0392970052482596,0.4683899237463399,1.0,1.0950582886301146,,0.4,True,,,,,0.0662,identity,rank_gauss,,,,,,,,
noise,0.01414,False,0.1341539604786017,0.5338437089922048,0.7514042089348677,1.0,1.7681250514893343,,0.3,,,,student_t,3.0,,,,,,,,,,,
gaussian,,,0.1739343557980823,0.5822110557660731,1.0732286010226348,1.0,1.459344487601007,,0.3,False,,,,,0.71017,identity,gaussian,,,,,,,,
noise,0.03096,False,0.3304459495219386,1.7797212494997166,1.1498264698922351,1.0,3.1777491604337547,,0.3,,,,student_t,10.0,,,,,,,,,,,
gaussian,,,0.0636100915678568,0.259241633710848,1.0753967782015368,1.0,1.0653296123263518,,0.3,True,,,,,0.75601,diagonal,gaussian,,,,,,,,
noise,0.05555,False,0.3733382642443708,3.481725414507179,1.3043512671445556,1.0,5.248554836887625,,0.5,,,,normal,0.0,,,,,,,,,,,
gaussian,,,0.125944191517507,0.44866390655573,0.6948268976822273,1.0,1.3090395906369403,,0.4,False,,,,,0.35709,identity,gaussian,,,,,,,,
noise,0.03038,False,0.3290804328682888,1.7188337999407803,1.1560515910640463,1.0,3.124927913188036,,0.4,,,,student_t,8.0,,,,,,,,,,,
gaussian,,,0.1711402615590513,0.5409631123005403,0.9491721258545864,1.0,1.4152857757508597,,0.3,False,,,,,0.5942,identity,gaussian,,,,,,,,
noise,0.11392,True,9.872377982800272e-05,0.0314395299927479,0.3191617247544768,1.0,1.0701080070910285,,0.3,,,,normal,0.0,,,,,,,,,,,
gaussian,,,0.007446478463817,0.0393262660978684,0.5126447124580605,1.0,1.0946016424955978,,0.4,True,,,,,0.10853,diagonal,rank_gauss,,,,,,,,
noise,0.01859,False,0.2639081715155964,0.9999532402782252,0.9168707308222284,1.0,2.148749821649653,,0.3,,,,normal,0.0,,,,,,,,,,,
gaussian,,,0.0108353250118393,0.0392253665590558,1.1144927773233229,1.0,1.0927757282720294,,0.4,False,,,,,0.68104,diagonal,rank_gauss,,,,,,,,
noise,0.23236,False,0.3831165626999309,15.457574566115118,1.3866434709297808,1.0,20.755829282262912,,0.3,,,,normal,0.0,,,,,,,,,,,
noise,0.03121,False,0.3125753806722622,1.613413140169201,1.1548420588798385,1.0,3.1867944364463803,,0.3,,,,student_t,4.0,,,,,,,,,,,
gaussian,,,0.0049622207049582,0.0392850226021452,0.435327918644986,1.0,1.0954105602812845,,0.4,False,,,,,0.03246,identity,rank_gauss,,,,,,,,
noise,0.03264,True,0.0005077972616075,0.0280995887176513,0.3217253646397781,1.0,1.0635088587452275,,0.4,,,,student_t,8.0,,,,,,,,,,,
gaussian,,,0.1671157469216113,0.5695870351335703,1.034804274585429,1.0,1.4461458612287883,,0.4,False,,,,,0.6742,identity,gaussian,,,,,,,,
noise,0.08375,True,0.0,0.0294532768925051,0.319987906020633,1.0,1.0667939666018782,,0.3,,,,normal,0.0,,,,,,,,,,,
gaussian,,,0.0526195922908228,0.2617237406210348,0.4092636092883406,1.0,1.0679800609315904,,0.3,False,,,,,0.00337,identity,gaussian,,,,,,,,
noise,0.36995,False,0.3820890015595414,24.78604798845969,1.3893414191954565,1.0,32.87503565409454,,0.3,,,,normal,0.0,,,,,,,,,,,
gaussian,,,0.0046367918787872,0.0393471377503954,0.6590936511090323,1.0,1.0933718768078362,,0.4,True,,,,,0.24346,identity,rank_gauss,,,,,,,,
noise,0.00543,False,0.0232142060510078,0.1626425783108047,0.3930152063428748,1.0,1.228037080269417,,0.3,,,,student_t,4.0,,,,,,,,,,,
gaussian,,,0.0584270791166638,0.2603467011801303,0.4930168300479814,1.0,1.0664714834071265,,0.3,False,,,,,0.22707,diagonal,gaussian,,,,,,,,
noise,0.05532,False,0.3516845825294458,2.7055938709557106,1.310085189819249,1.0,5.171176748707419,,0.3,,,,student_t,3.0,,,,,,,,,,,
gaussian,,,0.1755305286395081,0.6386225784021322,1.2421599795028475,1.0,1.512636697287451,,0.3,True,,,,,0.86747,identity,gaussian,,,,,,,,
noise,0.13281,False,0.3818636588629422,8.418261245072005,1.4014819388063673,1.0,12.114416202599852,,0.3,,,,student_t,8.0,,,,,,,,,,,
gaussian,,,0.0103290660084296,0.0392819581208884,1.008124662761705,1.0,1.0930024003229366,,0.3,False,,,,,0.57228,diagonal,rank_gauss,,,,,,,,
gaussian,,,0.0082368438788872,0.0393509410981676,0.7455306514144134,1.0,1.0935085732600864,,0.3,False,,,,,0.3216,diagonal,rank_gauss,,,,,,,,
noise,0.01545,False,0.1448170393524596,0.599067082195615,0.8003101731377007,1.0,1.8643194105783365,,0.3,,,,student_t,3.0,,,,,,,,,,,
gaussian,,,0.0109926941793535,0.0392268304647756,1.095795018724888,1.0,1.0927875264452531,,0.4,False,,,,,0.66148,identity,rank_gauss,,,,,,,,
noise,0.05031,True,0.0,0.0284456641914446,0.321094193336336,1.0,1.064292832601335,,0.3,,,,normal,0.0,,,,,,,,,,,
gaussian,,,0.1409943074141572,0.482123389706418,0.7825763008300737,1.0,1.3486450502970952,,0.3,False,,,,,0.43896,identity,gaussian,,,,,,,,
noise,0.02195,False,0.2837662821856471,1.1746110159764724,1.0099867757780552,1.0,2.426882033646586,,0.3,,,,student_t,8.0,,,,,,,,,,,
gaussian,,,0.1272376853658163,0.4637487462620778,0.7336970967521022,1.0,1.3270559918263027,,0.3,True,,,,,0.39343,identity,gaussian,,,,,,,,
noise,0.08761,False,0.3788623904649092,4.986582524287089,1.3643261581388073,1.0,8.11852003636588,,0.3,,,,student_t,4.0,,,,,,,,,,,
noise,0.01233,True,0.0002206866384037,0.0281657413163921,0.323023356709133,1.0,1.0630619047591363,,0.3,,,,student_t,10.0,,,,,,,,,,,
gaussian,,,0.015544456562925,0.0387970418899968,1.3911023322160443,1.0,1.0910409370111505,,0.3,False,,,,,0.98232,diagonal,rank_gauss,,,,,,,,
noise,0.01387,True,0.0,0.0281879108816929,0.3223015281228326,1.0,1.0629801311456395,,0.3,,,,normal,0.0,,,,,,,,,,,
gaussian,,,0.0659457351920383,0.2593127430518284,1.156758074141733,1.0,1.0646445848247716,,0.3,True,,,,,0.80144,diagonal,gaussian,,,,,,,,
noise,0.41188,False,0.380709123566832,26.72528432517705,1.4172874648317608,1.0,36.94756639761886,,0.4,,,,student_t,8.0,,,,,,,,,,,
gaussian,,,0.0090909322990314,0.0393701964667635,0.7973828449827938,1.0,1.0937928476218068,,0.3,True,,,,,0.36912,identity,rank_gauss,,,,,,,,
noise,0.03777,False,0.343104750278647,2.098239496490496,1.2178196987297352,1.0,3.761309161815471,,0.3,,,,student_t,5.0,,,,,,,,,,,
noise,0.00506,True,0.0,0.0281848600580104,0.3225766545336935,1.0,1.062884647102601,,0.3,,,,normal,0.0,,,,,,,,,,,
gaussian,,,0.0666545319023359,0.2600279167405048,0.6420255521912491,1.0,1.0662097786417108,,0.3,False,,,,,0.38822,diagonal,gaussian,,,,,,,,
noise,0.00735,False,0.0599288390851632,0.2875024503424674,0.4665696720939074,1.0,1.3383609304313266,,0.2,,,,normal,0.0,,,,,,,,,,,
gaussian,,,0.07097466241164,0.2589352493194672,1.2399522064368669,1.0,1.0650529319288655,,0.3,False,,,,,0.8856,diagonal,gaussian,,,,,,,,
noise,0.00804,True,0.0,0.0281814738202179,0.3224845365223833,1.0,1.0629072665952704,,0.2,,,,normal,0.0,,,,,,,,,,,
gaussian,,,0.1127222070821135,0.4292621342584161,0.6617897147216215,1.0,1.284979362259692,,0.3,True,,,,,0.31485,identity,gaussian,,,,,,,,
noise,0.00815,True,0.0,0.0281524020334174,0.3224865252794983,1.0,1.062917869047102,,0.2,,,,student_t,8.0,,,,,,,,,,,
gaussian,,,0.0049607644216593,0.0393500638031611,0.6029763883725394,1.0,1.093744982478776,,0.3,False,,,,,0.1934,diagonal,rank_gauss,,,,,,,,
noise,0.13666,True,0.0,0.033545287423779,0.3192171344757468,1.0,1.0733901406656874,,0.2,,,,student_t,8.0,,,,,,,,,,,
gaussian,,,0.0696302743852071,0.2592751425709396,1.047477564625532,1.0,1.065381490784904,,0.3,False,,,,,0.73373,diagonal,gaussian,,,,,,,,
noise,0.21602,True,9.682558237755769e-05,0.0496269514851615,0.3206920692873787,1.0,1.0886039962555414,,0.3,,,,normal,0.0,,,,,,,,,,,
gaussian,,,0.008023053757027,0.0392969029172295,0.4826670786621765,1.0,1.0948136211061583,,0.3,False,,,,,0.07982,diagonal,rank_gauss,,,,,,,,
noise,0.00606,True,0.0,0.0281839482905973,0.3225458521982811,1.0,1.0628911344638436,,0.3,,,,normal,0.0,,,,,,,,,,,
noise,0.02638,False,0.2868415673923621,1.327630258329216,1.0866650844559689,1.0,2.782194780637793,,0.3,,,,student_t,4.0,,,,,,,,,,,
gaussian,,,0.0067854543561859,0.0393602486016166,0.5677640647121376,1.0,1.0941845693659231,,0.3,False,,,,,0.16159,identity,rank_gauss,,,,,,,,
noise,0.03887,True,0.0001678989069413,0.0283088781892153,0.3214814346793553,1.0,1.0637216925752588,,0.3,,,,normal,0.0,,,,,,,,,,,
gaussian,,,0.0172376443712923,0.038897433393801,1.347179780209182,1.0,1.0913565461197163,,0.3,False,,,,,0.93307,diagonal,rank_gauss,,,,,,,,
noise,0.0091,True,0.0,0.0281480092181814,0.3224577133668315,1.0,1.062928378489584,,0.3,,,,student_t,8.0,,,,,,,,,,,
gaussian,,,0.0087934630704047,0.0393594545761002,0.5727888620572288,1.0,1.0941123620158568,,0.3,False,,,,,0.16611,identity,rank_gauss,,,,,,,,
noise,0.13656,False,0.3809053803821693,7.927462014124868,1.3870524626505687,1.0,12.473766215123964,,0.3,,,,student_t,4.0,,,,,,,,,,,
gaussian,,,0.0605456518174188,0.2593160794357296,1.1344303676237653,1.0,1.0646274814044427,,0.3,False,,,,,0.78401,diagonal,gaussian,,,,,,,,
noise,0.04589,True,0.0003147432097313,0.0283224906076011,0.3223099464910988,1.0,1.0638254517661074,,0.3,,,,student_t,3.0,,,,,,,,,,,
gaussian,,,0.0161203282532652,0.0389936504319847,1.29771865714735,1.0,1.091633040197503,,0.3,False,,,,,0.87807,diagonal,rank_gauss,,,,,,,,
noise,0.06,False,0.3746495557009569,3.691277652300274,1.3199508343221014,1.0,5.680369294722292,,0.3,,,,student_t,10.0,,,,,,,,,,,
noise,0.13093,True,0.0001503603370884,0.032825325777713,0.3192526347488196,1.0,1.0725385947581247,,0.3,,,,student_t,8.0,,,,,,,,,,,
gaussian,,,0.0138607960847368,0.0391267201845933,1.2328831670504146,1.0,1.0924143407113251,,0.4,True,,,,,0.807,diagonal,rank_gauss,,,,,,,,
noise,0.06759,True,0.0,0.0288325791655861,0.324252637350142,1.0,1.0659864576581728,,0.3,,,,student_t,10.0,,,,,,,,,,,
gaussian,,,0.0083452440729383,0.0393490876101153,0.9130065430289456,1.0,1.093664171001837,,0.3,False,,,,,0.47952,diagonal,rank_gauss,,,,,,,,
noise,0.17212,True,9.16539097181035e-05,0.0397633321718137,0.3188531541736109,1.0,1.0792948844014425,,0.2,,,,normal,0.0,,,,,,,,,,,
gaussian,,,0.1071310092313667,0.3978147191738701,0.5879682818896758,1.0,1.2462120443845504,,0.3,False,,,,,0.24531,identity,gaussian,,,,,,,,
noise,0.0135,False,0.1946691653894197,0.6672497356892488,0.7457118749012897,1.0,1.7606049206437544,,0.3,,,,normal,0.0,,,,,,,,,,,
gaussian,,,0.0075580057213875,0.0393697825793746,0.7978362912277575,1.0,1.0937944203943863,,0.3,True,,,,,0.36954,identity,rank_gauss,,,,,,,,
gaussian,,,0.0494084547940109,0.2597701046624439,0.411636844540734,1.0,1.0645355280053628,,0.3,True,,,,,0.05934,diagonal,gaussian,,,,,,,,
noise,0.45184,True,0.0145338786788046,0.1394620732605108,0.3885744195975135,1.0,1.1699101794024656,,0.2,,,,normal,0.0,,,,,,,,,,,
gaussian,,,0.0097914798821104,0.0392806019830099,1.00381701227078,1.0,1.0930119152263438,,0.3,False,,,,,0.56798,diagonal,rank_gauss,,,,,,,,
noise,0.39272,True,0.0076764227783121,0.1123183387091191,0.3613707023983511,1.0,1.1450999429134647,,0.3,,,,normal,0.0,,,,,,,,,,,
gaussian,,,0.0642199946008823,0.2592374404888287,1.0791501142441056,1.0,1.065322739513737,,0.3,False,,,,,0.759,diagonal,gaussian,,,,,,,,
noise,0.00578,False,0.0255042250513256,0.1780322275223224,0.4061615710628006,1.0,1.2466321454337224,,0.3,,,,student_t,4.0,,,,,,,,,,,
gaussian,,,0.1434122990993515,0.5049265999837143,0.8455879758458371,1.0,1.3749920586955042,,0.2,True,,,,,0.49761,identity,gaussian,,,,,,,,
noise,0.16804,True,0.0,0.0395545356281434,0.3281719831055727,1.0,1.0798201175208633,,0.3,,,,student_t,10.0,,,,,,,,,,,
gaussian,,,0.012682714397016,0.039127197457071,1.2261589995367932,1.0,1.0924462637461765,,0.3,False,,,,,0.79969,diagonal,rank_gauss,,,,,,,,
noise,0.01416,True,0.0,0.028132925701496,0.3223031276686074,1.0,1.0630012446181245,,0.3,,,,student_t,8.0,,,,,,,,,,,
gaussian,,,0.0682496086700384,0.2590369593072285,1.1947490005017998,1.0,1.0651198417998802,,0.3,False,,,,,0.85028,diagonal,gaussian,,,,,,,,
noise,0.1889,True,0.0003661815153764,0.0427242177053711,0.3291192456179547,1.0,1.0840987952005898,,0.2,,,,student_t,4.0,,,,,,,,,,,
gaussian,,,0.0074378117350911,0.0393578761462837,0.5609969886200066,1.0,1.094277774388165,,0.3,False,,,,,0.15533,diagonal,rank_gauss,,,,,,,,
noise,0.17496,False,0.3800418748783532,11.566856054609984,1.3830666157194704,1.0,15.704203928889234,,0.3,,,,normal,0.0,,,,,,,,,,,
gaussian,,,0.1020032965640912,0.4012972736148837,0.5957181403671976,1.0,1.2505280027410512,,0.2,True,,,,,0.25274,identity,gaussian,,,,,,,,
noise,0.42849,True,0.0111316537294252,0.1284727291776542,0.3771044649869134,1.0,1.1598039667618636,,0.3,,,,normal,0.0,,,,,,,,,,,
gaussian,,,0.007311021194065,0.0393286243451442,0.5350006033834739,1.0,1.094426828665605,,0.3,True,,,,,0.13028,diagonal,rank_gauss,,,,,,,,
noise,0.05253,False,0.3681170898356253,3.277816407601593,1.2945135423681422,1.0,4.988023532603981,,0.2,,,,normal,0.0,,,,,,,,,,,
noise,0.03058,True,0.0,0.0281944015178828,0.3224592927887462,1.0,1.0632587253351375,,0.3,,,,student_t,3.0,,,,,,,,,,,
noise,0.2024,True,0.000567564526587,0.0463151639190483,0.3198692546203054,1.0,1.0855009426790416,,0.3,,,,normal,0.0,,,,,,,,,,,
noise,0.04769,False,0.3443571098572394,2.2963810697129783,1.2801061406775056,1.0,4.514234116152898,,0.2,,,,student_t,3.0,,,,,,,,,,,
gaussian,,,0.0176467461544954,0.038920053708654,1.337826183089724,1.0,1.0914418248917197,,0.3,False,,,,,0.92268,identity,rank_gauss,,,,,,,,
noise,0.006,False,0.0180006736035902,0.1625767492026691,0.4004791457882011,1.0,1.2435034324640433,,0.3,,,,student_t,3.0,,,,,,,,,,,
gaussian,,,0.1507945369496555,0.5363955529044823,0.935805748271002,1.0,1.4102777305798495,,0.2,False,,,,,0.58172,identity,gaussian,,,,,,,,
noise,0.12375,False,0.3827675936426273,8.097141069372176,1.3743058512813842,1.0,11.203906954594071,,0.3,,,,normal,0.0,,,,,,,,,,,
gaussian,,,0.1909446575072995,0.6480850096222543,1.2699726193520258,1.0,1.5206712979552763,,0.3,True,,,,,0.89307,identity,gaussian,,,,,,,,
noise,0.05842,False,0.3753363460192346,3.675601476288956,1.3124601822986743,1.0,5.496656159658279,,0.2,,,,normal,0.0,,,,,,,,,,,
gaussian,,,0.0071909875464997,0.0393613410154143,0.5696071276833011,1.0,1.0941612546881472,,0.3,False,,,,,0.16327,identity,rank_gauss,,,,,,,,
noise,0.00662,True,0.0,0.0281830682718167,0.3225285543255065,1.0,1.0628952540799603,,0.3,,,,normal,0.0,,,,,,,,,,,
gaussian,,,0.0154117934531613,0.0389042979207906,1.3427688993989462,1.0,1.091386310135023,,0.3,False,,,,,0.92813,identity,rank_gauss,,,,,,,,
noise,0.0083,False,0.0590690720863807,0.3122722664570395,0.5148634168592288,1.0,1.398252981047284,,0.3,,,,student_t,5.0,,,,,,,,,,,
noise,0.02735,False,0.3127822739507622,1.4500702962589664,1.1035617627050327,1.0,2.874371684576278,,0.3,,,,student_t,5.0,,,,,,,,,,,
gaussian,,,0.0174030661659758,0.0389510379073987,1.328488841103862,1.0,1.0915358390634988,,0.3,False,,,,,0.91232,identity,rank_gauss,,,,,,,,
noise,0.04601,False,0.3649792996501648,2.838016661349218,1.2673998082048024,1.0,4.427856500517641,,0.2,,,,normal,0.0,,,,,,,,,,,
gaussian,,,0.0654230753509973,0.2596476089265875,0.84494917815842,1.0,1.0657955845808638,,0.3,False,,,,,0.56808,diagonal,gaussian,,,,,,,,
gaussian,,,0.0056925340614999,0.0393405267537723,0.6813195719661811,1.0,1.0933602868214811,,0.3,True,,,,,0.26299,diagonal,rank_gauss,,,,,,,,
noise,0.19086,True,0.0,0.0399045015608452,0.3234461078849149,1.0,1.0811982875970436,,0.2,,,,student_t,3.0,,,,,,,,,,,
gaussian,,,0.0104237799763812,0.0393781798915251,0.8660576020370729,1.0,1.0939608949409036,,0.3,True,,,,,0.43394,identity,rank_gauss,,,,,,,,
noise,0.09986,False,0.3777416156714213,5.102130901302636,1.3753522469470916,1.0,9.057007911338436,,0.3,,,,student_t,3.0,,,,,,,,,,,
gaussian,,,0.0615429313677655,0.2592846700805861,1.1927648844031609,1.0,1.0646788534381195,,0.2,False,,,,,0.82948,diagonal,gaussian,,,,,,,,
noise,0.043,False,0.36247140702082,2.6352277820657086,1.2514755219516138,1.0,4.170573594571204,,0.3,,,,normal,0.0,,,,,,,,,,,
gaussian,,,0.0058857926552795,0.0392932834435524,0.441194365163246,1.0,1.0953910569873244,,0.3,True,,,,,0.03869,identity,rank_gauss,,,,,,,,
noise,0.0768,False,0.3805490814858007,4.918175417569676,1.3455555711146454,1.0,7.09366459291479,,0.3,,,,normal,0.0,,,,,,,,,,,
gaussian,,,0.0105963359066659,0.0393377606403642,0.619906535747606,1.0,1.0935685323901008,,0.3,False,,,,,0.20884,identity,rank_gauss,,,,,,,,
noise,0.06133,True,0.0,0.0290886885375283,0.3238794916610115,1.0,1.0655111568971771,,0.3,,,,student_t,4.0,,,,,,,,,,,
gaussian,,,0.0692862664345123,0.2592112772996477,1.4092543808414444,1.0,1.0648526352619023,,0.2,True,,,,,0.99675,diagonal,gaussian,,,,,,,,
noise,0.1331,False,0.3818566791191956,8.730457958348989,1.376696790577329,1.0,12.024783829948174,,0.3,,,,normal,0.0,,,,,,,,,,,
gaussian,,,0.0640473530762268,0.259623243711672,0.8629235924328555,1.0,1.0657597353748554,,0.3,True,,,,,0.58317,diagonal,gaussian,,,,,,,,
noise,0.0051,False,0.0253868205999019,0.1661443081354149,0.3725967132529444,1.0,1.2105885698903958,,0.3,,,,normal,0.0,,,,,,,,,,,
gaussian,,,0.0925689599694477,0.3734470620864845,0.5371190695330396,1.0,1.2158582551952049,,0.2,False,,,,,0.1952,identity,gaussian,,,,,,,,
noise,0.00973,False,0.0652897287279998,0.3228283592505693,0.5622440045396148,1.0,1.4636087423276871,,0.3,,,,student_t,3.0,,,,,,,,,,,
gaussian,,,0.1563681244211071,0.574582257336754,1.0499598626498252,1.0,1.451400503728356,,0.3,False,,,,,0.68839,identity,gaussian,,,,,,,,
noise,0.02683,False,0.3280914957869534,1.5488419696476694,1.093220378667966,1.0,2.8119848751872447,,0.3,,,,normal,0.0,,,,,,,,,,,
gaussian,,,0.0116898946620997,0.0392821247035781,1.025252488684767,1.0,1.0929928367941393,,0.3,True,,,,,0.58945,diagonal,rank_gauss,,,,,,,,
noise,0.05248,True,0.0002572389325374,0.0284829971014028,0.321020523271303,1.0,1.064417565626232,,0.3,,,,normal,0.0,,,,,,,,,,,
gaussian,,,0.0617149070488763,0.2597220224812998,0.7921787652256415,1.0,1.0658964845622436,,0.3,False,,,,,0.5232,diagonal,gaussian,,,,,,,,
noise,0.07305,False,0.3773155920698775,4.553307712517122,1.3456143307445725,1.0,6.824273597654342,,0.3,,,,student_t,10.0,,,,,,,,,,,
gaussian,,,0.0119018303580751,0.039326505341353,0.9533675552498676,1.0,1.0933424424748364,,0.3,True,,,,,0.51845,diagonal,rank_gauss,,,,,,,,
noise,0.29086,False,0.3819673713866303,19.423623947209943,1.388305944086902,1.0,25.907615949398668,,0.3,,,,normal,0.0,,,,,,,,,,,
gaussian,,,0.1962855461308146,0.6853499167232204,1.3795986366732622,1.0,1.550290844304698,,0.3,False,,,,,0.9926,identity,gaussian,,,,,,,,
noise,0.02234,True,0.0003716214791662,0.0281421386221688,0.3226915952575866,1.0,1.0630996988013393,,0.3,,,,student_t,5.0,,,,,,,,,,,
noise,0.05207,False,0.3633427586484581,2.856937156390725,1.2982248956624023,1.0,4.984819935565335,,0.3,,,,student_t,4.0,,,,,,,,,,,
gaussian,,,0.1615586157296331,0.5383577774613819,0.9415360708997644,1.0,1.4124313039652052,,0.3,True,,,,,0.58707,identity,gaussian,,,,,,,,
noise,0.06798,True,0.0,0.0288404571165688,0.3204981327607803,1.0,1.065460324031536,,0.3,,,,normal,0.0,,,,,,,,,,,
noise,0.0563,True,0.0,0.0285565244114105,0.3208909460243314,1.0,1.064649833435228,,0.3,,,,normal,0.0,,,,,,,,,,,
gaussian,,,0.0099072492907511,0.0392726555051546,1.046779645577361,1.0,1.0930277709613798,,0.3,False,,,,,0.6112,diagonal,rank_gauss,,,,,,,,
noise,0.27324,True,0.0025129318736427,0.0660688254581302,0.3272866534248925,1.0,1.1036949730504804,,0.3,,,,normal,0.0,,,,,,,,,,,
gaussian,,,0.009610265806792,0.0392440109023815,1.0703724076722387,1.0,1.0928277614188022,,0.3,False,,,,,0.6353,diagonal,rank_gauss,,,,,,,,
noise,0.04962,False,0.3692816738663615,3.0065587905883917,1.2858252604482612,1.0,4.776402075471877,,0.3,,,,student_t,10.0,,,,,,,,,,,
gaussian,,,0.0079388155039489,0.0393531075443799,0.5980575661315412,1.0,1.0937835165863925,,0.3,True,,,,,0.18889,diagonal,rank_gauss,,,,,,,,
noise,0.07034,True,0.0,0.0287668518521887,0.3220638634626621,1.0,1.0652470792376867,,0.3,,,,student_t,3.0,,,,,,,,,,,
gaussian,,,0.1251804121283409,0.4345765405892593,0.6596626906025933,1.0,1.2919605418237556,,0.3,True,,,,,0.32398,identity,gaussian,,,,,,,,
noise,0.14241,True,8.990626039850902e-05,0.0345771484300238,0.3229666875135478,1.0,1.0737770139575251,,0.3,,,,student_t,5.0,,,,,,,,,,,
gaussian,,,0.0545142277113104,0.2603892110498698,0.4392296219866556,1.0,1.066564083583339,,0.3,True,,,,,0.1422,diagonal,gaussian,,,,,,,,
noise,0.02797,False,0.3228822477802535,1.5840056585032831,1.1101456049347185,1.0,2.9273806918132417,,0.3,,,,student_t,10.0,,,,,,,,,,,
gaussian,,,0.0103053462131539,0.0393538320344974,0.9041625300497118,1.0,1.0937309451546449,,0.3,False,,,,,0.47097,identity,rank_gauss,,,,,,,,
noise,0.02279,False,0.2343934676500679,0.9750931481592112,1.0090748097615467,1.0,2.432058980670576,,0.3,,,,student_t,3.0,,,,,,,,,,,
gaussian,,,0.014317405456058,0.0388275881107095,1.3775073259095494,1.0,1.0911298913936904,,0.3,True,,,,,0.96703,diagonal,rank_gauss,,,,,,,,
noise,0.0915,True,0.0,0.0295227473236697,0.3218900145200359,1.0,1.0669846321780363,,0.3,,,,student_t,3.0,,,,,,,,,,,
gaussian,,,0.0089297315790524,0.0393760438840443,0.8364821160785282,1.0,1.094008887647041,,0.3,True,,,,,0.40576,identity,rank_gauss,,,,,,,,
noise,0.14043,True,0.0001315168481402,0.0343914692255115,0.3187387904109807,1.0,1.0738404680456557,,0.3,,,,normal,0.0,,,,,,,,,,,
gaussian,,,0.1132593214235678,0.3983889748289996,0.5892378719664186,1.0,1.246923883740962,,0.3,False,,,,,0.24653,identity,gaussian,,,,,,,,
noise,0.00753,True,0.0,0.0281742258953999,0.3226623622783204,1.0,1.0628740404850665,,0.3,,,,student_t,3.0,,,,,,,,,,,
gaussian,,,0.1257617401916825,0.4297059371534454,0.6628887651366463,1.0,1.2855227404254377,,0.3,False,,,,,0.31587,identity,gaussian,,,,,,,,
noise,0.37252,True,0.0054309128246119,0.0835968051044002,0.3564994223216044,1.0,1.1305518632687197,,0.3,,,,student_t,3.0,,,,,,,,,,,
noise,0.01248,True,0.0,0.0281657273770006,0.3230268420625219,1.0,1.0630652868001378,,0.3,,,,student_t,10.0,,,,,,,,,,,
gaussian,,,0.0934900141724909,0.3483843388089599,0.4918462736164707,1.0,1.1843504902670812,,0.3,True,,,,,0.1471,identity,gaussian,,,,,,,,
noise,0.48812,True,0.0194754812787265,0.1571725188362793,0.4080389739174433,1.0,1.1863574181731376,,0.3,,,,normal,0.0,,,,,,,,,,,
gaussian,,,0.0598662329416415,0.2595784826773469,0.8900178062093227,1.0,1.0657015004899788,,0.3,True,,,,,0.60574,diagonal,gaussian,,,,,,,,
gaussian,,,0.1813210480634616,0.6024988671631191,1.1349185931428012,1.0,1.4797003505448318,,0.3,False,,,,,0.76784,identity,gaussian,,,,,,,,
noise,0.27957,False,0.3809398708540432,18.658167509726702,1.3880694471404376,1.0,24.91320824420879,,0.3,,,,normal,0.0,,,,,,,,,,,
gaussian,,,0.0111684978781824,0.0393697979060353,0.8237690440214539,1.0,1.0939554640313436,,0.3,False,,,,,0.39374,identity,rank_gauss,,,,,,,,
noise,0.01044,True,0.0001490142608469,0.0281430586427178,0.3224169577240353,1.0,1.0629449066606365,,0.3,,,,student_t,8.0,,,,,,,,,,,
gaussian,,,0.0613074494285499,0.2597740279084323,0.7621960784118357,1.0,1.065959012949636,,0.3,False,,,,,0.49724,diagonal,gaussian,,,,,,,,
noise,0.06863,True,0.0,0.0284757928833155,0.3205964290512087,1.0,1.065583516655486,,0.3,,,,student_t,8.0,,,,,,,,,,,
gaussian,,,0.0137618295096831,0.0388042459368527,1.3879576299278018,1.0,1.091059071450759,,0.4,False,,,,,0.97881,diagonal,rank_gauss,,,,,,,,
noise,0.00749,True,0.0,0.0282436306562544,0.3228869456380811,1.0,1.0629670058061125,,0.3,,,,student_t,4.0,,,,,,,,,,,
noise,0.05006,True,0.0,0.0284414331954714,0.3211026808038448,1.0,1.0642787981238335,,0.3,,,,normal,0.0,,,,,,,,,,,
gaussian,,,0.0066338449883006,0.0392900051848695,0.9784118742507084,1.0,1.0930461015799944,,0.3,False,,,,,0.54292,diagonal,rank_gauss,,,,,,,,
noise,0.01611,True,0.0001010923248365,0.0281276857764605,0.3222430721043521,1.0,1.0630369164014553,,0.3,,,,student_t,8.0,,,,,,,,,,,
gaussian,,,0.0080031156930959,0.0392494370678835,1.065836362403864,1.0,1.0928673603024868,,0.4,False,,,,,0.63063,diagonal,rank_gauss,,,,,,,,
noise,0.02251,False,0.2998562430800478,1.2601105092082567,1.0134475974651709,1.0,2.46031495135419,,0.3,,,,normal,0.0,,,,,,,,,,,
gaussian,,,0.0635668799585447,0.2593158791511413,1.1256295268012826,1.0,1.064621749827706,,0.3,False,,,,,0.77713,diagonal,gaussian,,,,,,,,
gaussian,,,0.0569995886755093,0.2603370424505843,0.4997545950196876,1.0,1.0664584048983066,,0.3,False,,,,,0.2358,diagonal,gaussian,,,,,,,,
noise,0.2934,True,0.0016796987435527,0.0688008030944299,0.3457593445775875,1.0,1.1113787747756851,,0.3,,,,student_t,4.0,,,,,,,,,,,
noise,0.10658,True,0.0,0.031113291235268,0.3252778511608188,1.0,1.0700641126495056,,0.3,,,,student_t,10.0,,,,,,,,,,,
gaussian,,,0.0101548605681411,0.0391869196095179,1.1863084463659408,1.0,1.0927803462657686,,0.3,False,,,,,0.75666,diagonal,rank_gauss,,,,,,,,
gan,,,0.13273772019113672,0.47442630762322474,1.1706407412676572,1.0,0.7369952105051281,,415.3,,,,,,,,,,8.0,1200.0,32.0,32x32,32x16,0.0005,3.0
gan,,,0.145427355036581,0.44638841208686053,1.5362122802737612,1.0,0.6648775865267058,,65.5,,,,,,,,,,4.0,500.0,32.0,32x32,32x16,0.001,1.0
gan,,,0.06225524071121458,0.28993111713057873,1.1110802279792933,1.0,0.7334145513771044,,397.4,,,,,,,,,,32.0,1200.0,32.0,64x64,64x64,0.001,3.0
gan,,,0.009275528136085676,0.17460057044031216,0.40467118438933775,1.0,0.7761337873950758,,282.8,,,,,,,,,,32.0,800.0,128.0,32x64x32,128x64,0.0005,3.0
gan,,,0.04822686801996201,0.3433511150984545,0.8352775470507838,1.0,0.7003540572867841,,158.6,,,,,,,,,,8.0,1200.0,64.0,32x32,64x32,0.0001,1.0
gan,,,0.49732596716148136,0.7765383123664515,3.792380266157061,1.0,0.29506176882671753,,302.7,,,,,,,,,,16.0,1200.0,256.0,64x64,16x8,0.001,2.0
gan,,,0.22706132990299832,0.6051566836094631,1.8949945730047058,1.0,0.826497588511093,,45.0,,,,,,,,,,32.0,300.0,128.0,16x32x16,64x64,0.0003,1.0
gan,,,0.10144735341933253,0.4164320023136492,2.7227872941106632,1.0,0.9139272053241587,,537.7,,,,,,,,,,16.0,1500.0,128.0,64x128x64,64x32,0.001,3.0
gan,,,0.2605392749446843,0.7997511877981195,3.3268921789650316,1.0,1.1403160224585194,,189.8,,,,,,,,,,4.0,800.0,64.0,64x64,16x8,2e-05,2.0
gan,,,1.317433610233567,3.4550896073588966,2.547723877173248,1.0,0.13520868962859395,,113.3,,,,,,,,,,8.0,800.0,32.0,64x128x64,16x8,0.0003,1.0
gan,,,0.34104640340236936,0.8796779068197831,1.897822734763029,1.0,0.8828267505021522,,197.5,,,,,,,,,,16.0,1500.0,32.0,32x32,64x64,0.0003,1.0
gan,,,0.0788408282066092,0.39675577908659554,0.92309527361475,1.0,0.7281935830025493,,115.0,,,,,,,,,,64.0,800.0,256.0,64x64,128x64,0.0001,1.0
gan,,,0.2636554859376317,0.6957330886020783,2.5321970935778886,1.0,0.9035504216010264,,120.7,,,,,,,,,,32.0,500.0,128.0,64x64,64x32,0.001,2.0
gan,,,0.06544475153373586,0.3773501125058174,1.0588812348291534,1.0,1.019939041523703,,393.8,,,,,,,,,,16.0,1200.0,32.0,64x64,64x32,2e-05,3.0
gan,,,0.34897189567299247,0.7487860140913526,2.4296701286661966,1.0,0.295190002653992,,117.9,,,,,,,,,,4.0,800.0,128.0,64x128x64,128x64,0.0003,1.0
gan,,,0.03056452108706398,0.18462446406337424,1.0610344315329217,1.0,0.7703863188804396,,505.6,,,,,,,,,,32.0,1500.0,32.0,32x64x32,64x32,0.001,3.0
gan,,,0.08613458713057298,0.39728649797048254,1.6349324936699077,1.0,0.8108162248280728,,194.7,,,,,,,,,,4.0,800.0,64.0,32x64x32,64x32,0.0001,2.0
gan,,,0.34044423366589494,1.079497662395697,1.0273623933250544,1.0,1.2704908762271596,,41.4,,,,,,,,,,64.0,300.0,64.0,16x32x16,32x16,5e-05,1.0
gan,,,0.5200816712893099,1.2301080408038432,1.9183073484986994,1.0,0.7608447748240561,,121.5,,,,,,,,,,16.0,500.0,64.0,128x128,128x64,0.0003,2.0
gan,,,0.37490456613434464,0.6693003754534392,3.9000421094203843,1.0,0.3399371899036942,,70.1,,,,,,,,,,4.0,500.0,32.0,64x128x64,64x64,0.0005,1.0
gan,,,0.09985953316106921,0.4180810508220735,1.6455848853402517,1.0,0.7645978629406414,,120.7,,,,,,,,,,8.0,800.0,256.0,16x32x16,128x64,5e-05,1.0
gan,,,0.09889435343136888,0.48265155285841876,1.5270644321465283,1.0,0.8602057548558142,,168.9,,,,,,,,,,32.0,1200.0,64.0,16x32x16,64x64,0.0001,1.0
gan,,,0.34731565049060076,0.6389580321474144,2.1219602272056393,1.0,0.48755902991467764,,537.1,,,,,,,,,,64.0,1500.0,128.0,64x128x64,64x32,0.0001,3.0
gan,,,0.3037813024310251,0.6343100806450623,1.5659315840670545,1.0,0.5362680695325851,,165.5,,,,,,,,,,64.0,1200.0,128.0,32x32,32x16,0.0005,1.0
gan,,,0.6389753397758648,1.0585761997888503,3.7553109801032893,1.0,0.4457800996381739,,359.8,,,,,,,,,,4.0,1500.0,64.0,128x128,32x16,0.0005,2.0
gan,,,0.40237715091576554,0.765470923339532,1.1140360215742011,1.0,0.6661247656510902,,101.2,,,,,,,,,,8.0,300.0,32.0,64x64,32x16,0.0003,3.0
gan,,,0.4340350465461544,2.596015174390994,1.4732722307712713,1.0,1.7482254952833252,,206.6,,,,,,,,,,64.0,800.0,256.0,64x64,32x16,2e-05,2.0
gan,,,0.37101614869519417,0.6547796087028992,1.9588233671543105,1.0,0.22743799747325438,,211.7,,,,,,,,,,16.0,1500.0,64.0,64x128x64,32x16,0.0003,1.0
gan,,,0.38918639329012616,1.40637043894693,1.5829084128631425,1.0,1.2903482612921338,,173.1,,,,,,,,,,32.0,500.0,32.0,32x64x32,16x8,5e-05,3.0
gan,,,0.3526242779574826,1.3074893878915428,2.3401026333138795,1.0,1.6639894886777822,,43.3,,,,,,,,,,32.0,300.0,256.0,32x32,32x16,5e-05,1.0
gan,,,0.25453474538131515,0.535722414381903,2.195083750935288,1.0,0.8775185576116448,,398.3,,,,,,,,,,32.0,1200.0,32.0,128x128,64x64,0.0003,3.0
gan,,,0.5532073626891202,0.7910352222825985,1.8835792277554388,1.0,0.35900196306894133,,113.5,,,,,,,,,,16.0,800.0,32.0,64x128x64,128x64,0.0003,1.0
gan,,,0.5090999745469609,0.9246542002692987,2.1988243477999134,1.0,0.4244608856114665,,107.0,,,,,,,,,,16.0,300.0,64.0,64x128x64,64x32,0.0005,3.0
gan,,,0.22659234845968867,0.5114106394704823,1.2071789373477229,1.0,0.7345619265802166,,269.3,,,,,,,,,,64.0,800.0,32.0,128x128,128x64,0.0005,3.0
gan,,,0.9585321875709788,4.458156848642051,3.3087370667436162,1.0,0.4540377202866536,,44.0,,,,,,,,,,8.0,300.0,256.0,128x128,16x8,0.0003,1.0
gan,,,0.7615277359104825,2.335507403623657,3.066944290253359,1.0,0.820187065670275,,43.1,,,,,,,,,,4.0,300.0,32.0,64x128x64,64x32,0.0003,1.0
gan,,,0.06130009253066049,0.3104945229045577,1.2091608528710673,1.0,0.7235787825499551,,533.5,,,,,,,,,,8.0,1500.0,128.0,16x32x16,32x16,0.001,3.0
gan,,,0.3634216734368545,0.7095396707614954,0.9954708736606276,1.0,0.24819274767013635,,112.9,,,,,,,,,,8.0,800.0,256.0,32x32,16x8,0.001,1.0
gan,,,0.042186735329960645,0.2206476309083593,1.3177617180769303,1.0,0.9490182947559784,,270.3,,,,,,,,,,4.0,800.0,64.0,64x64,128x64,2e-05,3.0
gan,,,0.35116904625288153,1.0236423094917197,1.421950853252611,1.0,1.0496660112667726,,108.3,,,,,,,,,,16.0,300.0,256.0,64x64,16x8,5e-05,3.0
gan,,,0.8551304969467114,1.3755095824012975,3.2559471410076535,1.0,0.46050146303355943,,44.7,,,,,,,,,,32.0,300.0,64.0,64x128x64,128x64,0.001,1.0
gan,,,0.24387886973117995,0.9269459565603737,1.0852868170491083,1.0,1.7911000347590025,,78.1,,,,,,,,,,32.0,300.0,256.0,32x32,128x64,5e-05,2.0
gan,,,0.10020576818851534,0.37429944269139326,1.0016078322359572,1.0,0.6452304627948496,,170.8,,,,,,,,,,8.0,500.0,32.0,32x32,32x16,0.0005,3.0
gan,,,0.06833252509247811,0.34698301483188543,1.289330277277118,1.0,0.7451275284465929,,108.4,,,,,,,,,,8.0,800.0,64.0,32x32,128x64,0.0003,1.0
gan,,,0.07352016607186995,0.2795123411227164,1.118083418254755,1.0,0.7403808860929387,,545.1,,,,,,,,,,32.0,1500.0,256.0,64x64,128x64,0.0005,3.0
gan,,,0.23779314823186662,0.889636437472387,1.8316351422508872,1.0,1.658443601028089,,168.6,,,,,,,,,,32.0,1200.0,256.0,32x32,32x16,2e-05,1.0
gan,,,0.4024854853889177,1.7457331829854534,1.908577115770199,1.0,1.4118137214450286,,198.9,,,,,,,,,,32.0,800.0,128.0,16x32x16,16x8,5e-05,2.0
gan,,,0.3768103026025782,0.7783642488248494,1.7750740017455222,1.0,0.4517760096519233,,116.3,,,,,,,,,,4.0,800.0,128.0,16x32x16,16x8,0.0003,1.0
gan,,,0.0846974871853422,0.33753788390567496,1.5109763146307738,1.0,0.6468273960736525,,126.1,,,,,,,,,,32.0,500.0,128.0,64x64,128x64,0.0005,2.0
gan,,,0.3809133404157258,0.927771312302157,2.477455767858783,1.0,0.8017181064784346,,125.1,,,,,,,,,,4.0,500.0,64.0,32x64x32,64x32,0.0003,2.0
gan,,,0.6852680324335275,1.5907071145100442,1.5654286798294683,1.0,0.7263844935041722,,190.5,,,,,,,,,,4.0,800.0,32.0,64x64,16x8,2e-05,2.0
gan,,,0.019386791954020488,0.26626414484577676,0.8776413688981671,1.0,0.8098326788293468,,72.8,,,,,,,,,,32.0,300.0,128.0,32x32,64x32,0.0003,2.0
gan,,,0.15620702945316434,0.5628011573291758,0.846836104128441,1.0,1.4174788775162879,,108.3,,,,,,,,,,32.0,300.0,256.0,32x32,64x64,0.0001,3.0
gan,,,0.17992277312017857,0.5455770345666842,3.7211258222967545,1.0,0.5343495858989151,,313.1,,,,,,,,,,32.0,1200.0,256.0,64x128x64,64x32,0.001,2.0
gan,,,0.031841671372403346,0.2779944061205388,1.4592565337297818,1.0,0.9849293319150781,,406.5,,,,,,,,,,8.0,1200.0,32.0,16x32x16,64x64,5e-05,3.0
gan,,,0.1893586146925637,0.6343185484101376,1.4672795258311173,1.0,1.1472250082104414,,71.3,,,,,,,,,,8.0,300.0,32.0,32x32,64x32,0.0001,2.0
gan,,,0.06108353535039612,0.2721312168888112,0.9421974797854114,1.0,0.740704748747995,,432.9,,,,,,,,,,32.0,1200.0,128.0,32x64x32,64x32,0.0003,3.0
gan,,,0.15921666011866287,0.48096567612280633,1.7809931290757446,1.0,0.8379306325324498,,431.5,,,,,,,,,,16.0,1200.0,256.0,64x64,32x16,0.0005,3.0
gan,,,0.3253691507359872,0.9751186386204875,1.8188711950495882,1.0,1.1386322954245893,,73.6,,,,,,,,,,32.0,300.0,64.0,32x64x32,64x32,2e-05,2.0
gan,,,0.6944771036996555,0.979021076518918,4.046433920782927,1.0,0.3262139580312783,,166.1,,,,,,,,,,16.0,500.0,32.0,128x128,16x8,0.001,3.0
gan,,,0.05751535840780375,0.3291373970696366,1.1114345741249398,1.0,0.9801059617380312,,122.9,,,,,,,,,,64.0,500.0,64.0,32x64x32,64x64,5e-05,2.0
gan,,,0.4321024682405664,0.7402317372574705,2.565202104286909,1.0,0.29196179729380006,,228.1,,,,,,,,,,4.0,1500.0,256.0,64x128x64,32x16,0.0003,1.0
gan,,,0.063143499066313,0.2867095959143334,1.4468967479621315,1.0,0.874847058533866,,396.0,,,,,,,,,,32.0,1500.0,256.0,16x32x16,128x64,0.0001,2.0
gan,,,0.11279185131916214,0.43994928544988987,0.562728066612948,1.0,0.9120380739408546,,405.2,,,,,,,,,,4.0,1200.0,32.0,128x128,128x64,0.0005,3.0
gan,,,0.2462826722410038,0.7930609409449697,1.1800907346217,1.0,1.1860038070462846,,416.9,,,,,,,,,,8.0,1200.0,128.0,32x32,32x16,2e-05,3.0
gan,,,1.02321376804192,4.338659019356568,2.875073739671299,1.0,0.5148227036570406,,41.7,,,,,,,,,,16.0,300.0,128.0,32x32,16x8,0.0003,1.0
gan,,,0.21921092141779974,0.6324452778857047,1.6126328475962772,1.0,0.6321778804687924,,120.1,,,,,,,,,,8.0,500.0,64.0,64x64,32x16,0.0003,2.0
gan,,,0.2546869350493597,0.6122873947981042,1.2698348066239968,1.0,0.5779124808119462,,172.4,,,,,,,,,,4.0,1200.0,64.0,32x64x32,64x64,0.0001,1.0
gan,,,0.17309692123641418,0.5094392246970456,1.3505253257867562,1.0,0.32549267118594694,,166.3,,,,,,,,,,4.0,1200.0,32.0,64x128x64,64x32,0.0001,1.0
gan,,,0.23569626828207407,0.7097582479162028,1.8471662043164059,1.0,1.0209533313473436,,112.0,,,,,,,,,,4.0,500.0,32.0,32x32,16x8,2e-05,2.0
gan,,,0.28514467003879085,0.6530039329005266,2.068089938354135,1.0,0.5872315003946047,,278.3,,,,,,,,,,32.0,1200.0,32.0,64x64,32x16,0.0005,2.0
gan,,,0.02125431684565615,0.20516510187713877,1.0851989320512077,1.0,0.8857388886055721,,425.7,,,,,,,,,,4.0,1200.0,128.0,16x32x16,32x16,0.0001,3.0
gan,,,0.046415693454817,0.288648687573779,1.4531036697914717,1.0,0.7530967519564509,,513.6,,,,,,,,,,4.0,1500.0,64.0,128x128,64x64,0.0003,3.0
gan,,,0.4365130201513205,1.4508901517697506,1.8353615555052931,1.0,1.2106479790547802,,266.2,,,,,,,,,,16.0,800.0,32.0,32x32,16x8,5e-05,3.0
gan,,,0.38782498075427807,0.7468117357418983,1.6115973333483775,1.0,0.5511051637414482,,103.1,,,,,,,,,,16.0,300.0,64.0,128x128,64x64,0.0003,3.0
gan,,,0.274353542231655,0.6588377590897383,1.890923932092525,1.0,0.15341905012429818,,515.0,,,,,,,,,,64.0,1500.0,32.0,64x128x64,32x16,0.001,3.0
gan,,,0.613411083529348,1.0211274787474174,2.6072761058728378,1.0,0.7442349233393747,,530.8,,,,,,,,,,4.0,1500.0,128.0,32x64x32,16x8,0.001,3.0
gan,,,0.07400169427104897,0.32277920311606023,2.3189758479910045,1.0,0.7010470886009431,,102.0,,,,,,,,,,4.0,300.0,32.0,32x64x32,64x32,5e-05,3.0
gan,,,0.16909744834117746,0.6012690328057606,1.7550143715842819,1.0,0.8712611025674123,,107.4,,,,,,,,,,8.0,300.0,128.0,16x32x16,128x64,2e-05,3.0
gan,,,0.08739404926602456,0.3916774848338186,1.3584853108486776,1.0,0.6780134574300214,,41.2,,,,,,,,,,32.0,300.0,64.0,64x64,64x64,0.0003,1.0
gan,,,0.46471735464229114,1.208720264876924,1.9375120139256305,1.0,0.9945715393837455,,132.1,,,,,,,,,,16.0,500.0,256.0,64x128x64,64x64,2e-05,2.0
gan,,,0.09111670737805633,0.4356959033060838,1.163146111338796,1.0,0.64490023115178,,75.4,,,,,,,,,,32.0,300.0,128.0,32x64x32,16x8,0.0003,2.0
gan,,,0.0812364597940487,0.3817703809196723,1.2028440516330499,1.0,0.9172967565337518,,165.0,,,,,,,,,,16.0,1200.0,128.0,128x128,128x64,2e-05,1.0
gan,,,0.23172504596152588,0.6465882672874844,1.63044423918947,1.0,0.1515348532514927,,209.0,,,,,,,,,,32.0,1500.0,128.0,64x64,64x32,0.0005,1.0
gan,,,0.6457235554566579,0.9770232494088724,2.4108225973673245,1.0,0.07631151507810703,,202.0,,,,,,,,,,4.0,1500.0,64.0,64x64,16x8,0.001,1.0
gan,,,1.0425385085899912,2.787382214783002,,1.0,0.43624472479212945,,71.4,,,,,,,,,,64.0,300.0,32.0,128x128,16x8,5e-05,2.0
gan,,,0.12045676918329085,0.39511470447743513,0.6385814952271395,1.0,0.8807555219008704,,403.5,,,,,,,,,,64.0,1200.0,32.0,128x128,128x64,0.0005,3.0
gan,,,0.5851045072110275,1.2153315502487878,2.85646180979389,1.0,0.6465937862370896,,44.5,,,,,,,,,,4.0,300.0,128.0,64x128x64,32x16,5e-05,1.0
gan,,,0.12868605500530061,0.3844084669016815,1.2109219216075697,1.0,0.6821668504492996,,406.5,,,,,,,,,,32.0,1200.0,32.0,32x64x32,32x16,0.001,3.0
gan,,,0.1932422658172136,0.5863695073227204,1.3629361591474538,1.0,0.4515049654061323,,75.0,,,,,,,,,,32.0,300.0,128.0,64x128x64,64x32,0.0003,2.0
gan,,,0.3933785502750321,0.6667937730233297,1.9342633312997068,1.0,0.35749470215328033,,196.3,,,,,,,,,,16.0,1500.0,32.0,64x64,128x64,0.0003,1.0
gan,,,0.309683314908915,0.5876667539843397,1.5937162084936942,1.0,0.29739290525045736,,215.4,,,,,,,,,,16.0,1500.0,64.0,64x128x64,64x64,0.0003,1.0
gan,,,0.39810221484288877,0.7151699305132662,3.122767755897724,1.0,0.5220422976603756,,113.4,,,,,,,,,,8.0,800.0,32.0,16x32x16,64x64,0.001,1.0
gan,,,0.34006150345904507,1.6058417497665076,1.5328481669158212,1.0,2.00035709128374,,72.3,,,,,,,,,,64.0,500.0,256.0,32x32,128x64,2e-05,1.0
gan,,,0.30601737073172575,0.6065115184650155,2.139381284891014,1.0,0.1955881951647643,,109.9,,,,,,,,,,4.0,800.0,128.0,64x64,64x64,0.001,1.0
gan,,,0.5044376311966061,2.0018519471765104,2.848873700365104,1.0,1.2258048146290423,,111.4,,,,,,,,,,8.0,300.0,256.0,64x128x64,32x16,5e-05,3.0
gan,,,0.3799298003391773,0.9557510918017915,2.370911881141686,1.0,0.8679218161587959,,77.9,,,,,,,,,,8.0,300.0,256.0,64x128x64,64x64,2e-05,2.0
gan,,,0.1789668545106926,0.6351368841719378,1.7504284701016184,1.0,0.8869872734042887,,41.7,,,,,,,,,,8.0,300.0,128.0,32x32,32x16,0.001,1.0
gan,,,0.07621795885215732,0.42909861498951224,1.556399118277636,1.0,0.8882250910759396,,204.9,,,,,,,,,,64.0,800.0,128.0,32x64x32,32x16,5e-05,2.0
gan,,,0.08542969229226194,0.4357586218009291,1.412155784479438,1.0,1.0837505722119136,,307.3,,,,,,,,,,4.0,1200.0,256.0,64x64,64x32,2e-05,2.0
gan,,,0.25029605014189055,0.9893024566836424,1.9774292115442234,1.0,1.3336578367500347,,176.4,,,,,,,,,,32.0,500.0,64.0,16x32x16,16x8,5e-05,3.0
gan,,,0.2972377559157183,0.6673802474815391,2.0451317955319825,1.0,0.6901480945385394,,167.6,,,,,,,,,,4.0,500.0,64.0,128x128,64x32,0.0005,3.0
